-- --------------------------------------------------------
-- Host:                         localhost
-- Server version:               5.5.59 - MySQL Community Server (GPL)
-- Server OS:                    Win64
-- HeidiSQL Version:             9.3.0.4984
-- --------------------------------------------------------

/*!40101 SET @OLD_CHARACTER_SET_CLIENT=@@CHARACTER_SET_CLIENT */;
/*!40101 SET NAMES utf8mb4 */;
/*!40014 SET @OLD_FOREIGN_KEY_CHECKS=@@FOREIGN_KEY_CHECKS, FOREIGN_KEY_CHECKS=0 */;
/*!40101 SET @OLD_SQL_MODE=@@SQL_MODE, SQL_MODE='NO_AUTO_VALUE_ON_ZERO' */;

-- Dumping database structure for plato_db
CREATE DATABASE IF NOT EXISTS `plato_db` /*!40100 DEFAULT CHARACTER SET utf8 */;
USE `plato_db`;


-- Dumping structure for table plato_db.account_master
CREATE TABLE IF NOT EXISTS `account_master` (
  `account_id` int(10) NOT NULL AUTO_INCREMENT,
  `account_name` varchar(100) NOT NULL,
  `account_head` varchar(100) DEFAULT NULL,
  `account_logo` varchar(200) DEFAULT NULL,
  `background_image` varchar(200) DEFAULT NULL,
  `portfolio_id` int(10) NOT NULL,
  PRIMARY KEY (`account_id`),
  UNIQUE KEY `account_unique_index` (`account_name`),
  KEY `portfolio_fk` (`portfolio_id`),
  CONSTRAINT `portfolio_fk` FOREIGN KEY (`portfolio_id`) REFERENCES `portfolio_master` (`portfolio_id`)
) ENGINE=InnoDB AUTO_INCREMENT=368 DEFAULT CHARSET=utf8 COMMENT='contains information of account';

-- Dumping data for table plato_db.account_master: ~50 rows (approximately)
DELETE FROM `account_master`;
/*!40000 ALTER TABLE `account_master` DISABLE KEYS */;
INSERT INTO `account_master` (`account_id`, `account_name`, `account_head`, `account_logo`, `background_image`, `portfolio_id`) VALUES
	(1, 'Honda', 'Anant', NULL, 'bg.png', 5),
	(27, 'Corporate', 'Sougata', 'corp', NULL, 29),
	(28, 'Digital', 'Sougata', 'digital', NULL, 29),
	(29, 'PARIS', 'Sougata', 'paris', NULL, 29),
	(30, 'Corp Systems', 'Sheetal', NULL, NULL, 31),
	(31, 'AOS', 'Sheetal', NULL, NULL, 31),
	(32, 'SAP', 'Sudhakar', NULL, NULL, 31),
	(33, 'ETS', 'Zuber', NULL, NULL, 31),
	(34, 'GBI', 'Deepak', NULL, NULL, 31),
	(35, 'GNCS', 'Stuti', NULL, NULL, 31),
	(41, 'Carrier', 'INS ', NULL, NULL, 32),
	(45, 'UTICA', 'Abhishek Gupta', NULL, NULL, 32),
	(259, 'Bajaj', 'Bajaj', NULL, NULL, 32),
	(264, 'acc', 'annaya', NULL, NULL, 107),
	(266, 'demoAccount', 'rajesh', NULL, NULL, 113),
	(268, 'demoRajeshAccount', 'rajesh', NULL, NULL, 113),
	(269, 'SDFC Account', 'Sohail', NULL, NULL, 116),
	(276, 'BAGIC', 'Mukesh', NULL, NULL, 119),
	(277, 'Eversource', 'Sohail', NULL, NULL, 120),
	(278, 'HBO', 'Sougata', NULL, NULL, 121),
	(279, 'Viacom_Acc', 'Sohail', NULL, NULL, 123),
	(280, 'Tmnas_Account', 'Pavan', NULL, NULL, 124),
	(281, 'CitiBank_Account', 'CitiBank_Account', NULL, NULL, 125),
	(282, 'Training Account', 'Navneet Kumar', NULL, NULL, 127),
	(283, 'Broadridge', 'Srivatsan', NULL, NULL, 128),
	(285, 'UBS', 'Shri', NULL, NULL, 130),
	(288, 'Core apps ', 'xyz', NULL, NULL, 127),
	(294, 'Bimal', 'TestBimal', NULL, NULL, 138),
	(296, 'Oppurtunity', 'Tejaswini', NULL, NULL, 140),
	(298, 'Broad_acc', 'Mounika', NULL, NULL, 141),
	(302, 'Finance_BR', 'Narendra', NULL, NULL, 145),
	(303, 'Unicorn_Account', 'Mounika', NULL, NULL, 146),
	(306, 'Amazon', ' Mr. Amit Agarwal', NULL, NULL, 147),
	(311, 'Life Insurance Account', 'Tejaswini CM', NULL, NULL, 149),
	(314, 'Broad-ridge_10649492', 'Brijesh', NULL, NULL, 152),
	(315, 'Income_Tax_Acc', 'Mounika', NULL, NULL, 153),
	(316, 'BroadridgeAccountShru', 'Brijesh', NULL, NULL, 154),
	(334, 'BroadridgeDemo', 'Srivatsan', NULL, NULL, 160),
	(335, 'myAccount', 'Ram', NULL, NULL, 161),
	(336, 'Tamaghna_Account', 'Tamd', NULL, NULL, 162),
	(337, 'CoxAndKings', 'Sohail', NULL, NULL, 163),
	(338, 'MakeMyTrip', 'Anand', NULL, NULL, 163),
	(341, 'Broadridge_10654201', 'Brijesh', NULL, NULL, 166),
	(353, 'CapitalMarketManagement_S', 'Stephen', NULL, NULL, 128),
	(355, 'Viacom', 'Sougata', NULL, NULL, 121),
	(356, 'Mutual Funds', 'Jayam', NULL, NULL, 187),
	(357, 'Citi', 'Govind Ram', NULL, NULL, 188),
	(358, 'Sample_Account', 'Sohail', NULL, NULL, 190),
	(360, 'test_account', 'harsh', NULL, NULL, 193),
	(367, 'myAcc', 'bruce', NULL, NULL, 215);
/*!40000 ALTER TABLE `account_master` ENABLE KEYS */;


-- Dumping structure for table plato_db.checkpoint_details_template
CREATE TABLE IF NOT EXISTS `checkpoint_details_template` (
  `checkpoint_details_template_id` int(10) NOT NULL AUTO_INCREMENT,
  `order_number` int(10) NOT NULL DEFAULT '0',
  `checkpoint_name` varchar(100) DEFAULT NULL,
  `pass_criteria` varchar(100) DEFAULT NULL,
  `fail_criteria` varchar(100) DEFAULT NULL,
  `checkpoint_template_id` int(10) NOT NULL,
  PRIMARY KEY (`checkpoint_details_template_id`),
  UNIQUE KEY `checkpoint_details_template_unique` (`checkpoint_template_id`,`checkpoint_name`),
  CONSTRAINT `checkpoint_template_id_fk` FOREIGN KEY (`checkpoint_template_id`) REFERENCES `checkpoint_template` (`checkpoint_template_id`)
) ENGINE=InnoDB AUTO_INCREMENT=761 DEFAULT CHARSET=utf8 ROW_FORMAT=COMPACT;

-- Dumping data for table plato_db.checkpoint_details_template: ~419 rows (approximately)
DELETE FROM `checkpoint_details_template`;
/*!40000 ALTER TABLE `checkpoint_details_template` DISABLE KEYS */;
INSERT INTO `checkpoint_details_template` (`checkpoint_details_template_id`, `order_number`, `checkpoint_name`, `pass_criteria`, `fail_criteria`, `checkpoint_template_id`) VALUES
	(358, 1, 'Model', 'Model', 'Apple Purchase Test Case Failed', 165),
	(359, 2, 'Carrier', 'Carrier', 'Apple Purchase Test Case Failed', 165),
	(360, 3, 'Finish', 'Finish', 'Apple Purchase Test Case Failed', 165),
	(361, 4, 'Capacity', 'Capacity', 'Apple Purchase Test Case Failed', 165),
	(362, 5, 'User information', 'User information', 'Apple Purchase Test Case Failed', 165),
	(363, 1, 'Support', 'Support', 'Apple Support Test Case Failed', 166),
	(364, 2, 'Product', 'Product', 'Apple Support Test Case Failed', 166),
	(365, 3, 'Support Type', 'Support Type', 'Apple Support Test Case Failed', 166),
	(366, 4, 'Chat initated', 'Chat initated', 'Apple Support Test Case Failed', 166),
	(368, 1, 'Login', 'Login Test Case Passed', 'Login Test Case Failed', 168),
	(369, 2, 'New Quote', 'New Quote Test Case Passed', 'New Quote Test Case Failed', 168),
	(370, 3, 'Account ', 'Account Test Case Passed', 'Account Test Case Failed', 168),
	(371, 4, 'Policy info', 'Policy info Test Case Passed', 'Policy info Test Case Failed', 168),
	(372, 5, 'Building', 'Building Test Case Passed', 'Building Test Case Failed', 168),
	(389, 1, 'Login Successfull', 'loginSuccessfull', 'Login Test Case Failed', 177),
	(390, 2, 'Password Modification', 'passwordModification', 'Login Test Case Failed', 177),
	(391, 1, 'Create Dashboard', 'createDashboard', 'Create Order Test Case Failed', 178),
	(392, 2, 'Main Info Set', 'mainInfoDetailsSet', 'Create Order Test Case Failed', 178),
	(393, 3, 'Linked To Details Set', 'linkedToDetailsSet', 'Create Order Test Case Failed', 178),
	(394, 4, 'Classification Details Set', 'classificationDetailsSet', 'Create Order Test Case Failed', 178),
	(395, 5, 'Deals Classification Set', 'dealsClassificationDetailsSet', 'Create Order Test Case Failed', 178),
	(396, 1, 'Edit Enabled', 'editEnabled', 'Edit Order Test Case Failed', 179),
	(397, 2, 'Rename Field', 'renameField', 'Edit Order Test Case Failed', 179),
	(398, 3, 'Saved Successfully', 'savedSuccessfully', 'Edit Order Test Case Failed', 179),
	(399, 3, 'Login', 'Login Test Case Passed', 'Login Test Case Failed', 180),
	(400, 1, 'New Quote', 'New Quote Test Case Passed', 'Login Test Case Failed', 180),
	(401, 4, 'Account', 'Account Test Case Passed', 'Login Test Case Failed', 180),
	(402, 2, 'Policy info', 'Policy info Test Case Passed', 'Login Test Case Failed', 180),
	(403, 3, 'New Business', 'New Business Test Case Passed', 'New Business Test Case Failed', 181),
	(404, 2, 'Issue Policy', 'Issue Policy Test Case Passed', 'New Business Test Case Failed', 181),
	(405, 1, 'Create Policy Documents', 'Create Policy Documents Test Case Passed', 'New Business Test Case Failed', 181),
	(407, 1, 'Login ', 'Login Test Case Passed', 'Login Test Case Failed', 182),
	(408, 2, 'Policy Search', 'Policy Search Test Case Passed', 'Login Test Case Failed', 182),
	(409, 2, 'Renewal', 'Renewal Test Case Passed', 'Renewal Test Case Failed', 183),
	(410, 1, 'Issuing Renewal Policy', 'Issuing Renewal Policy Test Case Passed', 'Renewal Test Case Failed', 183),
	(411, 1, 'Billing Dashboard', 'Login Test Case Passed', 'Login Test Case Failed', 184),
	(412, 2, 'Billing Admin', 'New Quote Test Case Passed', 'New Quote Test Case Failed', 184),
	(413, 3, 'Account', 'Account Test Case Passed', 'Account Test Case Failed', 184),
	(414, 4, 'Account Settings', 'Policy info Test Case Passed', 'Policy info Test Case Failed', 184),
	(415, 5, 'Account Task', 'New Business Test Case Passed', 'New Business Test Case Failed', 184),
	(416, 6, 'Billing Transactions', 'Issue Policy Test Case Passed', 'Issue Policy Test Case Failed', 184),
	(417, 1, 'Batch Cash Management', 'Create Policy Documents Test Case Passed', 'Create Policy Documents Test Case Failed', 185),
	(418, 2, 'Tasks', 'Login Test Case Passed', 'Login Test Case Failed', 185),
	(419, 3, 'Notifications', 'Policy Search Test Case Passed', 'Policy Search Test Case Failed', 185),
	(420, 4, 'Reports', ' Renewal Test Case Passed', ' Renewal Test Case Failed', 185),
	(421, 5, 'Payment Processing', 'Payment Processing', 'Issuing Renewal Policy Test Case Failed', 186),
	(422, 4, 'Items in Suspense', 'Items in Suspense', 'Issuing Renewal Policy Test Case Failed', 186),
	(423, 1, 'EFT Maintenance', 'EFT Maintenance', 'Issuing Renewal Policy Test Case Failed', 186),
	(424, 3, 'Instalment Schedule', 'Instalment Schedule', 'Issuing Renewal Policy Test Case Failed', 186),
	(425, 2, 'Hold Activity', 'Hold Activity', 'Issuing Renewal Policy Test Case Failed', 186),
	(426, 1, 'Login Successfull', 'loginSuccessfull', 'Viacom Webapp Test Case Failed', 187),
	(427, 2, 'Update Password', 'passwordModification', 'Viacom Webapp Test Case Failed', 187),
	(428, 1, 'Login Successfull', 'loginSuccessfull', 'Viacom Webapp Test Case Failed', 188),
	(429, 2, 'Update Password', 'passwordModification', 'Viacom Webapp Test Case Failed', 188),
	(430, 1, 'Mobile Login Successful', 'mobileLoginSuccessfull', 'Viacom Mobile Test Case Failed', 189),
	(431, 2, 'Update Mobile Password', 'mobilePasswordModification', 'Viacom Mobile Test Case Failed', 189),
	(432, 1, 'Mobile Login Successful', 'mobileLoginSuccessfull', 'Viacom Mobile Test Case Failed', 190),
	(433, 2, 'Update  Mobile Password', 'mobilePasswordModification', 'Viacom Mobile Test Case Failed', 190),
	(441, 1, 'Login', 'loginSuccess', 'Utica Login Test Case Failed', 193),
	(442, 2, 'Select Policy', 'selectPolicy', 'Utica Login Test Case Failed', 193),
	(443, 3, 'Edit Policy', 'editSuccess', 'Utica Login Test Case Failed', 193),
	(444, 4, 'Verify Policy', 'verifyPolicy', 'Utica Login Test Case Failed', 193),
	(445, 1, 'Login', 'loginSuccess', 'Utica Login Test Case Failed', 194),
	(446, 2, 'Select Policy', 'selectPolicy', 'Utica Login Test Case Failed', 194),
	(447, 3, 'Edit Policy', 'editSuccess', 'Utica Login Test Case Failed', 194),
	(448, 4, 'Verify Policy', 'verifyPolicy', 'Utica Login Test Case Failed', 194),
	(449, 1, 'Login', 'loginSuccess', 'Utica Login Test Case Failed', 195),
	(450, 2, 'Select Policy', 'selectPolicy', 'Utica Login Test Case Failed', 195),
	(451, 3, 'Edit Policy', 'editSuccess', 'Utica Login Test Case Failed', 195),
	(452, 4, 'Verify Policy', 'verifyPolicy', 'Utica Login Test Case Failed', 195),
	(453, 1, 'Set Test Case', 'SetTestCase', 'abc', 196),
	(454, 2, 'ClickObject', 'ClickObject', 'agd', 196),
	(455, 3, 'WaitSec', 'WaitSec', 'sds', 196),
	(456, 4, 'ReportResult', 'ReportResult', 'asdasfasf', 196),
	(459, 1, 'isuue policy', 'isuue policy test case passed', 'isuue policy test case failed', 200),
	(463, 1, 'Login', 'Login Test Case Passed.', 'Login Test Case Failed', 203),
	(464, 2, 'Account', 'Account Test Case Passed', 'Account Test Case Failed', 203),
	(465, 3, 'Policy Info', 'Policy info Test Case Passed', 'Policy info Test Case Failed', 203),
	(466, 4, 'Policy Coverage', 'Policy Coverage Test Case Passed', 'Policy Coverage Test Case Failed', 203),
	(467, 5, 'Issue Quote', 'Manuscript End Test Case Passed', 'Manuscript End Test Case Failed', 203),
	(468, 1, 'Login', 'Login Test Case Passed', 'Login Test Case Failed', 204),
	(469, 2, 'Policy Search', 'Search Policy Test Case Passed', 'Search Policy Test Case Failed', 204),
	(470, 3, 'Issue Policy', 'Issue Policy Test Case Passed', 'Issue Policy Test Case Failed', 204),
	(471, 1, 'Login', 'Login Test Case Passed', 'Login Test Case Failed', 205),
	(472, 2, 'Search Policy', 'Policy Search Test Case Passed', 'Policy Search Test Case Failed', 205),
	(473, 3, 'Endorse Policy', 'Endorse Policy Test Case Passed', 'Endorse Policy Test Case Failed', 205),
	(474, 1, 'Login', 'Login Test Case Passed', 'Login Test Case Failed', 206),
	(475, 2, 'Policy Search', 'Policy Search Test Case Passed', 'Policy Search Test Case Failed', 206),
	(476, 3, 'Renew Policy', 'Renew Policy Test Case Passed', 'Renew Policy Test Case Failed', 206),
	(477, 1, 'Login', 'Login Test Case Passed', 'Login Test Case Failed', 207),
	(478, 2, 'Policy Search', 'Policy Search Test Case Passed', 'Policy Search Test Case Failed', 207),
	(479, 3, 'Cancel Policy', 'Cancel Policy Test Case Passed', 'Cancel Policy Test Case Failed', 207),
	(480, 4, 'Reinstate Policy', 'Reinstate Transaction Test Case Passed', 'Reinstate Transaction Test Case Failed', 207),
	(481, 1, '1', '1', '1', 208),
	(482, 2, '2', '2', '2', 208),
	(483, 3, '3', '3', '3', 208),
	(484, 1, '1', '1', '1', 209),
	(485, 2, '2', '2', '2', 209),
	(486, 3, '3', '3', '3', 209),
	(487, 1, '1', '1', '1', 210),
	(488, 1, 'bnkjbkj', 'cghc', 'chgchg', 211),
	(489, 1, 'Dashboard Loaded', 'CarInsuranceDashboard', 'Quote Test Case Failed', 212),
	(490, 2, 'Email Id Set', 'EmailIdSet', 'Quote Test Case Failed', 212),
	(491, 3, 'Vehicle Detials Set', 'VehicleDetialsSet', 'Quote Test Case Failed', 212),
	(492, 4, 'Choose Plan', 'ChoosePlan', 'Quote Test Case Failed', 212),
	(493, 5, 'Quote Generated', 'QuotGenerated', 'Quote Test Case Failed', 212),
	(498, 1, 'chekcpoint1', 'pass', 'fail', 214),
	(499, 2, 'checkpoint2', 'pass', 'fail', 214),
	(500, 1, 'cvbcbdsd', 'cfvcsds', 'fvcdsds', 222),
	(501, 2, 'Dashboard', 'CarInsuranceDashboard', 'Quote Test Case Failed', 223),
	(502, 3, 'Email id set', 'EmailIdSet', 'Quote Test Case Failed', 223),
	(503, 5, 'vehicle details set', 'VehicleDetialsSet', 'Quote Test Case Failed', 223),
	(504, 1, 'Choose Plan', 'ChoosePlan', 'Quote Test Case Failed', 223),
	(505, 4, 'Quote generated', 'QuotGenerated', 'Quote Test Case Failed', 223),
	(510, 1, 'Login', 'Login Test Case Passed', 'Login Test Case Failed', 226),
	(511, 2, 'Profile Login', 'Profile Login Test Case Passed', 'Profile Login Test Case Failed', 226),
	(512, 3, 'Contact Creation', 'Contact Creation Test Case Passed', 'Contact Creation Test Case Failed', 226),
	(513, 4, 'Contact Center', 'Contact Center Test Case Passed', 'Contact Center Test Case Failed', 226),
	(514, 1, 'login', 'login test case passed', 'login test case failed', 227),
	(515, 2, 'fgdg', 'fdgd', 'dfd', 227),
	(517, 1, 'Create Account', 'Create Account Test Case Passed', 'Create Account Test Case Failed', 229),
	(518, 2, 'Contact Creation', 'Contact Creation Test Case Passed', 'Contact Creation Test Case Failed', 229),
	(519, 3, 'Create Opportunity', 'Create Opportunity Test Case Passed', 'Create Opportunity Test Case Failed', 229),
	(520, 1, 'fc', 'fcfv', 'fvcf', 230),
	(521, 2, 'jkj', 'kl', 'njhnj', 230),
	(537, 1, 'Application Invoked', 'AsrLogin', 'EverSource Registration Test Case Failed', 236),
	(538, 2, 'Email ID Confirmed', 'emailConfirmed', 'EverSource Registration Test Case Failed', 236),
	(539, 3, 'T&C Accepted', 'checkboxSelected', 'EverSource Registration Test Case Failed', 236),
	(540, 4, 'Registrartion Successfull', 'reistrationSuccessful', 'EverSource Registration Test Case Failed', 236),
	(541, 1, 'Region Selection', 'stateSelected', 'not stateSelected', 237),
	(542, 2, 'Login Status', 'LoginSuccess', 'not LoginSuccess', 237),
	(543, 1, 'Home profile visible', 'HomeSuccess', 'Not HomeSuccess ', 238),
	(544, 2, 'Occupants tab visibility', 'OccupantsSuccess', 'Not OccupantsSuccess ', 238),
	(552, 1, 'Heating tab visibility', 'HeatingSuccess', 'Not HeatingSuccess', 241),
	(553, 2, 'Water heating tab visibility', 'WaterSuccess', 'Not WaterSuccess', 241),
	(554, 3, 'Cooling tab visibility', 'CoolingSuccess', 'Not CoolingSuccess', 241),
	(560, 1, 'Washing tab visibility', 'WashingSuccess', 'Not WashingSuccess', 244),
	(561, 2, 'Kitchen tab visibility', 'KitchenSuccess', 'Not KitchenSuccess', 244),
	(562, 3, 'Lighting tab visibility', 'LightingSuccess', 'Not LightingSuccess', 244),
	(563, 4, 'Electronics tab visibility', 'ElectronicsSuccess', 'Not ElectronicsSuccess', 244),
	(565, 1, 'Application Invoked', 'AsrLogin', 'EverSource Registration Test Case Failed', 245),
	(566, 2, 'Email ID Confirmed', 'emailConfirmed', 'EverSource Registration Test Case Failed', 245),
	(567, 3, 'Registrartion Successfull', 'reistrationSuccessful', 'EverSource Registration Test Case Failed', 245),
	(568, 4, 'T&C Accepted', 'checkboxSelected', 'EverSource Registration Test Case Failed', 245),
	(569, 1, 'Application Invoked', 'AsrLogin', 'EverSource Registration Test Case Failed', 246),
	(570, 2, 'Email ID Confirmed', 'emailConfirmed', 'EverSource Registration Test Case Failed', 246),
	(571, 3, 'Registrartion Successfull', 'reistrationSuccessful', 'EverSource Registration Test Case Failed', 246),
	(572, 4, 'T&C Accepted', 'checkboxSelected', 'EverSource Registration Test Case Failed', 246),
	(573, 1, 'Application Invoked', 'AsrLogin', 'EverSource Registration Test Case Failed', 247),
	(574, 2, 'Email ID Confirmed', 'emailConfirmed', 'EverSource Registration Test Case Failed', 247),
	(575, 3, 'Registrartion Successfull', 'reistrationSuccessful', 'EverSource Registration Test Case Failed', 247),
	(576, 4, 'T&C Accepted', 'checkboxSelected', 'EverSource Registration Test Case Failed', 247),
	(577, 1, 'Application Invoked', 'AsrLogin', 'EverSource Registration Test Case Failed', 248),
	(578, 2, 'Email ID Confirmed', 'emailConfirmed', 'EverSource Registration Test Case Failed', 248),
	(579, 3, 'Registrartion Successfull', 'reistrationSuccessful', 'EverSource Registration Test Case Failed', 248),
	(580, 4, 'T&C Accepted', 'checkboxSelected', 'EverSource Registration Test Case Failed', 248),
	(581, 1, 'Homepage Visible', 'pass', 'not homeSelected', 249),
	(582, 2, 'Mission Page Visible', 'pass', 'not missionSelected', 249),
	(583, 1, 'Modelpage visible', 'pass', 'not modelSelected', 250),
	(584, 2, 'SustainableProduce page', 'pass', 'not sustainableSelected', 250),
	(585, 1, 'Application Invoked', 'pass', 'not pass', 251),
	(586, 2, 'Email ID Confirmed', 'pass', 'not pass', 251),
	(587, 3, 'T&C Accepted', 'pass', 'not pass', 251),
	(588, 4, 'Registration Successful', 'pass', 'not pass', 251),
	(589, 1, 'Application Invoked', 'pass', 'not pass', 252),
	(590, 2, 'Email ID Confirmed', 'pass', 'not pass', 252),
	(591, 3, 'T&C Accepted', 'pass', 'not pass', 252),
	(592, 4, 'Registration Successful', 'pass', 'not pass', 252),
	(593, 1, 'Application Invoked', 'pass', 'not pass', 253),
	(594, 2, 'Email ID Confirmed', 'pass', 'not pass', 253),
	(595, 3, 'T&C Accepted', 'pass', 'not pass', 253),
	(596, 4, 'Registration Successful', 'pass', 'not pass', 253),
	(597, 1, 'Application Invoked', 'pass', 'fail', 254),
	(598, 2, 'Email ID Confirmed', 'pass', 'fail', 254),
	(599, 3, 'T&C Accepted', 'pass', 'fail', 254),
	(600, 4, 'Registration Successful', 'pass', 'fail', 254),
	(601, 1, 'login', 'login pass', 'login fail', 255),
	(602, 1, 'sd', 'ds', 'df', 256),
	(603, 1, 'HomePage Displayed', 'pass', 'fail', 257),
	(604, 2, 'Click on Banking Tab', 'pass', 'fail', 257),
	(605, 1, 'Select State', 'pass', 'fail', 258),
	(606, 2, 'Click Continue', 'pass', 'fail', 258),
	(607, 1, 'Select Account', 'pass', 'fail', 259),
	(608, 2, 'Enter Details', 'pass', 'fail', 259),
	(609, 3, 'Agree T&C', 'pass', 'fail', 259),
	(620, 1, 'LogoutVerification', 'successfull', 'fail', 265),
	(621, 1, 'verifyLogin', 'passed', 'failed', 266),
	(622, 1, 'ValidLogin', 'success mesaage should display', 'success mesaage should not be displayed ', 267),
	(623, 1, 'script', 'pdf file should be generated', 'pdf file not generated', 268),
	(624, 1, 'ValidLogin', 'Success', 'Fail', 271),
	(625, 1, 'script1', 'Login Success', 'Login Failed', 272),
	(626, 1, 'scrit_test1', 'logon pass', 'logon fail', 273),
	(629, 1, 'Income_Checkpoint', 'Income tax details added successfully', 'Income tax details not added', 277),
	(631, 1, 'Verify Username', 'Valid Username', 'Invalid Username', 279),
	(632, 2, 'Verify Password', 'Valid Password', 'Invalid Password', 279),
	(636, 1, 'Login_Validation', 'success', 'fail', 281),
	(640, 1, 'searchProduct', 'Searched the product', 'fail to search product', 286),
	(641, 1, 'Load Credit card page', 'pass_1', 'fail', 287),
	(642, 2, 'Validate Credit card details', 'pass_2', 'fail', 287),
	(643, 3, 'Check Interest rate', 'pass_3', 'fail', 287),
	(644, 1, 'Load Mortgage loan page', 'pass_4', 'fail', 288),
	(645, 2, 'Get Buying Rates', 'pass_5', 'fail', 288),
	(646, 3, 'Rate and payment details', 'pass_6', 'fail', 288),
	(647, 1, 'Load Home Equity page', 'pass_7', 'fail', 289),
	(648, 2, 'home equity line of credit rate', 'pass_8', 'fail', 289),
	(649, 3, 'fixed rate home equity rate', 'pass_9', 'fail', 289),
	(650, 1, 'Load Investing insights rate', 'pass_10', 'fail', 290),
	(651, 2, 'Financial Planning Tools', 'pass_11', 'fail_2', 290),
	(652, 3, 'Financial Education Center', 'pass_12', 'fail_3', 290),
	(666, 3, 'Login', 'LoginSuccess/Success/true', 'fail', 295),
	(667, 2, 'Enter User Credentials', 'setvalue dataparameter:vinodhkannan', 'fail', 295),
	(668, 1, 'Select Service Area', 'stateSelected/Success/true', 'fail', 295),
	(669, 2, 'View Bill', 'WaitSec: Called for 5 seconds.', 'fail', 296),
	(670, 3, 'View Units Consumed', 'KDTStep@5ef6fd7f', 'fail', 296),
	(671, 1, 'Check Amount', 'Execution started for keyword: ClickObject', 'fail', 296),
	(672, 2, 'Home energy Solution', 'Total time taken for execution', 'fail', 297),
	(673, 1, 'Create My Plan', 'keyword: ReportResult', 'fail', 297),
	(674, 3, 'Select Energy Saving Plan', 'FAST Execution Completed!!', 'fail', 297),
	(678, 1, 'Application Invoked', 'pass_1', 'fail', 299),
	(679, 2, 'Email ID Confirmed', 'pass_2', 'fail', 299),
	(680, 3, 'Registrartion Successfull', 'pass_3', 'fail', 299),
	(681, 4, 'T&C Accepted', 'pass_4', 'fail', 299),
	(682, 1, 'Application Invoked', 'pass_5', 'fail', 300),
	(683, 2, 'Email ID Confirmed', 'pass_6', 'fail', 300),
	(684, 3, 'Registrartion Successfull', 'pass_7', 'fail', 300),
	(685, 4, 'T&C Accepted', 'pass_8', 'fail', 300),
	(686, 1, 'Application Invoked', 'pass_9', 'fail', 301),
	(687, 2, 'Email ID Confirmed', 'pass_10', 'fail', 301),
	(688, 3, 'Registrartion Successfull', 'pass_11', 'fail', 301),
	(689, 4, 'T&C Accepted', 'pass_12', 'fail', 301),
	(690, 1, 'Application Invoked', 'pass_13', 'fail', 302),
	(691, 2, 'Email ID Confirmed', 'pass_14', 'fail', 302),
	(692, 3, 'Registrartion Successfull', 'pass_15', 'fail', 302),
	(693, 4, 'T&C Accepted', 'pass_16', 'fail', 302),
	(694, 1, 'def', 'pass_1', '2', 303),
	(695, 2, 'efg', 'pass_2', '4', 303),
	(699, 1, 'Application Invoked', 'Executing for Application: CITI', 'dfsdfa', 307),
	(700, 2, 'Page Loaded', 'InvokeApp : Setting desired capabilities', 'asdfasd', 307),
	(701, 1, 'Validating resource', 'Execution started for keyword: MaximizeApp', 'fail23', 308),
	(702, 2, 'URL Navigation', 'Execution ended for keyword: MaximizeApp', 'faiqwklm', 308),
	(703, 1, 'Form Input', 'Execution started for keyword: SetVariableValue', 'failsds', 309),
	(704, 2, 'Form Submission', 'Execution started for keyword: SetVariableValue', 'failsds', 309),
	(705, 1, 'Validating Email', 'Execution started for keyword: SetVariableValue', 'gdfgds', 310),
	(706, 2, 'Request submission', 'Execution started for keyword: ReportResult', 'dsfsfsd', 310),
	(707, 1, 'Login to BaNCS', 'pass', 'fail', 311),
	(708, 2, 'Add policy holder details', 'pass', 'fail', 311),
	(709, 3, 'Select policy type and plan', 'pass', 'fail', 311),
	(710, 4, 'Save and verify quote', 'pass', 'fail', 311),
	(711, 1, 'Select policy plan and type', 'pass', 'fail', 312),
	(712, 2, 'Add Insured details', 'pass', 'fail', 312),
	(713, 3, 'Add policy duration', 'pass', 'fail', 312),
	(714, 4, 'Calculate premium', 'pass', 'fail', 312),
	(715, 1, 'Verify calculated premium', 'pass', 'fail', 313),
	(716, 2, 'Select mode of payment', 'pass', 'fail', 313),
	(717, 3, 'Enter collection amount', 'pass', 'fail', 313),
	(718, 4, 'Save and post collection', 'pass', 'fail', 313),
	(719, 3, 'Verify quote creation', 'fail', 'pass', 314),
	(720, 4, 'Verify risk added', 'fail', 'pass', 314),
	(721, 2, 'Verify calculated premium', 'fail', 'pass', 314),
	(722, 1, 'Issue policy', 'fail', 'pass', 314),
	(723, 1, 'Open Website', 'pass_1', 'fail', 315),
	(724, 2, 'Assert popup', 'pass_2', 'fail', 315),
	(725, 3, 'verify details', 'pass_3', 'fail', 315),
	(726, 1, 'Get URL', 'pass_4', 'fail', 316),
	(727, 2, 'Get title', 'pass_5', 'fail', 316),
	(728, 3, 'Goto Different url', 'pass_6', 'fail', 316),
	(729, 1, 'Login ', 'Login successful', 'Unable to loging', 317),
	(730, 1, '  Application Invoked', 'pass_1', 'fail', 318),
	(731, 2, '  Email ID Confirmed', 'pass_2', 'fail', 318),
	(732, 3, '  Registrartion Successfull', 'pass_3', 'fail', 318),
	(733, 4, '  T&C Accepted', 'pass_4', 'fail', 318),
	(734, 1, '  Application Invoked', 'pass_5', 'fail', 319),
	(735, 2, '  Email ID Confirmed', 'pass_6', 'fail', 319),
	(736, 3, '  Registrartion Successfull', 'pass_7', 'fail', 319),
	(737, 4, '  T&C Accepted', 'pass_8', 'fail', 319),
	(738, 1, '  Application Invoked', 'pass_9', 'fail', 320),
	(739, 2, '  Email ID Confirmed', 'pass_10', 'fail', 320),
	(740, 3, '  Registrartion Successfull', 'pass_11', 'fail', 320),
	(741, 4, '  T&C Accepted', 'pass_12', 'fail', 320),
	(742, 1, '  Application Invoked', 'pass_13', 'fail', 321),
	(743, 2, '  Email ID Confirmed', 'pass_14', 'fail', 321),
	(744, 3, '  Registrartion Successfull', 'pass_15', 'fail', 321),
	(745, 4, '  T&C Accepted', 'pass_16', 'fail', 321),
	(746, 1, 'yellow1', 'pass', 'fail', 322),
	(747, 2, 'yellow2', 'pass', 'fail', 322),
	(748, 3, 'y3', 'p', 'f', 322),
	(749, 4, 'y4', 'p', 'f', 322),
	(750, 1, 'y5', 'p', 'f', 323),
	(751, 2, 'y6', 'p', 'f', 323),
	(752, 3, 'y7', 'p', 'f', 323),
	(753, 4, 'y8', 'p', 'f', 323),
	(754, 5, 'y9', 'p', 'f', 323),
	(755, 1, 'y10', 'p', 'f', 324),
	(756, 2, 'y11', 'p', 'f', 324),
	(757, 1, 'y12', 'p', 'f', 325),
	(758, 2, 'y13', 'p', 'f', 325),
	(759, 3, 'y14', 'p', 'f', 325),
	(760, 1, 'y15', 'p', 'f', 326);
/*!40000 ALTER TABLE `checkpoint_details_template` ENABLE KEYS */;


-- Dumping structure for table plato_db.checkpoint_template
CREATE TABLE IF NOT EXISTS `checkpoint_template` (
  `checkpoint_template_id` int(10) NOT NULL AUTO_INCREMENT,
  `order_number` int(10) DEFAULT '0',
  `module_name` varchar(100) DEFAULT NULL,
  `project_tool_mapping_id` int(10) DEFAULT NULL,
  PRIMARY KEY (`checkpoint_template_id`),
  UNIQUE KEY `checkpoint_template_unique` (`module_name`,`project_tool_mapping_id`,`order_number`),
  UNIQUE KEY `checkpoint_template_unique_2` (`module_name`,`project_tool_mapping_id`),
  KEY `project_tool_mapping_id_fk` (`project_tool_mapping_id`),
  CONSTRAINT `project_tool_mapping_id_fk` FOREIGN KEY (`project_tool_mapping_id`) REFERENCES `project_tool_mapping` (`tool_project_mapping_id`)
) ENGINE=InnoDB AUTO_INCREMENT=327 DEFAULT CHARSET=utf8 ROW_FORMAT=COMPACT;

-- Dumping data for table plato_db.checkpoint_template: ~104 rows (approximately)
DELETE FROM `checkpoint_template`;
/*!40000 ALTER TABLE `checkpoint_template` DISABLE KEYS */;
INSERT INTO `checkpoint_template` (`checkpoint_template_id`, `order_number`, `module_name`, `project_tool_mapping_id`) VALUES
	(222, 14, 'aa', 217),
	(303, 5, 'abc', 434),
	(296, 2, 'Account Overview', 836),
	(165, 1, 'Apple Purchase', 151),
	(166, 2, 'Apple Support', 151),
	(244, 5, 'Appliances', 427),
	(259, 3, 'Apply For Citigold Account Package', 512),
	(212, 1, 'BajajQuote', 339),
	(184, 5, 'Billing', 217),
	(253, 3, 'Browser_Android', 484),
	(251, 1, 'Browser_Chrome', 484),
	(252, 2, 'Browser_firefox', 484),
	(254, 4, 'Browser_ios', 484),
	(250, 2, 'Business', 477),
	(211, 1, 'cfhvfgjvj', 124),
	(178, 2, 'Create Order', 212),
	(287, 1, 'Credit Card Details', 823),
	(282, 2, 'Dasboard ', 728),
	(193, 1, 'Dashboard', 287),
	(194, 2, 'Dashboard(Chrome)', 287),
	(195, 3, 'Dashboard(Firefox)', 287),
	(255, 1, 'demmo', 499),
	(200, 8, 'demo', 217),
	(256, 2, 'demo1', 499),
	(179, 3, 'Edit Order', 212),
	(182, 3, 'Endorsement', 217),
	(315, 1, 'Fast Execution', 887),
	(208, 1, 'first1', 308),
	(309, 3, 'Form Submission', 855),
	(196, 1, 'genCheck', 268),
	(230, 16, 'harsh', 217),
	(322, 1, 'hello', 834),
	(323, 2, 'hello2', 834),
	(324, 3, 'hello3', 834),
	(325, 4, 'hello4', 834),
	(326, 5, 'hello5', 834),
	(249, 1, 'Home', 477),
	(289, 3, 'Home Equity', 823),
	(257, 1, 'HomePage', 512),
	(307, 1, 'Homepage', 855),
	(277, 1, 'Income_Tax_Module', 661),
	(290, 4, 'Investing Insights', 823),
	(227, 15, 'jcimodule', 217),
	(177, 1, 'Login', 212),
	(262, 1, 'Login', 541),
	(267, 1, 'login', 571),
	(271, 1, 'login', 572),
	(279, 1, 'Login', 614),
	(295, 1, 'Login', 836),
	(189, 6, 'Login(Android)', 212),
	(187, 4, 'Login(Chrome)', 212),
	(188, 5, 'Login(Firefox)', 212),
	(190, 7, 'Login(Iphone)', 212),
	(237, 2, 'Login_Eversource', 427),
	(265, 2, 'Logout', 541),
	(297, 3, 'Manage Cost & Energy', 836),
	(272, 1, 'Module1', 620),
	(288, 2, 'Mortgage Loan Details', 823),
	(181, 2, 'New Business', 217),
	(185, 6, 'Operations', 217),
	(186, 7, 'Payment', 217),
	(238, 3, 'Personal_Details', 427),
	(317, 4, 'Policy Issuance', 836),
	(314, 4, 'Policy Issuance', 872),
	(312, 2, 'Premium Calculation', 872),
	(308, 2, 'Primary details', 855),
	(168, 1, 'Quote', 170),
	(180, 1, 'Quote', 217),
	(223, 1, 'Quote', 376),
	(311, 1, 'Quote Creation', 872),
	(248, 9, 'Registration_Android', 427),
	(318, 1, 'Registration_android', 842),
	(299, 1, 'Registration_Android', 862),
	(245, 6, 'Registration_Chrome', 427),
	(320, 3, 'Registration_chrome', 842),
	(301, 3, 'Registration_Chrome', 862),
	(246, 7, 'Registration_FireFox', 427),
	(321, 4, 'Registration_firefox', 842),
	(302, 4, 'Registration_FireFox', 862),
	(247, 8, 'Registration_ios', 427),
	(319, 2, 'Registration_ios', 842),
	(300, 2, 'Registration_ios', 862),
	(236, 1, 'Registration_Module', 427),
	(183, 4, 'Renewal', 217),
	(229, 2, 'Salesforce', 398),
	(226, 1, 'SDFC_Reg', 398),
	(286, 1, 'searchProduct', 658),
	(209, 2, 'second2', 308),
	(258, 2, 'Select State', 512),
	(268, 1, 'selenium', 573),
	(273, 1, 'selenium', 621),
	(310, 4, 'Subscription', 855),
	(281, 1, 'Tamaghna_Module', 728),
	(203, 9, 'TC01_Quote', 217),
	(204, 10, 'TC02_NewBusiness', 217),
	(205, 11, 'TC03_Endorsement', 217),
	(206, 12, 'TC04_Renewal', 217),
	(207, 13, 'TC05_Cancellation', 217),
	(210, 3, 'third3', 308),
	(241, 4, 'Utilities', 427),
	(313, 3, 'Verify Collection', 872),
	(266, 1, 'verifying', 522),
	(316, 2, 'Website', 887),
	(214, 1, 'xyz', 361);
/*!40000 ALTER TABLE `checkpoint_template` ENABLE KEYS */;


-- Dumping structure for table plato_db.module_build_history
CREATE TABLE IF NOT EXISTS `module_build_history` (
  `module_build_history_id` int(10) NOT NULL AUTO_INCREMENT,
  `jenkins_job_id` int(10) NOT NULL,
  `build_number` int(10) DEFAULT NULL,
  `timestamp` datetime DEFAULT NULL,
  `status_id` int(10) NOT NULL,
  PRIMARY KEY (`module_build_history_id`),
  KEY `status_id_fk` (`status_id`),
  KEY `jenkins_job_id_fk_2` (`jenkins_job_id`),
  CONSTRAINT `jenkins_job_id_fk_2` FOREIGN KEY (`jenkins_job_id`) REFERENCES `module_job_jenkins_master` (`jenkins_job_id`),
  CONSTRAINT `status_id_fk` FOREIGN KEY (`status_id`) REFERENCES `status_master` (`status_id`)
) ENGINE=InnoDB AUTO_INCREMENT=3882 DEFAULT CHARSET=utf8 COMMENT='build history of plato module. subjob details are in mongodb';

-- Dumping data for table plato_db.module_build_history: ~1,680 rows (approximately)
DELETE FROM `module_build_history`;
/*!40000 ALTER TABLE `module_build_history` DISABLE KEYS */;
INSERT INTO `module_build_history` (`module_build_history_id`, `jenkins_job_id`, `build_number`, `timestamp`, `status_id`) VALUES
	(1446, 578, 1, '2018-04-12 18:55:35', 2),
	(1447, 578, 2, '2018-04-12 19:21:35', 2),
	(1448, 578, 3, '2018-04-12 19:23:54', 2),
	(1449, 578, 4, '2018-04-12 19:31:00', 2),
	(1454, 584, 1, '2018-04-12 19:50:48', 6),
	(1455, 584, 2, '2018-04-12 19:51:53', 2),
	(1458, 587, 1, '2018-04-13 10:43:17', 1),
	(1459, 587, 2, '2018-04-13 10:54:09', 2),
	(1461, 587, 3, '2018-04-13 12:52:26', 1),
	(1465, 593, 1, '2018-04-13 14:23:09', 6),
	(1466, 593, 2, '2018-04-13 14:26:44', 6),
	(1468, 593, 3, '2018-04-13 15:01:47', 6),
	(1469, 584, 3, '2018-04-13 15:07:50', 2),
	(1470, 595, 1, '2018-04-13 15:09:57', 1),
	(1471, 595, 2, '2018-04-13 15:12:21', 6),
	(1472, 595, 2, '2018-04-13 15:12:34', 1),
	(1473, 595, 3, '2018-04-13 15:13:31', 1),
	(1474, 584, 4, '2018-04-13 15:15:03', 2),
	(1475, 584, 5, '2018-04-13 15:18:32', 2),
	(1477, 584, 6, '2018-04-13 15:25:35', 6),
	(1479, 584, 7, '2018-04-13 15:27:07', 2),
	(1480, 584, 8, '2018-04-13 15:32:31', 2),
	(1481, 584, 9, '2018-04-13 15:36:00', 2),
	(1482, 584, 10, '2018-04-13 15:39:30', 2),
	(1484, 584, 11, '2018-04-13 15:44:49', 1),
	(1485, 584, 12, '2018-04-13 15:47:14', 6),
	(1486, 584, 13, '2018-04-13 15:50:35', 6),
	(1488, 584, 14, '2018-04-13 15:55:26', 6),
	(1489, 584, 15, '2018-04-13 15:57:37', 6),
	(1490, 584, 16, '2018-04-13 15:59:11', 6),
	(1491, 584, 17, '2018-04-13 15:59:15', 6),
	(1493, 584, 18, '2018-04-13 16:00:24', 1),
	(1494, 584, 19, '2018-04-13 16:02:11', 2),
	(1495, 584, 20, '2018-04-13 16:10:25', 2),
	(1496, 584, 21, '2018-04-13 16:13:08', 1),
	(1497, 584, 22, '2018-04-13 16:14:24', 1),
	(1500, 593, 4, '2018-04-13 16:39:25', 1),
	(1505, 600, 1, '2018-04-13 17:22:59', 1),
	(1506, 600, 2, '2018-04-13 17:27:44', 1),
	(1507, 593, 5, '2018-04-13 18:00:33', 1),
	(1511, 604, 1, '2018-04-14 11:25:54', 1),
	(1518, 612, 1, '2018-04-14 15:34:35', 1),
	(1524, 615, 1, '2018-04-14 17:29:12', 1),
	(1525, 616, 1, '2018-04-14 17:49:21', 2),
	(1526, 617, 1, '2018-04-16 10:48:30', 2),
	(1527, 617, 2, '2018-04-16 10:51:55', 6),
	(1528, 617, 3, '2018-04-16 10:58:11', 2),
	(1529, 617, 4, '2018-04-16 11:10:03', 6),
	(1530, 617, 5, '2018-04-16 11:15:43', 6),
	(1531, 617, 6, '2018-04-16 11:17:36', 2),
	(1532, 617, 7, '2018-04-16 11:27:58', 2),
	(1533, 615, 2, '2018-04-16 11:31:03', 1),
	(1534, 615, 3, '2018-04-16 11:39:01', 1),
	(1535, 619, 1, '2018-04-16 11:56:10', 2),
	(1536, 619, 2, '2018-04-16 11:59:11', 2),
	(1537, 615, 4, '2018-04-16 12:02:33', 1),
	(1538, 615, 5, '2018-04-16 12:49:21', 1),
	(1539, 612, 2, '2018-04-16 12:51:46', 1),
	(1540, 617, 8, '2018-04-16 12:54:06', 2),
	(1544, 617, 9, '2018-04-16 14:39:30', 2),
	(1545, 617, 10, '2018-04-16 14:43:29', 2),
	(1546, 617, 11, '2018-04-16 16:29:29', 2),
	(1547, 617, 12, '2018-04-16 16:37:19', 2),
	(1548, 617, 13, '2018-04-16 17:13:53', 2),
	(1549, 617, 14, '2018-04-16 17:14:49', 2),
	(1550, 617, 16, '2018-04-16 17:17:50', 2),
	(1551, 617, 17, '2018-04-16 17:19:02', 6),
	(1552, 617, 18, '2018-04-16 17:36:14', 2),
	(1553, 617, 22, '2018-04-16 17:41:27', 6),
	(1554, 617, 24, '2018-04-16 17:49:08', 2),
	(1555, 617, 25, '2018-04-16 17:50:57', 2),
	(1556, 617, 26, '2018-04-16 18:28:49', 2),
	(1557, 617, 27, '2018-04-16 18:58:14', 2),
	(1558, 617, 28, '2018-04-17 11:57:41', 2),
	(1559, 617, 29, '2018-04-17 12:05:42', 2),
	(1560, 617, 33, '2018-04-17 12:31:03', 2),
	(1561, 620, 1, '2018-04-17 12:47:44', 1),
	(1562, 620, 3, '2018-04-17 12:54:19', 1),
	(1563, 617, 35, '2018-04-17 12:59:19', 6),
	(1564, 620, 4, '2018-04-17 13:00:13', 1),
	(1565, 622, 1, '2018-04-17 13:13:01', 6),
	(1566, 622, 2, '2018-04-17 13:19:00', 6),
	(1567, 622, 3, '2018-04-17 14:31:00', 1),
	(1568, 622, 4, '2018-04-17 15:32:58', 6),
	(1569, 622, 5, '2018-04-17 15:50:04', 6),
	(1570, 622, 5, '2018-04-17 15:51:24', 6),
	(1571, 622, 5, '2018-04-17 15:52:53', 6),
	(1572, 622, 5, '2018-04-17 15:53:16', 6),
	(1573, 622, 5, '2018-04-17 15:57:00', 6),
	(1574, 622, 6, '2018-04-17 17:13:33', 1),
	(1575, 622, 8, '2018-04-19 12:29:43', 1),
	(1591, 628, 1, '2018-04-23 18:41:08', 1),
	(1596, 628, 2, '2018-04-24 15:50:23', 6),
	(1597, 628, 3, '2018-04-24 16:03:19', 6),
	(1598, 628, 4, '2018-04-24 16:08:55', 6),
	(1599, 628, 5, '2018-04-24 16:40:22', 6),
	(1600, 628, 6, '2018-04-24 16:50:02', 6),
	(1601, 628, 7, '2018-04-24 16:53:14', 6),
	(1610, 633, 1, '2018-04-25 18:01:30', 2),
	(1611, 635, 1, '2018-04-27 12:19:18', 2),
	(1612, 635, 2, '2018-04-27 12:32:13', 2),
	(1613, 635, 3, '2018-04-27 12:37:36', 2),
	(1623, 653, 1, '2018-05-02 13:38:17', 1),
	(1624, 654, 1, '2018-05-02 15:07:39', 1),
	(1626, 655, 1, '2018-05-02 15:18:21', 1),
	(1627, 655, 2, '2018-05-02 15:50:24', 1),
	(1628, 654, 2, '2018-05-02 15:52:58', 1),
	(1629, 654, 3, '2018-05-02 15:54:09', 1),
	(1636, 728, 1, '2018-05-08 15:54:09', 2),
	(1637, 727, 1, '2018-05-08 16:17:50', 1),
	(1677, 733, 1, '2018-05-10 18:16:40', 1),
	(1821, 798, 1, '2018-07-18 15:36:52', 2),
	(1822, 798, 2, '2018-07-18 16:33:31', 2),
	(1823, 798, 3, '2018-07-19 16:09:10', 2),
	(1824, 798, 4, '2018-07-19 16:09:49', 2),
	(1825, 798, 5, '2018-07-19 16:10:51', 2),
	(1826, 798, 6, '2018-07-19 16:11:17', 2),
	(1827, 799, 1, '2018-07-20 12:28:26', 2),
	(1828, 799, 2, '2018-07-20 12:46:57', 6),
	(1829, 799, 3, '2018-07-20 12:47:57', 2),
	(1830, 799, 4, '2018-07-20 12:48:58', 2),
	(1831, 799, 5, '2018-07-20 14:47:09', 2),
	(1832, 799, 6, '2018-07-20 14:48:09', 2),
	(1833, 799, 7, '2018-07-20 14:49:09', 2),
	(1834, 799, 8, '2018-07-20 14:50:10', 2),
	(1835, 799, 9, '2018-07-20 14:51:11', 2),
	(1836, 799, 10, '2018-07-20 18:44:48', 2),
	(1837, 799, 11, '2018-07-20 18:52:24', 1),
	(1838, 799, 12, '2018-07-20 19:26:30', 1),
	(1841, 801, 1, '2018-07-20 19:40:22', 1),
	(1844, 799, 13, '2018-07-20 19:48:43', 1),
	(1845, 801, 2, '2018-07-20 19:56:11', 2),
	(1846, 801, 3, '2018-07-20 19:58:48', 1),
	(1847, 801, 4, '2018-07-20 20:05:40', 2),
	(1848, 801, 5, '2018-07-20 20:08:37', 2),
	(1849, 801, 6, '2018-07-20 20:09:39', 2),
	(1850, 801, 7, '2018-07-20 20:13:04', 1),
	(1851, 804, 1, '2018-07-20 20:26:02', 1),
	(1852, 805, 1, '2018-07-20 20:50:59', 2),
	(1853, 805, 2, '2018-07-20 20:53:46', 1),
	(1854, 807, 1, '2018-07-23 12:19:05', 2),
	(1855, 807, 2, '2018-07-23 12:45:30', 2),
	(1856, 808, 1, '2018-07-23 14:09:49', 2),
	(1857, 807, 3, '2018-07-23 18:25:29', 1),
	(1858, 807, 4, '2018-07-23 18:43:29', 1),
	(1859, 807, 5, '2018-07-23 18:45:12', 2),
	(1860, 807, 6, '2018-07-23 19:00:32', 2),
	(1861, 806, 1, '2018-07-23 19:40:16', 2),
	(1870, 806, 2, '2018-07-23 19:54:49', 6),
	(1875, 806, 3, '2018-07-23 20:36:48', 6),
	(1876, 806, 4, '2018-07-23 21:04:18', 6),
	(1877, 806, 5, '2018-07-23 21:22:09', 1),
	(1880, 808, 2, '2018-07-24 11:50:15', 2),
	(1881, 808, 3, '2018-07-24 11:53:52', 2),
	(1882, 808, 4, '2018-07-24 11:55:04', 2),
	(1883, 808, 5, '2018-07-24 11:55:23', 2),
	(1884, 808, 6, '2018-07-24 12:03:51', 1),
	(1885, 808, 7, '2018-07-24 12:19:26', 1),
	(1886, 811, 1, '2018-07-24 12:44:56', 1),
	(1887, 812, 1, '2018-07-24 12:54:44', 6),
	(1896, 814, 1, '2018-07-25 14:36:10', 1),
	(1897, 814, 2, '2018-07-25 16:00:21', 1),
	(1907, 811, 2, '2018-07-26 16:58:36', 1),
	(1908, 811, 3, '2018-07-26 17:04:27', 1),
	(1909, 811, 4, '2018-07-26 17:06:31', 1),
	(1910, 811, 5, '2018-07-26 17:16:33', 1),
	(1911, 811, 6, '2018-07-26 18:18:30', 1),
	(1912, 816, 1, '2018-07-27 13:33:56', 6),
	(1913, 814, 3, '2018-07-27 16:05:56', 1),
	(1914, 816, 2, '2018-07-27 17:30:20', 1),
	(1917, 816, 3, '2018-07-27 18:17:58', 1),
	(1918, 816, 4, '2018-07-27 18:22:21', 1),
	(1920, 817, 22, '2018-07-30 10:52:47', 2),
	(1921, 817, 23, '2018-07-30 11:23:29', 2),
	(1922, 817, 24, '2018-07-30 11:42:11', 1),
	(1923, 817, 25, '2018-07-30 11:44:25', 2),
	(1924, 817, 26, '2018-07-30 11:46:44', 1),
	(1925, 817, 27, '2018-07-30 11:49:20', 6),
	(1926, 817, 27, '2018-07-30 11:52:38', 2),
	(1927, 817, 28, '2018-07-30 11:57:54', 2),
	(1928, 817, 29, '2018-07-30 12:01:30', 1),
	(1929, 817, 30, '2018-07-30 12:29:21', 1),
	(1930, 811, 7, '2018-07-30 13:00:32', 1),
	(1931, 816, 5, '2018-07-30 16:50:01', 6),
	(1932, 816, 6, '2018-07-30 16:55:09', 6),
	(1933, 816, 7, '2018-07-30 16:59:31', 6),
	(1934, 816, 8, '2018-07-30 17:04:56', 1),
	(1935, 818, 1, '2018-07-30 17:07:32', 6),
	(1936, 818, 2, '2018-07-30 17:12:07', 6),
	(1937, 811, 8, '2018-07-30 17:22:32', 1),
	(1938, 811, 9, '2018-07-30 17:24:26', 1),
	(1939, 811, 10, '2018-07-30 17:26:28', 1),
	(1940, 817, 31, '2018-07-30 17:27:28', 1),
	(1941, 818, 3, '2018-07-30 17:31:25', 1),
	(1943, 811, 11, '2018-07-30 17:50:52', 1),
	(1944, 811, 12, '2018-07-30 17:54:43', 2),
	(1950, 819, 1, '2018-07-31 10:13:59', 2),
	(1951, 819, 2, '2018-07-31 10:15:22', 2),
	(1952, 819, 3, '2018-07-31 10:20:47', 2),
	(1953, 818, 4, '2018-07-31 10:26:45', 1),
	(1954, 819, 4, '2018-07-31 10:30:28', 1),
	(1957, 820, 1, '2018-07-31 11:45:48', 2),
	(1958, 820, 2, '2018-07-31 12:08:51', 2),
	(1959, 820, 3, '2018-07-31 12:17:00', 2),
	(1960, 818, 5, '2018-07-31 12:25:15', 6),
	(1961, 818, 6, '2018-07-31 12:29:30', 2),
	(1962, 818, 7, '2018-07-31 12:31:49', 1),
	(1963, 820, 4, '2018-07-31 12:46:24', 2),
	(1964, 811, 13, '2018-07-31 13:31:30', 1),
	(1965, 820, 5, '2018-07-31 13:38:00', 2),
	(1966, 820, 6, '2018-07-31 13:52:00', 2),
	(1967, 811, 14, '2018-07-31 14:17:27', 1),
	(1968, 820, 7, '2018-07-31 14:21:18', 6),
	(1969, 820, 8, '2018-07-31 14:33:55', 2),
	(1970, 820, 9, '2018-07-31 14:48:13', 1),
	(1972, 827, 1, '2018-08-02 11:47:57', 2),
	(1973, 827, 2, '2018-08-02 11:54:04', 2),
	(1974, 827, 3, '2018-08-02 11:56:07', 1),
	(1975, 827, 4, '2018-08-02 12:02:04', 1),
	(1976, 827, 5, '2018-08-02 12:33:48', 1),
	(1977, 827, 6, '2018-08-02 12:37:40', 6),
	(1978, 827, 6, '2018-08-02 12:42:28', 1),
	(1979, 827, 7, '2018-08-02 12:53:39', 1),
	(1980, 827, 8, '2018-08-02 12:57:51', 2),
	(1981, 827, 9, '2018-08-02 13:13:10', 2),
	(1982, 830, 1, '2018-08-02 18:32:40', 1),
	(1983, 832, 1, '2018-08-02 19:40:02', 1),
	(1984, 832, 2, '2018-08-02 19:41:30', 1),
	(1985, 832, 3, '2018-08-08 13:00:49', 1),
	(1986, 832, 4, '2018-08-08 14:23:33', 1),
	(1987, 832, 5, '2018-08-08 14:30:36', 1),
	(1988, 832, 6, '2018-08-08 14:39:20', 1),
	(1989, 832, 7, '2018-08-08 15:18:00', 1),
	(1990, 832, 8, '2018-08-08 16:15:41', 2),
	(1991, 832, 9, '2018-08-10 11:32:32', 1),
	(1992, 832, 10, '2018-08-10 11:34:03', 1),
	(1993, 832, 11, '2018-08-10 11:36:16', 1),
	(1994, 832, 12, '2018-08-10 11:39:06', 1),
	(1995, 832, 13, '2018-08-10 11:42:11', 1),
	(1996, 832, 14, '2018-08-10 11:45:29', 1),
	(1997, 832, 15, '2018-08-10 11:50:44', 1),
	(1998, 832, 16, '2018-08-10 11:57:04', 1),
	(1999, 832, 17, '2018-08-10 12:06:08', 1),
	(2000, 830, 2, '2018-08-10 12:18:25', 2),
	(2001, 832, 18, '2018-08-10 12:23:17', 1),
	(2002, 832, 19, '2018-08-10 14:12:02', 1),
	(2003, 832, 20, '2018-08-10 14:13:40', 1),
	(2004, 832, 21, '2018-08-10 14:19:38', 1),
	(2005, 832, 22, '2018-08-10 15:05:00', 2),
	(2007, 832, 23, '2018-08-10 15:24:23', 1),
	(2009, 832, 24, '2018-08-10 15:41:58', 2),
	(2010, 832, 25, '2018-08-10 15:48:05', 1),
	(2014, 843, 1, '2018-08-10 17:41:42', 1),
	(2019, 843, 2, '2018-08-10 19:55:28', 1),
	(2021, 843, 3, '2018-08-10 20:23:10', 1),
	(2029, 832, 26, '2018-08-13 11:00:45', 6),
	(2030, 832, 27, '2018-08-13 11:10:05', 6),
	(2031, 832, 28, '2018-08-13 11:11:30', 6),
	(2032, 832, 29, '2018-08-13 11:24:30', 6),
	(2033, 832, 30, '2018-08-13 11:25:33', 6),
	(2034, 843, 4, '2018-08-13 12:47:36', 1),
	(2035, 832, 31, '2018-08-13 13:33:31', 2),
	(2036, 832, 32, '2018-08-13 14:07:57', 2),
	(2037, 832, 33, '2018-08-13 14:13:17', 2),
	(2038, 832, 34, '2018-08-13 14:17:51', 2),
	(2039, 832, 35, '2018-08-13 14:18:33', 2),
	(2040, 832, 36, '2018-08-13 14:34:19', 1),
	(2041, 832, 37, '2018-08-13 15:52:55', 2),
	(2042, 832, 38, '2018-08-13 15:58:13', 1),
	(2043, 808, 8, '2018-08-13 17:01:43', 6),
	(2044, 843, 5, '2018-08-17 16:47:21', 2),
	(2045, 843, 6, '2018-08-17 16:57:04', 2),
	(2046, 843, 7, '2018-08-17 17:01:15', 1),
	(2047, 843, 8, '2018-08-17 17:02:47', 1),
	(2048, 843, 9, '2018-08-17 17:12:29', 1),
	(2049, 843, 10, '2018-08-17 17:24:24', 1),
	(2050, 843, 11, '2018-08-17 17:37:40', 1),
	(2051, 843, 12, '2018-08-17 17:40:02', 1),
	(2052, 808, 9, '2018-08-21 15:13:17', 6),
	(2053, 866, 1, '2018-08-21 16:55:01', 1),
	(2054, 866, 2, '2018-08-21 17:00:14', 1),
	(2055, 866, 3, '2018-08-21 17:01:23', 2),
	(2056, 866, 4, '2018-08-21 17:03:56', 1),
	(2057, 866, 5, '2018-08-21 17:10:46', 1),
	(2058, 832, 39, '2018-08-21 17:27:15', 6),
	(2059, 866, 6, '2018-08-21 17:31:35', 6),
	(2060, 866, 7, '2018-08-21 17:39:47', 6),
	(2061, 866, 8, '2018-08-21 17:41:44', 6),
	(2062, 866, 9, '2018-08-21 17:46:55', 6),
	(2063, 866, 10, '2018-08-21 17:51:40', 6),
	(2064, 866, 11, '2018-08-21 17:52:16', 2),
	(2065, 866, 12, '2018-08-21 17:55:47', 1),
	(2066, 871, 1, '2018-08-22 12:05:59', 6),
	(2067, 871, 2, '2018-08-22 12:40:39', 6),
	(2068, 871, 3, '2018-08-22 12:43:14', 2),
	(2069, 871, 4, '2018-08-22 17:00:42', 2),
	(2070, 871, 5, '2018-08-22 17:01:47', 2),
	(2071, 871, 6, '2018-08-22 17:02:51', 2),
	(2072, 871, 7, '2018-08-22 17:04:08', 6),
	(2073, 871, 8, '2018-08-22 17:15:08', 2),
	(2074, 578, 9, '2018-08-22 17:15:57', 6),
	(2075, 879, 1, '2018-08-23 09:31:46', 1),
	(2076, 866, 13, '2018-08-23 11:50:34', 1),
	(2077, 866, 14, '2018-08-23 11:57:31', 1),
	(2078, 866, 15, '2018-08-23 11:57:45', 1),
	(2079, 866, 16, '2018-08-23 11:57:56', 1),
	(2080, 866, 17, '2018-08-23 14:11:31', 1),
	(2081, 879, 2, '2018-08-23 15:31:41', 1),
	(2082, 866, 18, '2018-08-24 12:42:44', 6),
	(2106, 907, 1, '2018-08-29 19:24:07', 2),
	(2107, 907, 2, '2018-08-29 19:25:14', 1),
	(2113, 843, 13, '2018-08-29 20:39:11', 1),
	(2114, 843, 14, '2018-08-29 20:45:13', 1),
	(2115, 910, 1, '2018-08-30 10:44:45', 1),
	(2116, 910, 2, '2018-08-30 10:57:37', 1),
	(2117, 843, 15, '2018-08-30 11:16:09', 2),
	(2118, 843, 16, '2018-08-30 11:25:38', 1),
	(2119, 843, 17, '2018-08-30 11:44:26', 2),
	(2120, 843, 18, '2018-08-30 11:48:40', 1),
	(2122, 911, 1, '2018-08-30 12:22:15', 1),
	(2123, 911, 2, '2018-08-30 12:33:47', 1),
	(2131, 843, 19, '2018-08-30 16:59:44', 1),
	(2132, 843, 20, '2018-08-30 17:01:45', 1),
	(2133, 843, 21, '2018-08-30 17:05:08', 1),
	(2136, 843, 22, '2018-08-30 17:40:06', 1),
	(2262, 1037, 1, '2018-09-14 14:07:40', 1),
	(2263, 1037, 2, '2018-09-14 14:13:56', 1),
	(2264, 1037, 3, '2018-09-14 14:27:23', 1),
	(2265, 1037, 4, '2018-09-14 14:33:45', 1),
	(2268, 1037, 5, '2018-09-14 15:26:16', 1),
	(2269, 1037, 6, '2018-09-17 12:40:27', 1),
	(2270, 1037, 7, '2018-09-17 12:44:36', 1),
	(2271, 1037, 8, '2018-09-17 13:50:01', 1),
	(2272, 1037, 9, '2018-09-17 13:54:41', 1),
	(2273, 1037, 10, '2018-09-17 14:20:53', 1),
	(2274, 1037, 11, '2018-09-17 14:45:57', 1),
	(2280, 1037, 12, '2018-09-17 16:19:17', 1),
	(2281, 1037, 13, '2018-09-17 16:23:19', 1),
	(2282, 1037, 14, '2018-09-17 16:24:41', 1),
	(2283, 1037, 15, '2018-09-17 16:26:18', 1),
	(2284, 1037, 16, '2018-09-17 16:31:58', 1),
	(2285, 1037, 17, '2018-09-17 16:33:10', 1),
	(2286, 1037, 18, '2018-09-17 16:34:31', 1),
	(2287, 1037, 19, '2018-09-17 16:38:23', 1),
	(2288, 1037, 20, '2018-09-17 16:53:21', 1),
	(2289, 1037, 21, '2018-09-17 16:56:38', 1),
	(2290, 1037, 22, '2018-09-17 16:58:35', 1),
	(2291, 1037, 23, '2018-09-17 17:03:12', 1),
	(2292, 1037, 24, '2018-09-17 17:07:22', 1),
	(2293, 1037, 25, '2018-09-17 17:13:57', 1),
	(2294, 1037, 26, '2018-09-17 17:23:15', 1),
	(2295, 1037, 27, '2018-09-17 17:25:18', 1),
	(2296, 843, 23, '2018-09-18 11:32:18', 1),
	(2297, 843, 24, '2018-09-18 11:47:06', 1),
	(2298, 843, 25, '2018-09-18 11:55:30', 1),
	(2299, 1051, 1, '2018-09-20 16:16:07', 2),
	(2300, 1051, 2, '2018-09-20 16:17:03', 2),
	(2301, 1051, 3, '2018-09-20 16:25:37', 2),
	(2302, 1051, 4, '2018-09-20 16:27:11', 1),
	(2303, 1051, 5, '2018-09-21 10:32:24', 1),
	(2310, 1037, 28, '2018-09-21 17:32:59', 1),
	(2317, 1056, 1, '2018-09-24 11:49:24', 2),
	(2318, 1056, 3, '2018-09-24 12:00:43', 2),
	(2319, 1056, 5, '2018-09-24 12:01:48', 1),
	(2320, 1037, 29, '2018-09-24 12:26:20', 1),
	(2321, 1037, 30, '2018-09-24 12:29:22', 1),
	(2322, 1037, 31, '2018-09-24 12:35:37', 1),
	(2323, 1037, 32, '2018-09-24 12:38:30', 1),
	(2324, 1037, 33, '2018-09-24 12:47:30', 1),
	(2325, 1058, 1, '2018-09-24 14:58:23', 6),
	(2326, 1058, 2, '2018-09-24 15:01:32', 1),
	(2327, 1056, 6, '2018-09-24 15:40:53', 1),
	(2328, 1037, 34, '2018-09-24 16:13:11', 1),
	(2329, 1060, 1, '2018-09-25 10:42:58', 1),
	(2330, 1060, 2, '2018-09-25 10:46:17', 1),
	(2331, 1060, 3, '2018-09-25 10:47:42', 1),
	(2332, 1061, 1, '2018-09-25 11:17:03', 1),
	(2333, 1060, 4, '2018-09-25 11:22:45', 1),
	(2334, 1061, 2, '2018-09-25 11:23:45', 1),
	(2335, 1061, 3, '2018-09-25 11:55:15', 1),
	(2336, 1061, 4, '2018-09-25 11:56:35', 1),
	(2337, 1062, 1, '2018-09-26 11:01:48', 1),
	(2338, 1062, 2, '2018-09-26 11:03:42', 1),
	(2339, 1062, 3, '2018-09-26 11:08:09', 1),
	(2340, 1063, 1, '2018-09-26 11:13:22', 1),
	(2341, 1063, 2, '2018-09-26 11:32:12', 1),
	(2342, 1064, 1, '2018-09-26 11:35:27', 1),
	(2343, 1063, 3, '2018-09-26 12:01:38', 1),
	(2344, 1064, 2, '2018-09-26 12:17:14', 1),
	(2345, 1064, 3, '2018-09-26 12:27:54', 1),
	(2346, 1063, 4, '2018-09-26 12:29:22', 1),
	(2347, 1063, 5, '2018-09-26 12:55:40', 1),
	(2348, 1063, 6, '2018-09-26 13:00:29', 1),
	(2349, 1063, 7, '2018-09-26 13:09:30', 1),
	(2350, 1063, 8, '2018-09-26 14:56:07', 1),
	(2351, 1063, 9, '2018-09-26 15:05:19', 1),
	(2352, 1063, 10, '2018-09-26 16:12:03', 1),
	(2353, 1063, 11, '2018-09-26 16:21:14', 1),
	(2355, 1063, 12, '2018-09-26 16:31:14', 1),
	(2356, 1063, 13, '2018-09-26 16:37:36', 1),
	(2357, 1063, 14, '2018-09-26 16:39:26', 1),
	(2358, 1063, 15, '2018-09-26 17:08:27', 1),
	(2359, 1063, 16, '2018-09-26 17:23:40', 1),
	(2360, 1063, 17, '2018-09-26 17:30:09', 1),
	(2361, 1056, 7, '2018-09-27 15:03:01', 1),
	(2362, 1056, 8, '2018-09-27 16:12:10', 2),
	(2363, 1056, 9, '2018-09-27 16:22:10', 2),
	(2364, 1056, 10, '2018-09-27 16:25:20', 1),
	(2365, 1067, 1, '2018-09-28 14:47:32', 1),
	(2366, 1067, 2, '2018-09-28 15:35:51', 1),
	(2367, 1067, 3, '2018-09-28 15:46:56', 1),
	(2368, 1068, 1, '2018-09-28 16:31:40', 2),
	(2369, 1068, 2, '2018-09-28 16:35:48', 2),
	(2370, 1068, 3, '2018-09-28 16:43:54', 2),
	(2371, 1068, 4, '2018-09-28 16:47:03', 2),
	(2372, 1068, 5, '2018-09-28 16:53:50', 2),
	(2373, 1068, 6, '2018-09-28 16:55:01', 1),
	(2374, 1069, 1, '2018-09-28 16:58:38', 1),
	(2375, 1069, 2, '2018-09-28 17:04:26', 1),
	(2376, 1069, 3, '2018-09-28 17:07:03', 1),
	(2377, 1069, 4, '2018-09-28 17:11:27', 1),
	(2378, 1069, 5, '2018-09-28 17:20:47', 1),
	(2379, 1069, 6, '2018-09-28 17:25:33', 1),
	(2380, 1070, 1, '2018-10-01 09:47:40', 1),
	(2381, 1070, 2, '2018-10-01 10:10:04', 1),
	(2382, 1070, 3, '2018-10-01 11:38:40', 1),
	(2383, 1070, 4, '2018-10-01 11:41:31', 6),
	(2384, 1070, 5, '2018-10-01 11:47:00', 1),
	(2385, 1070, 6, '2018-10-01 11:51:29', 1),
	(2386, 1071, 1, '2018-10-01 11:53:54', 1),
	(2387, 1071, 2, '2018-10-01 11:56:36', 1),
	(2389, 1058, 3, '2018-10-01 17:33:12', 1),
	(2390, 1058, 4, '2018-10-01 17:36:01', 1),
	(2391, 1037, 35, '2018-10-03 11:29:41', 1),
	(2392, 1037, 36, '2018-10-03 11:32:32', 1),
	(2393, 1037, 37, '2018-10-03 11:40:03', 1),
	(2394, 1037, 38, '2018-10-03 11:42:56', 2),
	(2395, 1074, 1, '2018-10-04 12:09:33', 1),
	(2396, 1074, 2, '2018-10-04 12:13:04', 1),
	(2397, 1075, 1, '2018-10-04 14:34:00', 1),
	(2398, 1074, 3, '2018-10-04 14:35:58', 1),
	(2399, 1076, 1, '2018-10-05 15:16:27', 1),
	(2400, 1074, 4, '2018-10-05 15:17:11', 1),
	(2401, 1077, 1, '2018-10-05 15:24:58', 2),
	(2402, 1078, 1, '2018-10-08 10:54:27', 1),
	(2403, 1078, 2, '2018-10-08 10:55:31', 1),
	(2404, 1078, 3, '2018-10-08 11:48:12', 1),
	(2405, 1037, 39, '2018-10-08 14:37:56', 1),
	(2406, 1058, 5, '2018-10-08 14:38:58', 1),
	(2407, 1058, 6, '2018-10-08 14:43:35', 1),
	(2408, 1058, 7, '2018-10-08 14:46:27', 1),
	(2409, 1058, 8, '2018-10-08 14:49:04', 1),
	(2410, 1058, 9, '2018-10-08 14:54:52', 1),
	(2411, 1078, 4, '2018-10-10 16:42:42', 1),
	(2412, 1094, 1, '2018-10-23 15:10:24', 1),
	(2413, 1094, 2, '2018-10-23 15:20:18', 1),
	(2414, 1094, 3, '2018-10-23 15:38:16', 1),
	(2415, 1094, 4, '2018-10-23 15:57:22', 1),
	(2416, 1094, 5, '2018-10-23 16:01:25', 1),
	(2417, 1094, 6, '2018-10-23 16:19:29', 1),
	(2418, 1096, 1, '2018-10-23 18:20:42', 1),
	(2419, 1096, 2, '2018-10-23 18:34:43', 1),
	(2420, 1094, 7, '2018-10-24 14:10:45', 1),
	(2421, 1094, 8, '2018-10-24 14:17:52', 1),
	(2422, 1097, 1, '2018-10-24 21:20:44', 1),
	(2432, 1101, 1, '2018-10-25 12:12:58', 2),
	(2433, 1094, 9, '2018-10-25 12:27:59', 1),
	(2434, 1102, 1, '2018-10-25 12:48:29', 2),
	(2435, 1102, 2, '2018-10-25 12:51:15', 2),
	(2436, 1102, 3, '2018-10-25 12:53:33', 2),
	(2437, 1101, 2, '2018-10-25 12:58:14', 1),
	(2438, 1101, 3, '2018-10-25 13:00:47', 1),
	(2439, 1102, 4, '2018-10-25 13:01:14', 2),
	(2440, 1102, 5, '2018-10-25 13:07:57', 2),
	(2441, 1103, 1, '2018-10-25 13:08:27', 2),
	(2442, 1101, 4, '2018-10-25 13:10:25', 1),
	(2443, 1102, 6, '2018-10-25 13:12:08', 1),
	(2444, 1101, 5, '2018-10-25 13:16:11', 1),
	(2445, 1103, 2, '2018-10-25 13:19:27', 1),
	(2446, 1104, 1, '2018-10-25 13:24:04', 2),
	(2447, 1102, 7, '2018-10-25 13:26:17', 6),
	(2448, 1102, 8, '2018-10-25 13:39:39', 6),
	(2449, 1102, 9, '2018-10-25 14:52:10', 2),
	(2450, 1102, 10, '2018-10-25 14:54:49', 2),
	(2451, 1097, 2, '2018-10-25 15:00:04', 1),
	(2452, 1103, 3, '2018-10-25 15:02:48', 1),
	(2453, 1102, 11, '2018-10-25 15:23:12', 1),
	(2454, 1097, 3, '2018-10-25 16:12:38', 1),
	(2455, 1102, 12, '2018-10-25 16:15:07', 2),
	(2456, 1102, 13, '2018-10-25 16:17:10', 1),
	(2457, 1102, 14, '2018-10-25 16:33:31', 2),
	(2458, 1102, 15, '2018-10-25 16:34:28', 1),
	(2459, 1097, 4, '2018-10-25 17:19:48', 1),
	(2460, 1102, 16, '2018-10-25 17:51:13', 1),
	(2461, 1106, 1, '2018-10-25 18:21:10', 1),
	(2462, 1106, 2, '2018-10-25 19:08:01', 1),
	(2463, 1106, 3, '2018-10-25 19:12:10', 1),
	(2464, 1105, 1, '2018-10-25 19:15:26', 1),
	(2465, 1105, 2, '2018-10-25 19:30:30', 1),
	(2466, 1105, 3, '2018-10-25 19:34:23', 1),
	(2467, 1105, 4, '2018-10-25 19:35:24', 1),
	(2468, 1105, 5, '2018-10-25 19:39:25', 1),
	(2469, 1105, 6, '2018-10-25 19:40:12', 1),
	(2470, 1105, 7, '2018-10-25 19:42:07', 1),
	(2471, 1105, 8, '2018-10-25 19:46:10', 1),
	(2472, 1105, 9, '2018-10-25 19:51:14', 1),
	(2473, 1107, 1, '2018-10-25 20:00:08', 2),
	(2474, 1107, 2, '2018-10-25 20:04:54', 2),
	(2475, 1106, 4, '2018-10-25 20:32:35', 1),
	(2476, 1107, 3, '2018-10-25 21:18:34', 2),
	(2477, 1107, 4, '2018-10-26 10:27:51', 1),
	(2478, 1107, 5, '2018-10-26 10:33:10', 2),
	(2479, 1107, 6, '2018-10-26 10:42:45', 1),
	(2480, 1105, 10, '2018-10-26 10:57:33', 1),
	(2481, 1105, 11, '2018-10-26 11:02:57', 2),
	(2482, 1105, 12, '2018-10-26 11:06:31', 1),
	(2483, 1105, 13, '2018-10-26 11:08:15', 1),
	(2484, 1105, 14, '2018-10-26 11:11:17', 1),
	(2485, 1105, 15, '2018-10-26 11:22:20', 1),
	(2486, 1102, 17, '2018-10-26 11:30:08', 2),
	(2487, 1107, 7, '2018-10-26 11:32:31', 1),
	(2488, 1107, 8, '2018-10-26 11:34:08', 1),
	(2489, 1107, 9, '2018-10-26 11:36:35', 1),
	(2490, 1107, 10, '2018-10-26 12:06:25', 1),
	(2491, 1107, 11, '2018-10-26 12:07:41', 2),
	(2492, 1097, 5, '2018-10-26 12:43:20', 2),
	(2493, 1097, 6, '2018-10-26 12:50:20', 2),
	(2494, 1097, 7, '2018-10-26 12:53:15', 1),
	(2495, 1108, 1, '2018-10-26 13:02:04', 1),
	(2496, 1107, 12, '2018-10-26 14:21:12', 2),
	(2497, 1107, 13, '2018-10-26 14:24:44', 2),
	(2498, 1097, 8, '2018-10-26 15:29:52', 1),
	(2499, 1109, 1, '2018-10-26 15:48:42', 2),
	(2500, 1109, 2, '2018-10-26 15:58:57', 2),
	(2501, 1109, 3, '2018-10-26 16:16:09', 2),
	(2502, 1111, 1, '2018-10-26 16:23:25', 1),
	(2503, 1109, 4, '2018-10-26 16:24:00', 2),
	(2504, 1111, 2, '2018-10-26 16:27:57', 1),
	(2505, 1107, 14, '2018-10-26 16:33:12', 6),
	(2506, 1109, 5, '2018-10-26 16:57:40', 2),
	(2507, 1109, 6, '2018-10-26 17:01:01', 2),
	(2508, 1107, 15, '2018-10-26 17:22:38', 6),
	(2509, 1107, 16, '2018-10-26 17:47:32', 6),
	(2510, 1107, 17, '2018-10-26 17:47:52', 6),
	(2511, 1107, 18, '2018-10-26 17:55:19', 2),
	(2515, 1107, 19, '2018-10-26 18:14:09', 6),
	(2517, 1107, 20, '2018-10-26 18:45:53', 2),
	(2518, 1102, 18, '2018-10-26 18:55:51', 2),
	(2519, 1112, 1, '2018-10-26 18:59:13', 2),
	(2521, 1113, 1, '2018-10-26 19:07:50', 1),
	(2523, 1112, 2, '2018-10-26 19:10:37', 2),
	(2524, 1113, 2, '2018-10-26 19:17:15', 1),
	(2525, 1109, 7, '2018-10-26 19:34:26', 2),
	(2526, 1109, 8, '2018-10-26 19:37:07', 1),
	(2527, 1109, 9, '2018-10-26 20:01:02', 1),
	(2528, 1113, 3, '2018-10-27 01:19:36', 1),
	(2529, 1114, 1, '2018-10-27 18:47:39', 1),
	(2530, 1114, 2, '2018-10-27 18:50:22', 1),
	(2531, 1115, 1, '2018-10-29 10:55:40', 2),
	(2532, 1115, 2, '2018-10-29 11:15:48', 2),
	(2533, 1115, 3, '2018-10-29 11:20:19', 2),
	(2534, 1116, 1, '2018-10-29 11:23:12', 2),
	(2535, 1118, 1, '2018-10-29 11:26:05', 1),
	(2536, 1118, 2, '2018-10-29 11:29:25', 2),
	(2537, 1116, 2, '2018-10-29 11:30:35', 1),
	(2538, 1118, 3, '2018-10-29 11:38:00', 1),
	(2539, 1118, 4, '2018-10-29 11:45:32', 1),
	(2540, 1118, 5, '2018-10-29 11:47:51', 2),
	(2541, 1118, 6, '2018-10-29 11:59:04', 2),
	(2542, 1116, 3, '2018-10-29 12:03:16', 1),
	(2543, 1116, 4, '2018-10-29 12:07:40', 1),
	(2544, 1116, 5, '2018-10-29 12:30:40', 1),
	(2545, 1115, 4, '2018-10-29 16:01:30', 2),
	(2546, 1109, 10, '2018-10-30 08:49:03', 2),
	(2547, 1109, 11, '2018-10-30 08:57:05', 2),
	(2548, 1109, 12, '2018-10-30 09:00:51', 2),
	(2549, 1109, 13, '2018-10-30 09:09:00', 2),
	(2555, 1109, 14, '2018-10-30 18:42:12', 2),
	(2556, 1120, 1, '2018-11-02 12:40:44', 2),
	(2557, 1120, 1, '2018-11-02 12:49:00', 2),
	(2558, 1120, 2, '2018-11-02 13:12:55', 2),
	(2559, 1120, 3, '2018-11-02 13:18:42', 2),
	(2560, 1120, 4, '2018-11-02 13:25:54', 2),
	(2561, 1120, 5, '2018-11-02 13:28:53', 1),
	(2562, 1120, 6, '2018-11-02 13:40:49', 1),
	(2563, 1120, 7, '2018-11-02 13:51:06', 1),
	(2564, 1120, 8, '2018-11-02 13:56:07', 2),
	(2565, 1120, 9, '2018-11-02 13:58:25', 1),
	(2566, 1120, 10, '2018-11-02 15:55:07', 1),
	(2567, 1120, 11, '2018-11-02 16:02:35', 1),
	(2568, 1097, 9, '2018-11-13 12:38:44', 6),
	(2569, 1097, 9, '2018-11-13 12:39:11', 6),
	(2570, 1103, 4, '2018-11-13 12:41:02', 6),
	(2571, 1122, 5, '2018-11-14 12:14:39', 2),
	(2572, 1122, 5, '2018-11-14 12:22:12', 1),
	(2573, 1122, 6, '2018-11-14 12:34:12', 2),
	(2574, 1122, 7, '2018-11-14 12:37:00', 1),
	(2575, 1122, 8, '2018-11-14 12:40:35', 1),
	(2576, 1122, 9, '2018-11-14 12:44:48', 1),
	(2577, 1122, 10, '2018-11-14 13:08:26', 1),
	(2578, 1122, 11, '2018-11-14 13:14:10', 1),
	(2579, 1122, 12, '2018-11-14 13:17:48', 1),
	(2580, 1122, 13, '2018-11-14 13:22:19', 1),
	(2581, 1122, 14, '2018-11-14 13:29:17', 1),
	(2582, 1122, 15, '2018-11-14 13:50:03', 1),
	(2583, 1122, 16, '2018-11-14 17:58:31', 1),
	(2584, 1122, 17, '2018-11-14 18:00:47', 1),
	(2585, 1122, 18, '2018-11-14 18:20:34', 2),
	(2586, 1122, 19, '2018-11-14 18:24:05', 2),
	(2587, 1122, 20, '2018-11-14 18:26:01', 1),
	(2588, 1122, 21, '2018-11-15 11:26:50', 1),
	(2589, 1122, 22, '2018-11-15 11:28:52', 1),
	(2590, 1122, 23, '2018-11-15 11:31:54', 1),
	(2591, 1122, 24, '2018-11-15 11:34:43', 1),
	(2592, 1122, 25, '2018-11-15 11:39:58', 1),
	(2593, 1122, 26, '2018-11-15 11:51:45', 1),
	(2594, 1122, 27, '2018-11-15 11:59:25', 1),
	(2595, 1122, 28, '2018-11-15 12:01:42', 1),
	(2596, 1120, 12, '2018-11-15 16:36:40', 1),
	(2597, 1122, 29, '2018-11-15 16:56:57', 1),
	(2598, 1122, 30, '2018-11-15 16:57:55', 1),
	(2599, 1122, 31, '2018-11-15 16:59:06', 1),
	(2600, 1122, 32, '2018-11-15 17:00:08', 1),
	(2601, 1122, 33, '2018-11-15 17:00:58', 1),
	(2602, 1122, 34, '2018-11-15 17:01:53', 1),
	(2603, 1122, 35, '2018-11-15 17:03:46', 1),
	(2604, 1122, 36, '2018-11-15 17:05:33', 1),
	(2605, 1122, 37, '2018-11-15 17:08:29', 1),
	(2606, 1122, 38, '2018-11-15 17:10:22', 1),
	(2607, 1122, 39, '2018-11-15 17:11:18', 1),
	(2608, 1120, 13, '2018-11-15 20:04:41', 1),
	(2609, 1120, 14, '2018-11-15 20:13:21', 1),
	(2610, 1122, 40, '2018-11-15 20:15:44', 1),
	(2611, 1120, 15, '2018-11-16 17:37:22', 1),
	(2612, 1120, 16, '2018-11-16 18:00:10', 1),
	(2613, 1120, 17, '2018-11-16 18:06:53', 1),
	(2614, 1124, 1, '2018-11-19 10:45:24', 6),
	(2615, 1124, 2, '2018-11-19 10:50:58', 6),
	(2616, 1124, 3, '2018-11-19 11:03:07', 6),
	(2617, 1120, 18, '2018-11-19 16:06:09', 2),
	(2618, 1120, 18, '2018-11-19 16:07:22', 2),
	(2619, 1120, 18, '2018-11-19 16:10:02', 2),
	(2620, 1120, 18, '2018-11-19 17:28:18', 6),
	(2621, 1124, 4, '2018-11-19 17:46:25', 6),
	(2622, 1125, 1, '2018-11-20 10:51:25', 2),
	(2623, 879, 3, '2018-11-20 11:07:13', 1),
	(2624, 1122, 41, '2018-11-20 11:48:20', 1),
	(2625, 1126, 1, '2018-11-20 11:51:45', 1),
	(2626, 1124, 5, '2018-11-20 17:30:22', 1),
	(2627, 1124, 6, '2018-11-20 17:48:43', 1),
	(2628, 1124, 7, '2018-11-20 18:12:54', 1),
	(2629, 1124, 8, '2018-11-20 18:27:33', 1),
	(2630, 1124, 9, '2018-11-20 18:30:10', 1),
	(2631, 1124, 10, '2018-11-20 18:35:29', 1),
	(2632, 1124, 11, '2018-11-20 18:37:30', 1),
	(2633, 1124, 12, '2018-11-20 18:39:21', 1),
	(2634, 1124, 13, '2018-11-20 18:48:14', 1),
	(2635, 1130, 1, '2018-11-21 12:46:38', 1),
	(2638, 1133, 1, '2018-11-21 12:47:46', 1),
	(2639, 1134, 1, '2018-11-21 12:47:53', 6),
	(2640, 1135, 1, '2018-11-21 12:47:58', 1),
	(2641, 1122, 42, '2018-11-21 13:38:58', 1),
	(2642, 1122, 43, '2018-11-21 13:45:37', 1),
	(2643, 1122, 44, '2018-11-21 15:04:13', 1),
	(2644, 1122, 45, '2018-11-21 15:13:25', 1),
	(2645, 1124, 14, '2018-11-21 15:28:19', 1),
	(2646, 1122, 46, '2018-11-21 15:40:47', 1),
	(2647, 1122, 47, '2018-11-21 15:50:23', 1),
	(2648, 1122, 48, '2018-11-21 15:53:57', 1),
	(2649, 1122, 48, '2018-11-21 15:54:12', 1),
	(2650, 1122, 50, '2018-11-21 15:55:19', 1),
	(2651, 1122, 51, '2018-11-21 16:02:52', 1),
	(2652, 1122, 52, '2018-11-21 16:05:04', 1),
	(2653, 1122, 53, '2018-11-21 16:07:04', 1),
	(2654, 1122, 54, '2018-11-21 16:09:01', 1),
	(2655, 1122, 55, '2018-11-21 16:13:48', 1),
	(2656, 1122, 56, '2018-11-21 16:22:19', 1),
	(2657, 1137, 1, '2018-11-21 17:16:29', 1),
	(2658, 1124, 15, '2018-11-21 17:48:09', 1),
	(2659, 1122, 57, '2018-11-21 18:38:00', 1),
	(2660, 1122, 58, '2018-11-22 11:38:15', 1),
	(2661, 1122, 59, '2018-11-22 12:13:54', 1),
	(2662, 1122, 60, '2018-11-22 12:17:52', 1),
	(2663, 1122, 61, '2018-11-22 12:39:20', 1),
	(2664, 1122, 62, '2018-11-22 12:43:13', 1),
	(2665, 843, 26, '2018-11-22 15:42:36', 1),
	(2666, 843, 27, '2018-11-22 15:50:31', 1),
	(2667, 843, 28, '2018-11-22 15:54:35', 1),
	(2668, 1138, 1, '2018-11-22 15:54:52', 1),
	(2669, 1139, 1, '2018-11-22 16:06:24', 2),
	(2670, 843, 29, '2018-11-22 16:11:31', 1),
	(2671, 843, 30, '2018-11-22 16:25:33', 1),
	(2672, 843, 31, '2018-11-22 16:43:59', 1),
	(2673, 843, 32, '2018-11-22 16:58:22', 1),
	(2674, 1122, 63, '2018-11-27 12:47:02', 1),
	(2675, 843, 33, '2018-11-27 12:58:34', 1),
	(2676, 1140, 1, '2018-11-27 13:10:23', 1),
	(2677, 1143, 1, '2018-11-27 15:28:18', 1),
	(2678, 843, 34, '2018-11-27 16:28:53', 1),
	(2679, 1143, 2, '2018-11-28 13:44:25', 1),
	(2686, 1145, 1, '2018-12-04 15:15:45', 6),
	(2687, 1146, 1, '2018-12-04 17:32:04', 2),
	(2688, 1146, 2, '2018-12-04 17:33:09', 2),
	(2689, 1146, 3, '2018-12-04 17:33:39', 2),
	(2690, 1122, 64, '2018-12-04 18:18:41', 1),
	(2692, 1148, 1, '2018-12-05 11:26:47', 2),
	(2693, 1148, 2, '2018-12-05 11:27:12', 2),
	(2694, 1148, 3, '2018-12-05 11:40:04', 2),
	(2695, 1148, 4, '2018-12-05 12:02:34', 2),
	(2696, 1149, 1, '2018-12-05 12:23:41', 2),
	(2697, 1149, 2, '2018-12-05 12:27:53', 2),
	(2698, 1122, 65, '2018-12-05 12:29:26', 1),
	(2699, 1122, 66, '2018-12-05 12:31:33', 2),
	(2700, 1122, 67, '2018-12-05 12:35:14', 2),
	(2701, 1122, 68, '2018-12-05 12:38:25', 2),
	(2702, 1150, 1, '2018-12-05 13:06:14', 2),
	(2703, 1151, 1, '2018-12-05 13:16:22', 2),
	(2704, 843, 35, '2018-12-05 13:51:43', 1),
	(2705, 1135, 2, '2018-12-05 14:17:09', 2),
	(2706, 1148, 5, '2018-12-05 15:55:53', 2),
	(2707, 1148, 6, '2018-12-05 16:04:43', 1),
	(2708, 1151, 2, '2018-12-05 16:32:21', 1),
	(2709, 1152, 1, '2018-12-05 16:32:38', 1),
	(2710, 1153, 1, '2018-12-06 16:05:16', 1),
	(2718, 1157, 1, '2018-12-11 11:32:33', 1),
	(2719, 1157, 2, '2018-12-11 11:33:27', 1),
	(2720, 1130, 2, '2018-12-12 12:01:38', 1),
	(2721, 1158, 1, '2018-12-12 15:34:23', 2),
	(2722, 1158, 2, '2018-12-12 15:39:56', 2),
	(2723, 1159, 1, '2018-12-12 15:43:06', 2),
	(2724, 1130, 3, '2018-12-12 15:57:19', 1),
	(2725, 1159, 2, '2018-12-12 16:00:19', 2),
	(2726, 1130, 4, '2018-12-12 16:03:22', 1),
	(2727, 1130, 5, '2018-12-12 16:04:37', 1),
	(2728, 1159, 3, '2018-12-12 16:12:34', 2),
	(2729, 1159, 4, '2018-12-12 20:34:53', 2),
	(2730, 1159, 5, '2018-12-12 20:39:28', 1),
	(2731, 1130, 6, '2018-12-13 12:13:05', 1),
	(2732, 1130, 7, '2018-12-13 12:14:02', 1),
	(2733, 1159, 6, '2018-12-13 12:41:33', 1),
	(2734, 1130, 8, '2018-12-13 12:44:21', 1),
	(2735, 1130, 9, '2018-12-13 12:47:32', 1),
	(2736, 1159, 7, '2018-12-13 12:52:50', 1),
	(2738, 1130, 10, '2018-12-13 14:40:06', 1),
	(2739, 1130, 11, '2018-12-13 15:16:28', 1),
	(2740, 1130, 12, '2018-12-17 11:50:57', 1),
	(2741, 1160, 1, '2018-12-17 13:29:30', 2),
	(2742, 1161, 1, '2018-12-17 16:57:27', 1),
	(2743, 1159, 8, '2018-12-17 17:29:10', 1),
	(2744, 1161, 2, '2018-12-17 17:47:37', 1),
	(2745, 1130, 13, '2018-12-18 17:32:34', 1),
	(2747, 1130, 14, '2018-12-19 17:46:29', 1),
	(2753, 1130, 15, '2018-12-26 14:27:59', 1),
	(2763, 1130, 16, '2018-12-26 15:19:53', 1),
	(2764, 1130, 17, '2018-12-26 15:22:41', 1),
	(2765, 1130, 18, '2018-12-26 15:24:15', 1),
	(2802, 1182, 1, '2019-01-04 17:16:25', 2),
	(2803, 1182, 2, '2019-01-04 18:17:26', 2),
	(2804, 1182, 3, '2019-01-04 18:24:35', 1),
	(2805, 843, 36, '2019-01-07 18:59:36', 1),
	(2806, 1183, 1, '2019-01-08 12:28:37', 6),
	(2807, 1183, 2, '2019-01-08 12:36:25', 6),
	(2808, 1183, 2, '2019-01-08 12:44:10', 6),
	(2809, 1183, 3, '2019-01-08 13:16:18', 1),
	(2810, 1183, 4, '2019-01-08 13:24:01', 1),
	(2811, 1183, 5, '2019-01-08 13:54:14', 1),
	(2812, 1185, 1, '2019-01-08 19:40:58', 1),
	(2813, 1185, 2, '2019-01-08 19:45:15', 1),
	(2814, 1185, 3, '2019-01-08 19:47:37', 1),
	(2815, 1183, 6, '2019-01-09 09:29:45', 1),
	(2816, 1183, 7, '2019-01-09 09:35:12', 1),
	(2817, 1183, 8, '2019-01-09 09:38:34', 1),
	(2818, 1183, 9, '2019-01-09 09:44:56', 1),
	(2819, 1183, 10, '2019-01-09 09:49:17', 1),
	(2820, 1183, 11, '2019-01-09 09:55:02', 6),
	(2821, 1183, 12, '2019-01-09 10:05:43', 1),
	(2822, 1183, 13, '2019-01-09 10:09:43', 2),
	(2823, 1183, 14, '2019-01-09 10:14:26', 1),
	(2824, 1183, 15, '2019-01-09 10:18:43', 1),
	(2825, 1183, 16, '2019-01-09 10:22:54', 1),
	(2826, 1183, 17, '2019-01-09 10:26:30', 6),
	(2827, 1186, 1, '2019-01-09 10:47:23', 1),
	(2828, 1186, 2, '2019-01-09 10:56:54', 1),
	(2829, 1186, 3, '2019-01-09 11:21:17', 2),
	(2830, 1186, 4, '2019-01-09 11:42:18', 1),
	(2831, 1186, 5, '2019-01-09 11:48:50', 1),
	(2832, 1186, 6, '2019-01-09 12:01:23', 1),
	(2833, 1153, 2, '2019-01-09 12:02:36', 1),
	(2834, 1186, 7, '2019-01-09 12:13:38', 6),
	(2835, 1153, 3, '2019-01-09 12:15:17', 1),
	(2836, 1186, 8, '2019-01-09 12:25:56', 2),
	(2837, 1153, 4, '2019-01-09 12:40:47', 1),
	(2838, 1186, 9, '2019-01-09 12:57:09', 1),
	(2839, 1186, 10, '2019-01-09 13:09:52', 6),
	(2840, 1153, 5, '2019-01-09 13:28:32', 1),
	(2841, 1186, 11, '2019-01-09 14:39:19', 1),
	(2842, 1186, 12, '2019-01-09 14:53:43', 6),
	(2843, 1186, 13, '2019-01-09 15:12:34', 6),
	(2844, 1186, 14, '2019-01-09 15:18:36', 6),
	(2845, 1186, 15, '2019-01-09 15:28:37', 1),
	(2846, 1186, 16, '2019-01-09 15:38:44', 1),
	(2848, 1186, 17, '2019-01-09 16:47:17', 1),
	(2849, 1186, 18, '2019-01-09 17:19:39', 1),
	(2850, 1186, 19, '2019-01-09 17:32:56', 1),
	(2851, 1186, 20, '2019-01-09 18:00:43', 1),
	(2852, 1186, 21, '2019-01-10 10:44:01', 1),
	(2853, 843, 37, '2019-01-11 16:44:33', 1),
	(2855, 1185, 4, '2019-01-14 13:20:13', 1),
	(2856, 1185, 5, '2019-01-14 18:56:22', 1),
	(2857, 1185, 6, '2019-01-15 18:24:04', 1),
	(2858, 1185, 7, '2019-01-15 18:29:17', 1),
	(2859, 1185, 8, '2019-01-16 11:48:48', 1),
	(2860, 1185, 9, '2019-01-16 11:56:19', 1),
	(2861, 1185, 10, '2019-01-16 11:58:23', 1),
	(2862, 1185, 11, '2019-01-16 11:59:33', 1),
	(2863, 1185, 12, '2019-01-16 12:33:58', 1),
	(2864, 1185, 13, '2019-01-16 12:38:15', 1),
	(2865, 1185, 14, '2019-01-16 12:43:46', 1),
	(2866, 1185, 15, '2019-01-16 12:45:57', 1),
	(2867, 1185, 16, '2019-01-16 12:49:56', 1),
	(2868, 1185, 17, '2019-01-16 12:53:32', 1),
	(2869, 1193, 1, '2019-01-17 11:13:09', 1),
	(2870, 1198, 1, '2019-01-17 11:48:32', 2),
	(2871, 1198, 2, '2019-01-17 11:49:01', 2),
	(2872, 1199, 1, '2019-01-17 12:10:59', 1),
	(2873, 1199, 2, '2019-01-17 12:11:31', 1),
	(2874, 1200, 1, '2019-01-17 12:26:12', 2),
	(2875, 1200, 2, '2019-01-17 12:31:38', 2),
	(2876, 1200, 3, '2019-01-17 12:52:39', 2),
	(2877, 1200, 4, '2019-01-17 12:57:49', 2),
	(2878, 1200, 5, '2019-01-17 12:59:08', 2),
	(2879, 1200, 6, '2019-01-17 13:00:07', 2),
	(2880, 1200, 7, '2019-01-17 13:14:59', 2),
	(2881, 1200, 8, '2019-01-17 13:16:03', 2),
	(2882, 1185, 18, '2019-01-17 13:17:06', 2),
	(2883, 1185, 19, '2019-01-17 13:21:14', 1),
	(2884, 1200, 9, '2019-01-17 13:21:18', 2),
	(2885, 1200, 10, '2019-01-17 13:22:34', 2),
	(2886, 1204, 1, '2019-01-17 13:32:22', 1),
	(2887, 1205, 1, '2019-01-17 13:56:12', 2),
	(2888, 1185, 20, '2019-01-17 14:58:37', 1),
	(2889, 1200, 11, '2019-01-17 14:59:48', 2),
	(2890, 1200, 12, '2019-01-17 15:00:44', 2),
	(2892, 1209, 1, '2019-01-17 15:35:41', 1),
	(2893, 1185, 21, '2019-01-17 17:07:13', 1),
	(2894, 1185, 22, '2019-01-17 17:15:51', 1),
	(2895, 1212, 1, '2019-01-17 17:48:37', 2),
	(2896, 1220, 1, '2019-01-21 19:42:24', 2),
	(2897, 1220, 2, '2019-01-21 19:59:15', 2),
	(2898, 1221, 1, '2019-01-21 20:20:58', 1),
	(2899, 1221, 2, '2019-01-21 20:53:22', 1),
	(2900, 1221, 3, '2019-01-21 20:55:57', 1),
	(2901, 1221, 4, '2019-01-21 20:57:26', 1),
	(2902, 1221, 5, '2019-01-22 12:15:12', 1),
	(2903, 1221, 7, '2019-01-22 14:18:45', 1),
	(2904, 1221, 8, '2019-01-22 14:20:30', 1),
	(2905, 1221, 9, '2019-01-22 16:28:45', 1),
	(2906, 1221, 10, '2019-01-22 16:30:57', 1),
	(2907, 1221, 11, '2019-01-22 16:33:49', 1),
	(2908, 1221, 12, '2019-01-22 16:36:43', 1),
	(2909, 1221, 13, '2019-01-22 16:38:44', 1),
	(2910, 1228, 1, '2019-01-22 18:21:26', 1),
	(2916, 1288, 1, '2019-01-24 19:59:53', 6),
	(2918, 1130, 19, '2019-01-25 14:06:17', 1),
	(2919, 1130, 20, '2019-01-25 14:08:17', 1),
	(2920, 1130, 21, '2019-01-25 14:13:16', 1),
	(2921, 1130, 22, '2019-01-25 14:15:21', 1),
	(2922, 1130, 23, '2019-01-25 14:20:49', 1),
	(2923, 1130, 24, '2019-01-25 14:24:56', 1),
	(2924, 1130, 25, '2019-01-25 14:26:24', 1),
	(2925, 1130, 26, '2019-01-25 14:28:33', 1),
	(2940, 1130, 27, '2019-01-28 14:03:15', 1),
	(2945, 1307, 1, '2019-01-28 17:00:17', 2),
	(2946, 1307, 2, '2019-01-28 17:04:22', 2),
	(2947, 1308, 1, '2019-01-28 17:11:38', 2),
	(2949, 1308, 2, '2019-01-28 17:23:21', 2),
	(2950, 1310, 1, '2019-01-28 18:16:45', 2),
	(2951, 1310, 2, '2019-01-28 18:19:36', 1),
	(2952, 1310, 3, '2019-01-28 18:25:41', 1),
	(2953, 1311, 1, '2019-01-28 18:27:56', 1),
	(2957, 1315, 1, '2019-01-28 19:23:40', 1),
	(2959, 1316, 1, '2019-01-28 19:27:07', 1),
	(2960, 1308, 3, '2019-01-28 19:36:50', 2),
	(2961, 1308, 4, '2019-01-28 19:39:10', 1),
	(2962, 1308, 5, '2019-01-28 19:44:36', 1),
	(2963, 1321, 1, '2019-01-29 16:57:55', 1),
	(2964, 1321, 2, '2019-01-29 17:02:32', 1),
	(2965, 1321, 3, '2019-01-29 17:03:49', 1),
	(2966, 1321, 4, '2019-01-29 20:53:48', 1),
	(2967, 1300, 1, '2019-01-30 18:16:50', 1),
	(2968, 1326, 1, '2019-01-30 19:18:03', 2),
	(2969, 1300, 2, '2019-01-30 19:51:22', 1),
	(2970, 1321, 5, '2019-01-30 20:17:45', 1),
	(2971, 1326, 2, '2019-01-31 15:25:42', 2),
	(2972, 1328, 1, '2019-01-31 15:37:07', 1),
	(2973, 1328, 2, '2019-01-31 15:42:40', 1),
	(2974, 1328, 3, '2019-01-31 15:45:11', 1),
	(2975, 1328, 4, '2019-01-31 16:18:00', 1),
	(2976, 1328, 5, '2019-01-31 18:41:46', 1),
	(2977, 1328, 6, '2019-01-31 18:43:45', 1),
	(2978, 1328, 7, '2019-01-31 18:46:03', 1),
	(2979, 1328, 8, '2019-01-31 18:55:14', 1),
	(2980, 1328, 9, '2019-01-31 18:59:38', 1),
	(2981, 1328, 10, '2019-01-31 19:04:51', 1),
	(2982, 1332, 1, '2019-01-31 20:07:32', 1),
	(2983, 1332, 2, '2019-01-31 20:10:04', 1),
	(2984, 1334, 1, '2019-02-01 15:08:39', 2),
	(2985, 1341, 1, '2019-02-04 12:57:52', 1),
	(2986, 1342, 1, '2019-02-04 13:00:10', 1),
	(2988, 1341, 2, '2019-02-04 14:43:48', 2),
	(2989, 1341, 3, '2019-02-04 15:03:58', 2),
	(2990, 1341, 4, '2019-02-04 15:07:40', 2),
	(2991, 1341, 5, '2019-02-04 15:09:18', 2),
	(2992, 1341, 6, '2019-02-04 15:14:38', 2),
	(2993, 1341, 7, '2019-02-04 15:20:46', 2),
	(2994, 1341, 8, '2019-02-04 15:24:40', 2),
	(2995, 1341, 9, '2019-02-04 15:27:12', 2),
	(2996, 1341, 10, '2019-02-04 15:46:03', 2),
	(2997, 1341, 11, '2019-02-04 15:50:23', 2),
	(2998, 1341, 12, '2019-02-04 15:51:07', 2),
	(2999, 1341, 13, '2019-02-04 15:51:52', 2),
	(3000, 1341, 14, '2019-02-04 15:53:21', 2),
	(3001, 1341, 15, '2019-02-04 15:54:00', 2),
	(3002, 1343, 1, '2019-02-04 15:54:41', 4),
	(3003, 1341, 16, '2019-02-04 15:54:52', 2),
	(3004, 1344, 1, '2019-02-04 16:08:25', 4),
	(3005, 1153, 6, '2019-02-04 18:38:48', 1),
	(3006, 1153, 7, '2019-02-04 18:42:34', 1),
	(3007, 1345, 1, '2019-02-04 18:58:07', 1),
	(3008, 1346, 1, '2019-02-04 19:54:18', 1),
	(3009, 1346, 2, '2019-02-04 19:59:01', 1),
	(3010, 1346, 3, '2019-02-04 20:02:15', 2),
	(3012, 1349, 1, '2019-02-04 20:20:22', 1),
	(3020, 1352, 1, '2019-02-05 14:30:44', 4),
	(3021, 1353, 1, '2019-02-05 15:46:35', 4),
	(3022, 1354, 1, '2019-02-05 15:59:50', 4),
	(3023, 1355, 1, '2019-02-05 18:24:07', 1),
	(3024, 1355, 2, '2019-02-05 18:27:56', 1),
	(3025, 1355, 3, '2019-02-05 18:30:15', 1),
	(3026, 1355, 4, '2019-02-05 18:43:40', 1),
	(3027, 1355, 5, '2019-02-05 18:49:59', 1),
	(3028, 1355, 6, '2019-02-05 18:56:56', 1),
	(3029, 1355, 7, '2019-02-05 19:13:48', 1),
	(3030, 1355, 8, '2019-02-05 19:15:37', 1),
	(3031, 1355, 9, '2019-02-05 19:27:54', 1),
	(3032, 1356, 1, '2019-02-05 19:31:09', 1),
	(3033, 1356, 2, '2019-02-05 19:32:58', 1),
	(3034, 1356, 3, '2019-02-05 19:34:10', 1),
	(3035, 1356, 4, '2019-02-05 19:35:11', 1),
	(3036, 1356, 5, '2019-02-05 19:40:54', 2),
	(3037, 1356, 6, '2019-02-05 19:41:29', 1),
	(3038, 1356, 7, '2019-02-05 19:44:04', 1),
	(3040, 1359, 1, '2019-02-06 11:36:30', 1),
	(3041, 1361, 1, '2019-02-06 13:12:35', 2),
	(3042, 1362, 1, '2019-02-06 14:56:18', 2),
	(3046, 1364, 1, '2019-02-06 16:16:06', 1),
	(3047, 1364, 2, '2019-02-06 16:18:08', 1),
	(3048, 1364, 3, '2019-02-06 16:19:52', 6),
	(3049, 1364, 4, '2019-02-06 16:20:52', 1),
	(3050, 1364, 5, '2019-02-06 16:21:49', 2),
	(3051, 1364, 6, '2019-02-06 16:34:49', 1),
	(3052, 1364, 7, '2019-02-06 16:40:33', 1),
	(3053, 1364, 8, '2019-02-06 16:44:35', 1),
	(3054, 1364, 9, '2019-02-06 17:57:54', 1),
	(3055, 1364, 10, '2019-02-06 18:07:22', 1),
	(3056, 1364, 11, '2019-02-06 18:08:45', 1),
	(3059, 1364, 12, '2019-02-06 18:24:54', 1),
	(3060, 1364, 13, '2019-02-06 18:26:40', 1),
	(3063, 1364, 14, '2019-02-06 18:36:15', 1),
	(3065, 1364, 15, '2019-02-06 18:38:31', 1),
	(3067, 1364, 16, '2019-02-06 18:44:24', 1),
	(3069, 1364, 17, '2019-02-06 18:54:13', 1),
	(3070, 1364, 18, '2019-02-06 18:55:12', 1),
	(3071, 1364, 19, '2019-02-06 18:56:46', 1),
	(3074, 1364, 20, '2019-02-06 19:18:38', 1),
	(3077, 1364, 21, '2019-02-06 19:33:18', 1),
	(3088, 1364, 22, '2019-02-07 16:39:51', 1),
	(3089, 1364, 23, '2019-02-07 16:42:03', 1),
	(3090, 1364, 24, '2019-02-07 16:43:46', 1),
	(3091, 1364, 25, '2019-02-07 16:46:03', 1),
	(3092, 1364, 26, '2019-02-07 17:00:08', 1),
	(3093, 1364, 27, '2019-02-07 17:04:20', 1),
	(3094, 1364, 28, '2019-02-07 17:14:08', 1),
	(3101, 1371, 1, '2019-02-07 17:44:38', 1),
	(3102, 1372, 1, '2019-02-07 17:53:02', 1),
	(3103, 1371, 2, '2019-02-07 17:55:52', 1),
	(3104, 1372, 2, '2019-02-07 18:01:23', 1),
	(3111, 1364, 29, '2019-02-08 13:12:19', 2),
	(3112, 1364, 30, '2019-02-08 14:43:42', 1),
	(3113, 1364, 31, '2019-02-08 14:48:18', 1),
	(3129, 1380, 1, '2019-02-11 15:52:12', 1),
	(3130, 1380, 2, '2019-02-11 15:55:54', 2),
	(3132, 1380, 3, '2019-02-11 16:25:23', 6),
	(3133, 1380, 4, '2019-02-11 16:42:03', 6),
	(3134, 1380, 5, '2019-02-11 16:43:07', 2),
	(3136, 1380, 6, '2019-02-12 11:34:04', 2),
	(3137, 1345, 2, '2019-02-12 14:43:16', 2),
	(3138, 1383, 1, '2019-02-12 16:29:54', 2),
	(3139, 1383, 2, '2019-02-12 16:37:16', 2),
	(3140, 1383, 3, '2019-02-12 17:10:04', 2),
	(3141, 1380, 7, '2019-02-12 17:15:57', 2),
	(3142, 1383, 4, '2019-02-12 17:17:16', 2),
	(3143, 1384, 1, '2019-02-12 17:22:48', 1),
	(3144, 1384, 11, '2019-02-12 17:26:30', 2),
	(3145, 1384, 12, '2019-02-12 17:28:24', 1),
	(3146, 1384, 13, '2019-02-12 17:29:59', 2),
	(3147, 1384, 14, '2019-02-12 17:53:37', 2),
	(3148, 1384, 15, '2019-02-12 18:32:19', 2),
	(3149, 1384, 16, '2019-02-12 19:06:28', 2),
	(3150, 1384, 17, '2019-02-13 11:06:33', 2),
	(3151, 1380, 8, '2019-02-13 11:48:48', 2),
	(3152, 1380, 9, '2019-02-13 12:15:21', 2),
	(3153, 1380, 10, '2019-02-13 12:23:57', 6),
	(3154, 1380, 11, '2019-02-13 12:27:32', 2),
	(3155, 1387, 1, '2019-02-13 13:18:23', 1),
	(3156, 1387, 2, '2019-02-13 13:23:51', 1),
	(3157, 1387, 3, '2019-02-13 13:42:55', 2),
	(3158, 1387, 4, '2019-02-13 15:11:58', 2),
	(3159, 1364, 32, '2019-02-13 15:38:37', 2),
	(3160, 1364, 33, '2019-02-13 15:43:20', 1),
	(3161, 1388, 1, '2019-02-13 16:40:34', 1),
	(3162, 1384, 18, '2019-02-14 14:36:29', 6),
	(3163, 1384, 19, '2019-02-14 15:16:09', 6),
	(3164, 1384, 20, '2019-02-14 15:21:39', 2),
	(3165, 1384, 21, '2019-02-14 15:57:55', 2),
	(3166, 1384, 22, '2019-02-14 16:20:52', 2),
	(3167, 1387, 5, '2019-02-15 12:58:41', 2),
	(3168, 1387, 6, '2019-02-15 16:22:07', 2),
	(3169, 1383, 5, '2019-02-18 18:51:27', 2),
	(3170, 1383, 6, '2019-02-18 18:54:35', 2),
	(3171, 1383, 7, '2019-02-18 18:55:47', 2),
	(3172, 1383, 8, '2019-02-19 11:45:04', 2),
	(3173, 1383, 9, '2019-02-19 18:04:58', 2),
	(3174, 1384, 23, '2019-02-20 13:00:29', 6),
	(3175, 1390, 1, '2019-02-20 13:08:59', 2),
	(3176, 1390, 2, '2019-02-20 13:12:19', 2),
	(3177, 1390, 3, '2019-02-20 15:07:06', 2),
	(3178, 1390, 4, '2019-02-20 16:47:32', 6),
	(3179, 1390, 5, '2019-02-20 16:49:12', 2),
	(3180, 1390, 6, '2019-02-21 09:58:24', 1),
	(3181, 1390, 7, '2019-02-21 10:01:35', 1),
	(3182, 1390, 8, '2019-02-21 10:03:59', 1),
	(3183, 1390, 9, '2019-02-21 10:06:58', 1),
	(3184, 1390, 10, '2019-02-21 10:16:10', 1),
	(3185, 1390, 11, '2019-02-21 10:21:54', 1),
	(3186, 1390, 12, '2019-02-21 10:29:39', 1),
	(3187, 1390, 13, '2019-02-21 10:35:28', 1),
	(3188, 1390, 14, '2019-02-21 10:41:49', 2),
	(3189, 1390, 15, '2019-02-21 10:51:42', 2),
	(3190, 1390, 16, '2019-02-21 11:05:25', 1),
	(3199, 1394, 1, '2019-02-22 10:33:55', 1),
	(3200, 1394, 2, '2019-02-22 10:43:12', 1),
	(3201, 1395, 1, '2019-02-22 10:57:31', 1),
	(3202, 1395, 23, '2019-02-22 11:01:10', 1),
	(3203, 1394, 3, '2019-02-22 12:43:12', 2),
	(3204, 1394, 4, '2019-02-22 12:47:04', 2),
	(3205, 1396, 1, '2019-02-22 13:38:09', 1),
	(3206, 1396, 2, '2019-02-22 14:35:36', 1),
	(3207, 1394, 5, '2019-02-22 15:09:42', 2),
	(3208, 1394, 6, '2019-02-22 15:20:18', 2),
	(3209, 1396, 3, '2019-02-22 15:24:49', 1),
	(3212, 1399, 1, '2019-02-22 17:12:15', 1),
	(3213, 1399, 3, '2019-02-22 17:20:31', 1),
	(3214, 1400, 1, '2019-02-22 17:37:35', 1),
	(3215, 1400, 9, '2019-02-22 17:40:47', 1),
	(3216, 1401, 1, '2019-02-22 17:59:04', 1),
	(3217, 1401, 3, '2019-02-22 18:03:11', 1),
	(3218, 1401, 4, '2019-02-22 18:08:37', 1),
	(3219, 1401, 5, '2019-02-22 18:21:28', 1),
	(3220, 1399, 4, '2019-02-22 18:39:19', 1),
	(3221, 1401, 6, '2019-02-22 18:49:01', 1),
	(3222, 1401, 7, '2019-02-22 19:44:34', 1),
	(3223, 1401, 10, '2019-02-25 10:12:19', 1),
	(3224, 1401, 11, '2019-02-25 10:23:19', 1),
	(3225, 1401, 12, '2019-02-25 12:17:36', 2),
	(3226, 1401, 13, '2019-02-25 12:25:52', 2),
	(3227, 1401, 14, '2019-02-25 12:33:04', 2),
	(3228, 1401, 15, '2019-02-25 12:35:47', 2),
	(3229, 1401, 16, '2019-02-25 12:50:11', 2),
	(3230, 1401, 17, '2019-02-25 13:02:41', 2),
	(3231, 1401, 18, '2019-02-25 13:05:53', 2),
	(3232, 1401, 19, '2019-02-25 13:12:51', 2),
	(3233, 1401, 20, '2019-02-25 13:23:42', 2),
	(3234, 1401, 21, '2019-02-25 13:26:58', 2),
	(3235, 1401, 22, '2019-02-25 13:28:32', 2),
	(3236, 1401, 23, '2019-02-25 18:26:58', 2),
	(3237, 1401, 24, '2019-02-25 18:52:33', 2),
	(3238, 1401, 25, '2019-02-25 19:03:21', 2),
	(3239, 1401, 26, '2019-02-25 19:20:22', 2),
	(3240, 1401, 27, '2019-02-25 19:21:43', 2),
	(3241, 1401, 28, '2019-02-25 19:22:50', 2),
	(3242, 1401, 29, '2019-02-25 19:33:53', 2),
	(3243, 1401, 30, '2019-02-25 19:35:03', 2),
	(3244, 1401, 31, '2019-02-25 19:41:15', 2),
	(3245, 1401, 32, '2019-02-25 19:49:14', 2),
	(3246, 1401, 33, '2019-02-25 19:51:16', 2),
	(3247, 1402, 1, '2019-02-26 00:06:46', 2),
	(3248, 1402, 2, '2019-02-26 00:14:19', 2),
	(3249, 1402, 3, '2019-02-26 00:17:19', 2),
	(3250, 1402, 4, '2019-02-26 00:21:08', 2),
	(3251, 1402, 5, '2019-02-26 01:34:11', 1),
	(3252, 1402, 6, '2019-02-26 02:12:36', 2),
	(3253, 1402, 7, '2019-02-26 02:14:13', 2),
	(3254, 1402, 8, '2019-02-26 02:22:17', 1),
	(3255, 1390, 17, '2019-02-27 14:57:20', 2),
	(3256, 1341, 17, '2019-03-04 12:33:55', 1),
	(3257, 1341, 18, '2019-03-04 12:38:19', 1),
	(3258, 1341, 19, '2019-03-04 12:47:38', 1),
	(3259, 1341, 20, '2019-03-04 12:52:25', 2),
	(3260, 1341, 21, '2019-03-04 12:55:41', 2),
	(3261, 1405, 1, '2019-03-04 13:01:57', 2),
	(3262, 1405, 2, '2019-03-04 13:04:39', 1),
	(3263, 1405, 3, '2019-03-04 13:05:44', 2),
	(3264, 1406, 1, '2019-03-04 15:14:46', 2),
	(3265, 1406, 2, '2019-03-04 15:20:07', 2),
	(3266, 1406, 3, '2019-03-04 15:24:56', 2),
	(3267, 1406, 4, '2019-03-04 15:31:15', 2),
	(3268, 1406, 5, '2019-03-04 15:41:53', 2),
	(3269, 1406, 6, '2019-03-04 16:51:07', 2),
	(3270, 1406, 7, '2019-03-04 16:56:06', 2),
	(3271, 1407, 1, '2019-03-04 17:43:01', 1),
	(3272, 1407, 2, '2019-03-04 17:48:08', 1),
	(3273, 1407, 3, '2019-03-04 17:49:31', 1),
	(3274, 1407, 4, '2019-03-04 17:51:30', 1),
	(3275, 1407, 5, '2019-03-04 17:52:24', 1),
	(3276, 1390, 18, '2019-03-05 08:54:08', 2),
	(3277, 1408, 1, '2019-03-05 10:52:09', 2),
	(3278, 1408, 2, '2019-03-05 10:56:08', 2),
	(3279, 1408, 3, '2019-03-05 10:59:40', 2),
	(3280, 1341, 22, '2019-03-05 11:16:19', 2),
	(3281, 1407, 6, '2019-03-05 15:36:34', 1),
	(3282, 1407, 7, '2019-03-05 15:47:56', 1),
	(3283, 1387, 7, '2019-03-05 17:27:24', 6),
	(3284, 1390, 19, '2019-03-05 18:39:59', 2),
	(3285, 1395, 38, '2019-03-06 09:09:50', 1),
	(3286, 1183, 18, '2019-03-06 09:14:01', 1),
	(3287, 1183, 19, '2019-03-06 10:59:27', 1),
	(3288, 1183, 20, '2019-03-06 11:00:35', 1),
	(3289, 1390, 20, '2019-03-06 11:54:48', 2),
	(3290, 1183, 21, '2019-03-06 14:21:25', 1),
	(3291, 1183, 22, '2019-03-06 14:37:37', 1),
	(3292, 1390, 21, '2019-03-06 15:06:04', 2),
	(3293, 1387, 8, '2019-03-06 15:21:20', 2),
	(3294, 1387, 9, '2019-03-06 15:41:05', 2),
	(3295, 1387, 10, '2019-03-06 15:52:16', 1),
	(3296, 1387, 11, '2019-03-06 16:00:16', 1),
	(3297, 1183, 23, '2019-03-06 17:31:41', 1),
	(3298, 1387, 12, '2019-03-06 17:33:46', 1),
	(3299, 1387, 13, '2019-03-06 17:56:48', 1),
	(3300, 1387, 14, '2019-03-06 18:14:12', 1),
	(3301, 1387, 15, '2019-03-06 19:50:29', 2),
	(3302, 1390, 22, '2019-03-08 13:30:49', 2),
	(3303, 1183, 24, '2019-03-08 13:45:44', 1),
	(3304, 1183, 25, '2019-03-08 14:03:42', 1),
	(3305, 1183, 26, '2019-03-08 14:30:53', 1),
	(3306, 1390, 23, '2019-03-08 14:52:45', 2),
	(3307, 1390, 24, '2019-03-08 14:56:14', 2),
	(3308, 1390, 25, '2019-03-08 15:18:14', 2),
	(3309, 1390, 26, '2019-03-08 15:40:14', 2),
	(3315, 1390, 27, '2019-03-08 16:10:10', 2),
	(3316, 1412, 1, '2019-03-11 15:11:13', 1),
	(3317, 1412, 2, '2019-03-11 17:13:14', 1),
	(3318, 1390, 28, '2019-03-12 09:43:11', 2),
	(3319, 1341, 23, '2019-03-12 10:58:01', 2),
	(3320, 1341, 24, '2019-03-12 11:07:40', 2),
	(3321, 1413, 1, '2019-03-12 11:35:58', 2),
	(3330, 1413, 2, '2019-03-12 13:50:57', 2),
	(3331, 1413, 3, '2019-03-12 14:15:14', 2),
	(3332, 1413, 4, '2019-03-12 14:33:02', 2),
	(3333, 1413, 5, '2019-03-12 14:42:36', 2),
	(3348, 1341, 25, '2019-03-12 16:50:29', 2),
	(3349, 1341, 26, '2019-03-12 17:01:07', 2),
	(3350, 1341, 27, '2019-03-12 17:04:38', 2),
	(3351, 1341, 28, '2019-03-12 17:08:37', 2),
	(3352, 1341, 29, '2019-03-12 17:55:40', 2),
	(3353, 1341, 30, '2019-03-12 18:11:22', 2),
	(3354, 1341, 31, '2019-03-12 18:15:08', 2),
	(3355, 1341, 32, '2019-03-12 20:36:31', 2),
	(3356, 1341, 33, '2019-03-12 22:01:21', 2),
	(3357, 1341, 34, '2019-03-12 22:07:12', 2),
	(3358, 1341, 35, '2019-03-12 22:11:31', 2),
	(3359, 1341, 36, '2019-03-14 15:00:13', 2),
	(3360, 1341, 37, '2019-03-14 15:04:57', 2),
	(3361, 1341, 38, '2019-03-14 15:08:48', 2),
	(3362, 1341, 39, '2019-03-14 15:14:50', 2),
	(3363, 1341, 40, '2019-03-14 15:53:47', 2),
	(3364, 1341, 41, '2019-03-14 16:23:21', 2),
	(3366, 1341, 43, '2019-03-14 16:50:42', 2),
	(3367, 1413, 6, '2019-03-18 18:16:55', 6),
	(3371, 1341, 44, '2019-03-18 20:16:23', 2),
	(3372, 1419, 1, '2019-03-25 17:20:02', 2),
	(3373, 1419, 2, '2019-03-25 17:21:42', 2),
	(3374, 1419, 3, '2019-03-25 17:37:33', 2),
	(3375, 1419, 4, '2019-03-26 10:20:46', 2),
	(3376, 1116, 6, '2019-03-26 12:20:48', 1),
	(3377, 1419, 5, '2019-03-26 15:02:35', 2),
	(3378, 1419, 6, '2019-03-27 11:27:07', 1),
	(3379, 1419, 7, '2019-03-27 11:31:28', 6),
	(3380, 1419, 8, '2019-03-27 11:58:02', 2),
	(3381, 1420, 1, '2019-03-27 12:22:20', 2),
	(3382, 1420, 2, '2019-03-27 12:55:52', 1),
	(3383, 1420, 3, '2019-03-27 12:57:45', 2),
	(3384, 1419, 9, '2019-03-27 13:16:20', 2),
	(3385, 1419, 10, '2019-03-27 15:09:28', 2),
	(3386, 1419, 11, '2019-03-27 16:19:51', 2),
	(3387, 1341, 45, '2019-03-27 16:22:46', 2),
	(3388, 1419, 12, '2019-03-27 16:28:25', 2),
	(3389, 1341, 46, '2019-03-27 16:30:33', 2),
	(3390, 1419, 13, '2019-03-27 16:34:38', 2),
	(3391, 1419, 14, '2019-03-27 17:18:57', 2),
	(3392, 1419, 15, '2019-03-28 10:29:07', 2),
	(3393, 1419, 16, '2019-03-28 11:35:48', 2),
	(3394, 1419, 17, '2019-03-28 11:51:44', 2),
	(3395, 1419, 18, '2019-03-28 13:02:59', 2),
	(3396, 1419, 19, '2019-03-28 14:39:13', 2),
	(3397, 1419, 20, '2019-03-28 15:11:13', 2),
	(3398, 1419, 21, '2019-03-28 15:21:28', 2),
	(3399, 1419, 22, '2019-03-28 15:30:55', 2),
	(3400, 1419, 23, '2019-03-28 17:54:33', 2),
	(3401, 1419, 24, '2019-03-29 12:23:53', 2),
	(3402, 1419, 25, '2019-03-29 12:31:50', 2),
	(3404, 1419, 27, '2019-03-29 12:46:43', 6),
	(3405, 1419, 28, '2019-03-29 13:50:19', 1),
	(3414, 1419, 29, '2019-03-29 15:27:57', 2),
	(3415, 1419, 30, '2019-03-29 15:31:41', 2),
	(3416, 1423, 1, '2019-04-03 11:16:25', 2),
	(3417, 1423, 2, '2019-04-03 11:24:40', 1),
	(3418, 1423, 3, '2019-04-03 11:26:53', 1),
	(3419, 1423, 4, '2019-04-03 11:32:50', 1),
	(3420, 1423, 5, '2019-04-03 11:37:43', 1),
	(3421, 1423, 6, '2019-04-03 11:42:54', 1),
	(3422, 1423, 7, '2019-04-03 11:49:39', 1),
	(3424, 1423, 8, '2019-04-03 11:58:28', 2),
	(3425, 1423, 9, '2019-04-03 12:04:39', 1),
	(3427, 1423, 10, '2019-04-03 12:35:52', 1),
	(3428, 1423, 11, '2019-04-03 12:39:32', 1),
	(3430, 1423, 12, '2019-04-03 12:44:46', 1),
	(3432, 1423, 13, '2019-04-03 15:01:01', 1),
	(3434, 1423, 14, '2019-04-03 15:17:39', 1),
	(3436, 1419, 31, '2019-04-03 19:11:26', 2),
	(3437, 1419, 32, '2019-04-03 19:15:53', 2),
	(3439, 1419, 33, '2019-04-03 19:23:10', 2),
	(3440, 1419, 34, '2019-04-03 19:50:46', 2),
	(3442, 1424, 1, '2019-04-04 16:39:48', 1),
	(3443, 1424, 2, '2019-04-04 17:27:15', 1),
	(3444, 1424, 3, '2019-04-04 17:41:16', 1),
	(3445, 1424, 4, '2019-04-04 17:55:42', 1),
	(3446, 1424, 5, '2019-04-04 18:04:13', 1),
	(3447, 1424, 6, '2019-04-04 18:06:36', 1),
	(3448, 1424, 7, '2019-04-04 18:09:11', 6),
	(3449, 1424, 8, '2019-04-04 18:13:26', 6),
	(3450, 1424, 9, '2019-04-04 18:19:13', 6),
	(3451, 1424, 10, '2019-04-04 18:23:27', 1),
	(3452, 1424, 11, '2019-04-04 18:33:42', 6),
	(3453, 1424, 12, '2019-04-04 18:43:22', 1),
	(3454, 1424, 13, '2019-04-04 19:35:21', 2),
	(3455, 1426, 1, '2019-04-04 19:53:00', 1),
	(3456, 1426, 2, '2019-04-04 20:00:11', 1),
	(3457, 1427, 1, '2019-04-04 20:04:18', 1),
	(3458, 1427, 2, '2019-04-05 10:41:24', 1),
	(3459, 1427, 3, '2019-04-05 11:52:11', 1),
	(3460, 1426, 3, '2019-04-05 11:59:44', 2),
	(3462, 1426, 4, '2019-04-05 12:26:58', 2),
	(3463, 1427, 4, '2019-04-05 12:38:40', 1),
	(3465, 1426, 5, '2019-04-05 12:54:53', 2),
	(3466, 1427, 5, '2019-04-05 13:56:38', 1),
	(3467, 1427, 6, '2019-04-05 14:09:06', 1),
	(3469, 1427, 7, '2019-04-08 13:24:50', 1),
	(3470, 1427, 8, '2019-04-08 14:29:42', 1),
	(3471, 1428, 1, '2019-04-08 17:45:18', 1),
	(3472, 1428, 2, '2019-04-08 17:55:45', 1),
	(3473, 1428, 3, '2019-04-08 17:56:37', 1),
	(3474, 1428, 4, '2019-04-08 17:58:51', 1),
	(3475, 1428, 5, '2019-04-08 18:00:18', 1),
	(3476, 1428, 6, '2019-04-08 18:09:51', 1),
	(3477, 1428, 7, '2019-04-08 18:12:28', 1),
	(3478, 1428, 8, '2019-04-08 18:32:54', 1),
	(3483, 1430, 1, '2019-04-09 17:20:01', 1),
	(3484, 1430, 2, '2019-04-09 17:28:01', 1),
	(3485, 1430, 3, '2019-04-10 10:58:28', 1),
	(3486, 1430, 4, '2019-04-10 11:29:32', 1),
	(3487, 1430, 5, '2019-04-10 11:33:44', 1),
	(3488, 1419, 35, '2019-04-10 12:10:45', 2),
	(3489, 1341, 47, '2019-04-10 15:13:53', 2),
	(3490, 1341, 48, '2019-04-11 12:07:15', 2),
	(3492, 1341, 49, '2019-04-11 14:28:08', 2),
	(3493, 1428, 9, '2019-04-11 14:46:06', 1),
	(3494, 1431, 1, '2019-04-11 15:30:26', 1),
	(3495, 1431, 2, '2019-04-11 15:43:08', 1),
	(3496, 1431, 3, '2019-04-11 15:49:40', 1),
	(3497, 1341, 50, '2019-04-11 16:10:38', 2),
	(3498, 1341, 51, '2019-04-11 16:21:32', 2),
	(3499, 1341, 52, '2019-04-11 16:38:00', 2),
	(3500, 1341, 53, '2019-04-11 17:39:23', 2),
	(3501, 1341, 54, '2019-04-11 17:47:41', 2),
	(3502, 1341, 55, '2019-04-11 18:04:37', 2),
	(3504, 1341, 57, '2019-04-11 18:13:17', 2),
	(3505, 1341, 58, '2019-04-11 18:29:46', 2),
	(3506, 1428, 10, '2019-04-12 12:48:44', 1),
	(3507, 1428, 11, '2019-04-12 13:41:39', 1),
	(3508, 1428, 12, '2019-04-12 15:46:57', 1),
	(3509, 1341, 59, '2019-04-15 11:44:40', 2),
	(3510, 1341, 60, '2019-04-15 12:47:53', 6),
	(3512, 1341, 61, '2019-04-15 12:53:40', 6),
	(3513, 1341, 62, '2019-04-15 13:03:59', 6),
	(3514, 1341, 62, '2019-04-15 13:06:22', 6),
	(3515, 1341, 63, '2019-04-15 13:10:25', 2),
	(3516, 1341, 64, '2019-04-15 13:18:48', 2),
	(3518, 1341, 65, '2019-04-15 13:45:42', 2),
	(3520, 1341, 66, '2019-04-15 13:52:51', 2),
	(3522, 1341, 67, '2019-04-15 14:04:07', 2),
	(3524, 1341, 68, '2019-04-15 14:14:23', 6),
	(3526, 1341, 69, '2019-04-15 14:23:06', 2),
	(3527, 1341, 70, '2019-04-15 14:28:07', 2),
	(3529, 1341, 71, '2019-04-15 14:41:02', 2),
	(3531, 1341, 72, '2019-04-15 14:50:59', 2),
	(3532, 1341, 73, '2019-04-15 16:37:45', 2),
	(3534, 1427, 9, '2019-04-16 12:43:59', 6),
	(3535, 1426, 6, '2019-04-16 12:45:52', 6),
	(3536, 1426, 7, '2019-04-16 12:53:29', 1),
	(3537, 1430, 6, '2019-04-16 13:34:14', 1),
	(3538, 1430, 7, '2019-04-16 13:48:35', 1),
	(3539, 1430, 8, '2019-04-16 13:50:08', 1),
	(3540, 1430, 9, '2019-04-16 13:52:25', 1),
	(3541, 1430, 10, '2019-04-16 14:17:08', 1),
	(3542, 1430, 11, '2019-04-16 14:28:52', 1),
	(3543, 1430, 12, '2019-04-16 15:25:31', 1),
	(3546, 1433, 1, '2019-04-16 16:55:18', 1),
	(3547, 1430, 13, '2019-04-17 18:44:17', 1),
	(3548, 1430, 14, '2019-04-18 11:04:30', 1),
	(3552, 1408, 4, '2019-04-24 19:28:38', 2),
	(3554, 1341, 74, '2019-04-29 11:13:50', 2),
	(3556, 1341, 75, '2019-04-29 11:22:09', 2),
	(3558, 1457, 1, '2019-04-29 12:40:27', 2),
	(3559, 1457, 2, '2019-04-29 12:44:56', 2),
	(3560, 1457, 3, '2019-04-29 13:03:02', 2),
	(3562, 1457, 4, '2019-04-29 13:18:22', 2),
	(3581, 1463, 1, '2019-04-30 18:39:29', 2),
	(3582, 1463, 2, '2019-04-30 18:40:38', 2),
	(3583, 1463, 3, '2019-04-30 18:44:46', 2),
	(3584, 1463, 4, '2019-04-30 19:11:36', 2),
	(3585, 1463, 5, '2019-04-30 19:15:21', 2),
	(3586, 1463, 6, '2019-04-30 19:16:22', 2),
	(3587, 1463, 7, '2019-04-30 19:38:32', 2),
	(3588, 1463, 8, '2019-04-30 19:41:09', 2),
	(3589, 1463, 9, '2019-04-30 19:42:38', 2),
	(3590, 1463, 10, '2019-04-30 19:43:32', 2),
	(3591, 1463, 11, '2019-04-30 19:53:56', 2),
	(3592, 1341, 76, '2019-05-02 10:07:14', 1),
	(3593, 1341, 77, '2019-05-02 10:45:38', 6),
	(3594, 1341, 77, '2019-05-02 11:13:50', 1),
	(3595, 1341, 78, '2019-05-02 11:23:24', 6),
	(3596, 1341, 78, '2019-05-02 11:33:51', 1),
	(3597, 1341, 79, '2019-05-02 11:46:53', 6),
	(3598, 1341, 79, '2019-05-02 12:08:37', 2),
	(3600, 1341, 80, '2019-05-02 12:34:44', 1),
	(3602, 1341, 81, '2019-05-02 12:44:30', 1),
	(3603, 1430, 15, '2019-05-02 13:12:43', 1),
	(3604, 1430, 16, '2019-05-02 13:15:53', 1),
	(3605, 1464, 1, '2019-05-02 13:23:15', 1),
	(3606, 1464, 2, '2019-05-02 13:27:42', 1),
	(3607, 1464, 3, '2019-05-02 13:33:53', 1),
	(3608, 1464, 4, '2019-05-02 13:39:48', 2),
	(3609, 1464, 5, '2019-05-02 13:52:46', 1),
	(3610, 1464, 6, '2019-05-02 13:57:09', 1),
	(3611, 1430, 17, '2019-05-02 15:39:22', 1),
	(3612, 1464, 7, '2019-05-02 15:53:55', 6),
	(3613, 1465, 1, '2019-05-02 16:17:34', 1),
	(3614, 1430, 18, '2019-05-02 16:21:37', 1),
	(3615, 1464, 8, '2019-05-02 16:33:32', 6),
	(3616, 1464, 9, '2019-05-02 16:40:36', 2),
	(3617, 1464, 10, '2019-05-02 16:48:58', 1),
	(3618, 1430, 19, '2019-05-02 19:02:08', 1),
	(3619, 1430, 20, '2019-05-02 19:04:41', 1),
	(3620, 1464, 11, '2019-05-02 21:30:54', 1),
	(3621, 1464, 12, '2019-05-02 21:36:58', 1),
	(3622, 1464, 13, '2019-05-02 21:42:04', 2),
	(3623, 1466, 1, '2019-05-03 11:24:18', 2),
	(3624, 1466, 2, '2019-05-03 11:27:00', 2),
	(3625, 1467, 1, '2019-05-03 15:25:06', 1),
	(3626, 1467, 2, '2019-05-03 15:47:35', 1),
	(3627, 1465, 2, '2019-05-03 18:53:25', 1),
	(3628, 1430, 21, '2019-05-03 18:55:16', 1),
	(3629, 1466, 3, '2019-05-06 10:40:12', 1),
	(3630, 1466, 4, '2019-05-06 10:42:17', 1),
	(3631, 1466, 5, '2019-05-06 10:55:54', 2),
	(3632, 1466, 6, '2019-05-06 17:13:31', 2),
	(3645, 1466, 7, '2019-05-07 15:57:35', 2),
	(3647, 1479, 1, '2019-05-08 16:48:23', 1),
	(3648, 1479, 2, '2019-05-08 17:02:32', 1),
	(3649, 1466, 8, '2019-05-09 15:46:46', 2),
	(3650, 1466, 9, '2019-05-09 15:48:27', 2),
	(3651, 1465, 3, '2019-05-14 16:07:00', 2),
	(3652, 1465, 4, '2019-05-14 16:11:01', 2),
	(3653, 1482, 1, '2019-05-14 16:13:35', 1),
	(3654, 1482, 2, '2019-05-14 17:18:25', 1),
	(3655, 1482, 3, '2019-05-14 17:26:56', 1),
	(3656, 1482, 4, '2019-05-14 18:26:59', 2),
	(3657, 1482, 5, '2019-05-15 12:52:41', 1),
	(3658, 1482, 6, '2019-05-15 12:54:41', 1),
	(3659, 1482, 7, '2019-05-20 16:36:31', 1),
	(3660, 1482, 8, '2019-05-20 16:44:36', 1),
	(3661, 1413, 6, '2019-05-22 12:26:37', 2),
	(3662, 1413, 7, '2019-05-22 12:30:01', 2),
	(3663, 1466, 10, '2019-05-23 10:21:00', 2),
	(3664, 1466, 11, '2019-05-23 10:35:14', 2),
	(3665, 1489, 1, '2019-05-23 11:14:19', 1),
	(3666, 1489, 96, '2019-05-23 12:45:43', 1),
	(3667, 1482, 9, '2019-05-24 09:30:17', 1),
	(3668, 1466, 12, '2019-05-24 09:39:54', 2),
	(3673, 1467, 3, '2019-05-29 10:49:36', 2),
	(3684, 1413, 8, '2019-06-06 12:15:47', 2),
	(3686, 1509, 6, '2019-06-12 11:06:47', 6),
	(3687, 1509, 14, '2019-06-12 11:28:15', 6),
	(3688, 1509, 17, '2019-06-12 11:37:15', 6),
	(3689, 1509, 18, '2019-06-12 11:40:15', 6),
	(3690, 1509, 19, '2019-06-12 11:43:15', 6),
	(3691, 1482, 19, '2019-06-12 11:45:15', 6),
	(3692, 1509, 20, '2019-06-12 11:46:15', 6),
	(3693, 1482, 20, '2019-06-12 11:47:15', 6),
	(3694, 1482, 21, '2019-06-12 11:49:15', 6),
	(3695, 1509, 21, '2019-06-12 11:49:15', 6),
	(3696, 1482, 22, '2019-06-12 11:51:15', 6),
	(3697, 1509, 22, '2019-06-12 11:52:15', 6),
	(3698, 1482, 23, '2019-06-12 11:53:15', 6),
	(3699, 1482, 24, '2019-06-12 11:55:15', 6),
	(3700, 1509, 23, '2019-06-12 11:55:15', 6),
	(3701, 1482, 25, '2019-06-12 11:57:15', 6),
	(3702, 1509, 24, '2019-06-12 11:58:15', 6),
	(3703, 1482, 26, '2019-06-12 11:59:15', 6),
	(3704, 1509, 25, '2019-06-12 12:01:15', 6),
	(3705, 1482, 27, '2019-06-12 12:01:16', 6),
	(3706, 1482, 28, '2019-06-12 12:03:15', 6),
	(3707, 1509, 26, '2019-06-12 12:04:15', 6),
	(3708, 1482, 29, '2019-06-12 13:15:58', 6),
	(3709, 1482, 30, '2019-06-12 13:18:18', 6),
	(3710, 1413, 9, '2019-06-12 13:20:29', 2),
	(3711, 1479, 5, '2019-06-12 14:29:42', 6),
	(3712, 1509, 27, '2019-06-12 14:31:20', 6),
	(3713, 1406, 8, '2019-06-12 14:33:06', 2),
	(3714, 1406, 9, '2019-06-12 14:38:15', 6),
	(3715, 1406, 10, '2019-06-12 14:53:15', 6),
	(3717, 1433, 2, '2019-06-12 14:59:40', 1),
	(3718, 1433, 3, '2019-06-12 15:08:15', 6),
	(3719, 1406, 11, '2019-06-12 15:08:15', 6),
	(3720, 1433, 4, '2019-06-12 15:18:15', 6),
	(3721, 1433, 5, '2019-06-12 15:19:15', 6),
	(3722, 1406, 12, '2019-06-12 15:23:15', 6),
	(3723, 1433, 6, '2019-06-12 15:28:15', 6),
	(3724, 1515, 1, '2019-06-12 15:28:29', 1),
	(3725, 1406, 13, '2019-06-12 15:38:16', 6),
	(3726, 1433, 7, '2019-06-12 15:38:16', 6),
	(3727, 1433, 8, '2019-06-12 15:40:00', 6),
	(3728, 1433, 9, '2019-06-12 15:48:44', 6),
	(3729, 1433, 10, '2019-06-12 15:52:08', 6),
	(3730, 1433, 11, '2019-06-12 16:05:45', 4),
	(3731, 1515, 6, '2019-06-13 10:11:24', 1),
	(3732, 1515, 7, '2019-06-13 10:13:22', 2),
	(3733, 1515, 8, '2019-06-13 10:13:51', 2),
	(3734, 1515, 9, '2019-06-13 11:04:55', 2),
	(3735, 1515, 10, '2019-06-13 11:05:55', 1),
	(3736, 1515, 11, '2019-06-13 12:12:11', 1),
	(3737, 1515, 12, '2019-06-13 17:04:43', 1),
	(3738, 1515, 13, '2019-06-13 17:29:07', 1),
	(3739, 1515, 14, '2019-06-13 18:13:31', 1),
	(3740, 1515, 15, '2019-06-14 10:10:48', 1),
	(3741, 1515, 16, '2019-06-14 10:14:32', 1),
	(3742, 1515, 17, '2019-06-14 10:25:35', 1),
	(3743, 1515, 18, '2019-06-14 10:28:23', 2),
	(3744, 1515, 19, '2019-06-14 10:28:52', 1),
	(3745, 1515, 20, '2019-06-14 10:33:53', 1),
	(3746, 1515, 21, '2019-06-14 10:59:09', 1),
	(3747, 1515, 22, '2019-06-14 11:02:04', 1),
	(3748, 1515, 23, '2019-06-14 13:31:58', 1),
	(3749, 1515, 24, '2019-06-14 14:31:02', 1),
	(3750, 1515, 25, '2019-06-14 17:00:15', 1),
	(3751, 1509, 28, '2019-06-17 13:03:24', 6),
	(3752, 1509, 29, '2019-06-17 13:12:59', 2),
	(3753, 1513, 2, '2019-06-17 16:50:06', 2),
	(3754, 1513, 3, '2019-06-17 16:52:05', 2),
	(3755, 1513, 4, '2019-06-17 16:53:06', 2),
	(3756, 1513, 5, '2019-06-17 16:56:06', 2),
	(3757, 1513, 6, '2019-06-17 17:04:06', 2),
	(3758, 1513, 7, '2019-06-17 17:11:06', 2),
	(3759, 1513, 8, '2019-06-18 10:35:06', 2),
	(3760, 1513, 9, '2019-06-18 10:50:05', 2),
	(3761, 1513, 10, '2019-06-18 11:05:06', 2),
	(3762, 1513, 11, '2019-06-18 11:20:06', 2),
	(3763, 1513, 12, '2019-06-18 11:35:06', 2),
	(3764, 1513, 13, '2019-06-18 11:50:06', 2),
	(3765, 1513, 14, '2019-06-18 12:05:07', 2),
	(3766, 1513, 15, '2019-06-18 12:20:06', 2),
	(3767, 1513, 16, '2019-06-18 12:35:06', 2),
	(3768, 1513, 18, '2019-06-18 13:00:06', 2),
	(3769, 1513, 19, '2019-06-18 13:05:06', 2),
	(3770, 1513, 20, '2019-06-18 13:20:06', 2),
	(3771, 1513, 21, '2019-06-18 13:35:06', 2),
	(3772, 1513, 22, '2019-06-18 13:50:06', 2),
	(3773, 1513, 23, '2019-06-18 14:05:06', 1),
	(3774, 1513, 24, '2019-06-18 16:02:06', 1),
	(3775, 1513, 25, '2019-06-18 16:04:05', 1),
	(3776, 1513, 26, '2019-06-18 16:06:05', 1),
	(3777, 1513, 27, '2019-06-18 16:08:05', 1),
	(3778, 1513, 28, '2019-06-18 16:10:06', 1),
	(3779, 1513, 29, '2019-06-18 16:12:06', 1),
	(3780, 1513, 30, '2019-06-18 16:14:05', 1),
	(3781, 1513, 31, '2019-06-18 16:16:06', 1),
	(3782, 1513, 32, '2019-06-18 16:29:59', 1),
	(3783, 1513, 33, '2019-06-19 16:07:10', 1),
	(3784, 1513, 34, '2019-06-19 16:08:08', 1),
	(3785, 1513, 35, '2019-06-19 16:09:08', 1),
	(3786, 1513, 36, '2019-06-19 16:10:09', 1),
	(3787, 1513, 37, '2019-06-19 16:11:08', 1),
	(3788, 1513, 38, '2019-06-19 16:12:08', 1),
	(3789, 1513, 39, '2019-06-19 16:13:08', 1),
	(3790, 1513, 40, '2019-06-19 16:14:08', 1),
	(3791, 1513, 41, '2019-06-19 16:15:08', 1),
	(3792, 1513, 42, '2019-06-19 16:16:08', 1),
	(3793, 1513, 43, '2019-06-19 16:17:08', 1),
	(3794, 1513, 44, '2019-06-19 16:18:08', 1),
	(3795, 1513, 45, '2019-06-19 16:22:46', 1),
	(3796, 1513, 46, '2019-06-19 16:23:19', 1),
	(3797, 1513, 47, '2019-06-19 16:23:52', 1),
	(3798, 1513, 48, '2019-06-19 16:24:37', 1),
	(3799, 1479, 6, '2019-06-19 16:25:53', 6),
	(3800, 1515, 26, '2019-06-20 11:24:18', 1),
	(3801, 1515, 27, '2019-06-20 11:27:39', 1),
	(3802, 1489, 97, '2019-06-20 16:03:28', 1),
	(3803, 1489, 98, '2019-06-20 16:30:37', 1),
	(3804, 1489, 99, '2019-07-05 16:08:21', 1),
	(3805, 1489, 100, '2019-07-05 16:31:47', 1),
	(3806, 1489, 101, '2019-07-05 16:38:18', 1),
	(3807, 1520, 1, '2019-07-05 18:25:48', 1),
	(3808, 1520, 2, '2019-07-05 20:04:31', 1),
	(3809, 1520, 3, '2019-07-05 20:20:42', 1),
	(3810, 1515, 28, '2019-07-12 16:52:54', 1),
	(3811, 1515, 29, '2019-07-12 16:57:43', 1),
	(3812, 1515, 30, '2019-07-12 17:00:35', 1),
	(3813, 1513, 49, '2019-07-12 17:17:49', 2),
	(3814, 1513, 50, '2019-07-12 17:20:28', 2),
	(3815, 1513, 51, '2019-07-12 17:21:40', 2),
	(3816, 1513, 52, '2019-07-12 17:22:53', 2),
	(3817, 1513, 53, '2019-07-12 17:27:24', 2),
	(3818, 1513, 54, '2019-07-12 17:27:59', 2),
	(3819, 1513, 55, '2019-07-12 17:29:05', 2),
	(3820, 1513, 56, '2019-07-12 17:29:47', 2),
	(3821, 1513, 57, '2019-07-12 17:35:39', 2),
	(3822, 1513, 58, '2019-07-12 17:52:46', 2),
	(3823, 1513, 59, '2019-07-12 17:59:00', 2),
	(3824, 1515, 31, '2019-07-12 18:11:06', 2),
	(3825, 1515, 32, '2019-07-12 18:16:17', 2),
	(3826, 1515, 33, '2019-07-18 11:23:19', 1),
	(3827, 1515, 34, '2019-07-18 11:41:20', 1),
	(3828, 1515, 35, '2019-07-18 11:44:27', 1),
	(3829, 1515, 36, '2019-07-18 12:02:02', 1),
	(3830, 1515, 37, '2019-07-18 12:06:55', 1),
	(3831, 1515, 38, '2019-07-18 12:08:38', 1),
	(3832, 1515, 39, '2019-07-18 12:11:32', 1),
	(3833, 1515, 40, '2019-07-18 12:13:33', 1),
	(3834, 1515, 41, '2019-07-18 12:18:07', 1),
	(3835, 1515, 42, '2019-07-18 12:35:51', 1),
	(3836, 1523, 1, '2019-07-22 15:18:42', 1),
	(3837, 1523, 2, '2019-07-22 15:27:05', 1),
	(3838, 1523, 3, '2019-07-22 15:29:05', 1),
	(3839, 1523, 4, '2019-07-22 15:31:05', 1),
	(3840, 1523, 5, '2019-07-22 15:33:05', 1),
	(3841, 1523, 6, '2019-07-22 15:35:05', 1),
	(3842, 1523, 7, '2019-07-22 15:37:05', 1),
	(3843, 1523, 8, '2019-07-22 15:39:05', 1),
	(3844, 1523, 9, '2019-07-22 15:41:05', 1),
	(3845, 1523, 10, '2019-07-22 15:43:05', 1),
	(3846, 1523, 11, '2019-07-22 15:45:05', 1),
	(3847, 1523, 12, '2019-07-22 15:47:05', 1),
	(3848, 1523, 13, '2019-07-22 15:49:05', 1),
	(3849, 1523, 14, '2019-07-22 15:51:05', 1),
	(3850, 1523, 15, '2019-07-22 15:53:05', 1),
	(3851, 1523, 16, '2019-07-22 15:55:05', 1),
	(3852, 1523, 17, '2019-07-22 15:57:05', 1),
	(3853, 1523, 18, '2019-07-22 15:59:05', 1),
	(3854, 1523, 19, '2019-07-22 16:01:05', 1),
	(3855, 1523, 20, '2019-07-22 16:03:05', 1),
	(3856, 1523, 21, '2019-07-22 16:05:05', 1),
	(3857, 1523, 22, '2019-07-22 16:07:05', 1),
	(3858, 1523, 23, '2019-07-22 16:09:05', 1),
	(3859, 1523, 24, '2019-07-22 16:11:05', 1),
	(3860, 1523, 25, '2019-07-22 16:13:05', 1),
	(3861, 1523, 26, '2019-07-22 16:15:05', 1),
	(3862, 1523, 27, '2019-07-22 16:17:05', 1),
	(3863, 1523, 28, '2019-07-22 16:19:05', 1),
	(3864, 1525, 1, '2019-07-22 17:33:11', 1),
	(3865, 1523, 29, '2019-07-23 11:08:07', 2),
	(3866, 1523, 30, '2019-07-23 11:12:26', 1),
	(3867, 1523, 31, '2019-07-23 11:19:14', 1),
	(3868, 1523, 32, '2019-07-23 12:18:39', 1),
	(3869, 1523, 33, '2019-07-23 12:52:20', 1),
	(3870, 1523, 32, '2019-07-23 12:58:20', 1),
	(3871, 1523, 33, '2019-07-23 13:01:14', 1),
	(3872, 1523, 34, '2019-07-23 14:23:50', 1),
	(3873, 1523, 35, '2019-07-23 14:41:52', 1),
	(3874, 1526, 1, '2019-07-23 14:45:16', 1),
	(3875, 1526, 19, '2019-07-23 14:48:24', 1),
	(3876, 1489, 102, '2019-07-23 14:50:06', 1),
	(3877, 1527, 1, '2019-07-23 14:56:53', 1),
	(3878, 1528, 1, '2019-07-23 15:03:20', 1),
	(3879, 1529, 1, '2019-07-23 15:46:13', 1),
	(3880, 1530, 1, '2019-07-23 17:04:51', 1),
	(3881, 1530, 2, '2019-07-23 17:31:49', 1);
/*!40000 ALTER TABLE `module_build_history` ENABLE KEYS */;


-- Dumping structure for table plato_db.module_job_jenkins_master
CREATE TABLE IF NOT EXISTS `module_job_jenkins_master` (
  `jenkins_job_id` int(10) NOT NULL AUTO_INCREMENT,
  `jenkins_job_name` varchar(100) NOT NULL,
  `module_subjobs_order` varchar(2000) DEFAULT NULL,
  `project_id` int(10) NOT NULL,
  `module_creation_date` datetime NOT NULL,
  `description` varchar(1000) DEFAULT NULL,
  PRIMARY KEY (`jenkins_job_id`),
  UNIQUE KEY `module_jobs_jenkins_master_unique_index` (`jenkins_job_name`),
  KEY `project_id_fk_2` (`project_id`),
  CONSTRAINT `project_id_fk_2` FOREIGN KEY (`project_id`) REFERENCES `project_master` (`project_id`)
) ENGINE=InnoDB AUTO_INCREMENT=1531 DEFAULT CHARSET=utf8 COMMENT='info of jenkins job(plato main module)';

-- Dumping data for table plato_db.module_job_jenkins_master: ~218 rows (approximately)
DELETE FROM `module_job_jenkins_master`;
/*!40000 ALTER TABLE `module_job_jenkins_master` DISABLE KEYS */;
INSERT INTO `module_job_jenkins_master` (`jenkins_job_id`, `jenkins_job_name`, `module_subjobs_order`, `project_id`, `module_creation_date`, `description`) VALUES
	(578, 'Viacom_flow', 'hjmghj,Viacom_flow,fhj,', 28, '2018-04-12 18:26:46', 'Viacom_flow'),
	(584, 'Smoke Test Rel 1', 'Smoke Test Fast Rel 1', 28, '2018-04-12 19:49:15', 'Smoke Test Rel 1'),
	(587, 'ImpactChangeRelease1', 'ImpactChangeRelease1,diatRelease1', 28, '2018-04-13 10:41:55', 'ImpactChangeRelease1'),
	(593, 'PerformanceTest', 'PerfTest', 28, '2018-04-13 14:22:10', 'PerformanceTest'),
	(595, 'testingPT', 'pt', 6, '2018-04-13 15:09:00', 'pt'),
	(600, 'DataTestingCompliance', 'dataTest', 28, '2018-04-13 17:04:52', 'data test'),
	(604, 'viacom_sonar_junit test', 'viacom_sonar_junit test', 28, '2018-04-14 11:16:46', 'viacom_sonar_junit test'),
	(611, 'sdfsdfsdf', 'sdfsdfsdf', 30, '2018-04-14 14:59:08', 'sdfsdfsdf'),
	(612, 'jmetertest1', 'jtest1', 30, '2018-04-14 15:31:19', 'jmetertest1'),
	(615, 'dtf1', 'dtf33', 30, '2018-04-14 17:28:35', 'dtf1'),
	(616, 'BuildRelease6', 'PerformanceTesting6.1,BuildRelease6,SmokeTestingRelease6.1,DataComparisionTesting6.1,DIATRelease6.1', 28, '2018-04-14 17:44:16', 'BuildRelease6'),
	(617, 'BuildRelease7', 'PerformanceTesting7.1,DIATRelease7.1,SmokeTestingRelease7.1,BuildRelease7,DataComparisionTesting7.1', 28, '2018-04-16 10:44:17', 'BuildRelease7'),
	(618, 'fast16', NULL, 30, '2018-04-16 11:55:09', 'fast16'),
	(619, 'fast116', 'fast_116', 28, '2018-04-16 11:55:48', 'fast116'),
	(620, 'Sonar_rel1', 'Sonar_rel1', 28, '2018-04-17 12:45:30', 'Sonar_rel1'),
	(622, 'BuildRelease8', 'BuildRelease8,DIATRelease8.1,SmokeTestingRelease8.1,DataComparisionTesting8.1,PerformanceTesting8.1', 28, '2018-04-17 13:07:54', 'BuildRelease8'),
	(623, 'sdfsdfsdfsdfsdf', 'sdfsdfsdfsdfsdf', 30, '2018-04-17 17:29:58', 'sdfsdfsdf123123'),
	(624, 'test1', NULL, 33, '2018-04-19 14:36:35', 'test1'),
	(625, 'ghfg', 'ghfg', 30, '2018-04-19 16:50:43', 'fgg'),
	(628, '2fast', 'rsa_fast,viacom_fast', 28, '2018-04-23 18:38:18', '2fast'),
	(633, 'BrowserStackRelease1', 'BrowserStackTesting1.1', 28, '2018-04-25 17:48:55', 'BrowserStackRelease1'),
	(635, 'FASTTesting1', 'FAST_Viacomm,FAST_Browserstack', 28, '2018-04-27 11:52:18', 'FASTTesting1'),
	(653, 'only_sonar', 'only_sonar', 28, '2018-05-02 13:37:05', 'only_sonar'),
	(654, 'only_junit1', 'only_junit1', 28, '2018-05-02 15:06:26', 'only_junit1'),
	(655, 'Junitsonarduckcreek', 'Junitsonarduckcreek', 28, '2018-05-02 15:15:26', 'Junitsonarduckcreek'),
	(727, 'CCP_REL1', 'SmokeTesting_REL1,DIATTesting_REL1', 357, '2018-05-08 15:32:23', 'CCP_REL1'),
	(728, 'CCP_SmokeTest', 'smokeTest1', 76, '2018-05-08 15:53:36', 'smoke test'),
	(733, 'Duckcreek AnalyserREL1', 'Duckcreek AnalyserREL1', 76, '2018-05-10 18:15:18', 'Duckcreek AnalyserREL1'),
	(798, 'BuildRelease13', 'SmokeTestingRelease13.1,SecurityTesting13.1,DataComparisionTesting13.1,BuildRelease13,DIATRelease13.1', 357, '2018-07-18 15:24:25', 'BuildRelease13'),
	(799, 'Duckcreek_Demo_Quote', 'QuoteDemo', 72, '2018-07-20 12:14:19', 'Duckcreek_Demo_Quote'),
	(801, 'Duckcreek_Demo_New_Business', 'NewBusinessDemo', 72, '2018-07-20 19:38:46', 'New Business'),
	(804, 'Duckcreek_Demo_Endorsement', 'EndorsementDemo', 72, '2018-07-20 20:24:59', 'Duckcreek_Demo_Endorsement'),
	(805, 'Duckcreek_Demo_Renewal', 'RenewalDemo', 72, '2018-07-20 20:49:25', 'Renewal'),
	(806, 'Duckcreek_Demo_Rel1', 'Duckcreek_Integrated_Rel1.1', 72, '2018-07-23 12:12:41', 'Duckcreek_Demo'),
	(807, 'Duckcreek_Demo_Cancellation', 'CancellationDemo', 72, '2018-07-23 12:14:20', 'Duckcreek_Demo_Cancellation'),
	(808, 'BuildRelease14', 'BuildRelease14,DIATRelease14.1,PDFDiffRelease14.1,DataComparisionTesting14.1,SmokeTestingRelease14.1', 357, '2018-07-23 13:54:44', 'BuildRelease14'),
	(811, 'PdfDiff_Rel1', 'NewDocuments_PDF_Diff', 72, '2018-07-24 12:43:37', 'PdfDiff_Rel1'),
	(812, 'XML_SYNC_Rel1', 'NewDocuments_XML_Sync', 72, '2018-07-24 12:54:22', 'XML_SYNC_Rel1'),
	(814, 'DTF_NewPolicyDocsComparision', 'XML_test', 72, '2018-07-25 14:32:05', 'DTF_NewPolicyDocsComparision'),
	(816, 'SampleTAC', 'SampleTacToolDemo', 72, '2018-07-27 13:29:05', 'SampleTAC'),
	(817, 'rahulJuly27', 'tacTest', 29, '2018-07-30 10:47:42', 'myjob'),
	(818, 'QuoteScript', 'TAC_TEST', 72, '2018-07-30 15:51:17', 'Quote TAC'),
	(819, 'DTF_SaiMachineTest', 'testingDTF', 72, '2018-07-31 10:07:14', 'dtf'),
	(820, 'DuckcreekRelease218', 'diat_test2222,ImpactChangeAnalysis,QuoteCreation,CommercialLOBTransactions,PolicyDatabaseValidation,PolicyDocumentValidation', 72, '2018-07-31 11:29:07', 'DuckcreekRelease218'),
	(827, 'RahulAug2', 'job31,job11,job21', 29, '2018-08-02 11:20:00', 'RahulAug2'),
	(828, 'testing Build', 'testing Build selenium,testing Build,testing Build fast', 29, '2018-08-02 16:32:55', 'testing Build'),
	(829, 'testing Build without build', 'testing Build without build jmeter,testing Build without build qtp,testing Build without build fast,testing Build without build selenium', 29, '2018-08-02 16:42:08', 'testing Build without build'),
	(830, 'BajajDemo', 'CarInsurance', 72, '2018-08-02 18:25:07', 'BajajDemo'),
	(831, 'testing wid space', 'testing wid space fast2,testing wid space qtp,testing wid space selenium,testing wid space jmeter,testing wid space xcheck,testing wid space uipath,testing wid space katalon,testing wid space dtf,testing wid space owasp', 29, '2018-08-02 19:19:33', 'testing wid space'),
	(832, 'Bajaj', 'demoRajesh,demo121Rajesh', 270, '2018-08-02 19:31:22', 'Bajaj'),
	(843, 'RahulAug10', 'seleniumRahulAug10,Jaymeter', 72, '2018-08-10 17:32:05', 'RahulAug10'),
	(848, 'build1-13thAug', 'fast_demo,sel_demo', 274, '2018-08-13 16:31:14', 'build1-13thAug'),
	(866, 'Bajaj121', 'demoRajesh', 276, '2018-08-21 15:53:08', 'Bajaj121'),
	(867, 'bhhhjk', 'asdf', 270, '2018-08-21 17:30:09', 'asd'),
	(871, 'trying_abort', 'tryPDF,tryFAST', 72, '2018-08-22 11:56:25', 'trying_abort'),
	(879, 'performancereport', 'performancereporttest2,performancereporttest1', 72, '2018-08-23 09:29:40', 'performancereport'),
	(880, 'demoBuild', NULL, 276, '2018-08-23 11:11:34', 'forDemoOnly'),
	(907, 'rttetert', 'dfgdfgdfgdfg', 72, '2018-08-29 19:23:20', 'rtertertert'),
	(910, 'junittest', 'junittest', 72, '2018-08-30 10:43:29', 'junittest'),
	(911, 'rahul_30aug', 'rahul_30aug', 72, '2018-08-30 12:01:21', 'rahul_30aug'),
	(1037, 'test5', 'werwerwer', 278, '2018-09-14 12:42:54', 'test5'),
	(1051, 'SFDC_RegressionTest', 'Automation_Testing', 278, '2018-09-20 16:11:46', 'SFDC_RegressionTest'),
	(1056, 'SFDC_Tests', 'Performance_Testing,SFDC_Tests,Impact_Change_Analysis,SFDC_Regression_Tests,Data_Testing', 278, '2018-09-24 11:44:00', 'SFDC_Tests'),
	(1058, 'GDPR_TEST', 'tresdsdsd', 278, '2018-09-24 14:55:34', 'GDPR_TEST'),
	(1060, 'diat_test', 'test1wewe', 278, '2018-09-25 10:41:39', 'diat_test'),
	(1061, 'test344_diat', 'testdiat344', 278, '2018-09-25 11:16:20', 'test344_diat'),
	(1062, 'diat_2col', 'diat2col_test', 278, '2018-09-26 11:00:37', 'diat_2col'),
	(1063, 'test1diat', 'diat_modifiedrecentreport', 278, '2018-09-26 11:12:17', 'test1diat'),
	(1064, 'test2diat', 'diat_afterchanging', 278, '2018-09-26 11:34:16', 'test2diat'),
	(1067, 'performancetest12', 'jmetertest11', 278, '2018-09-28 14:45:20', 'performancetest12'),
	(1068, 'testper1', 'jemeter345', 278, '2018-09-28 16:27:43', 'testper2'),
	(1069, 'performance_jm', 'jmeter222', 278, '2018-09-28 16:57:14', 'performance_jm'),
	(1070, 'performance_today', 'jmt1stoct', 278, '2018-10-01 09:45:24', 'performance_today'),
	(1071, 'finalperf', 'jm234', 278, '2018-10-01 11:53:00', 'finalperf'),
	(1074, 'diat_today', 'diat_today1', 72, '2018-10-04 12:05:41', 'diat_today'),
	(1075, 'diat_rr', 'diat_rr1', 278, '2018-10-04 14:32:20', 'diat_rr'),
	(1076, 'h_kt1', 'diat_hkt', 72, '2018-10-05 15:12:55', 'h_kt1'),
	(1077, 'demo_h', 'fast_h,sel_h', 72, '2018-10-05 15:18:40', 'demo_h'),
	(1078, 'test12344', 'diat12344', 72, '2018-10-08 10:53:55', 'test12344'),
	(1094, 'ert456', 'testing_tosca', 72, '2018-10-23 13:13:59', 'sdsd'),
	(1096, 'T24_checklist', 'T24_Jar', 72, '2018-10-23 18:11:33', 'datapassing'),
	(1097, 'Eversource', 'node_1,Eversource,performance_testing_everso', 280, '2018-10-24 21:13:02', 'Eversource scenarios'),
	(1101, 'FAST_REPORT_TEST', 'report_testing', 278, '2018-10-25 12:04:51', 'fast'),
	(1102, 'Eversource_Scenario', 'Eversource_Functional_Testing,Eversource_Release_1.0', 280, '2018-10-25 12:33:20', 'All Scenarios'),
	(1103, 'EverSource_Register', 'EverSource_Registration_Scenario', 280, '2018-10-25 13:03:31', 'EverSource_Register'),
	(1104, 'EverSource_ViewBills', 'EverSource_ViewBills_Scenario', 280, '2018-10-25 13:22:11', 'EverSource_ViewBills'),
	(1105, 'Eversource_Datatesting', 'EverSource_DTF', 280, '2018-10-25 16:48:40', 'Data testing'),
	(1106, 'EverSource_PDF-Diff', 'Eversource_Release_1.0,Eversource_Functional_Automation_Testing,Eversource_Compatibility_Test,Billing_Data_Validation', 280, '2018-10-25 18:17:35', 'EverSource_PDF-Diff'),
	(1107, 'Eversource_WebService', 'Eversource_Release_1.0,Eversource_Functional_Automation_Testing,Eversource_Compatibility_Test', 280, '2018-10-25 19:58:39', 'webservice'),
	(1108, 'Eversource_Security', 'Eversource_Security_Test', 280, '2018-10-26 12:54:29', 'security'),
	(1109, 'Eversource_Release_1.0', 'Eversource_Compatibility_Testing,Eversource_Release_1.0,Eversource_Functional_Automation_Testing,Billing_Data_Validation,Eversource_Performance_Testing,Billing_PDF_Comparison,Service_Testing,Eversource_Security_Testing', 280, '2018-10-26 14:10:41', 'Eversource testing'),
	(1111, 'SmokeTest', 'TOSCA_SmokeTest', 281, '2018-10-26 16:21:03', 'smoke test'),
	(1112, 'eversource_testing', 'webservice_ever_source', 280, '2018-10-26 18:57:58', 'asd'),
	(1113, 'Eversource BrowserStack', 'Eversource BrowserStack job', 280, '2018-10-26 19:06:11', 'Eversource BrowserStack'),
	(1114, 'Eversource_PDF_TESTING', 'eversource-pdf-diff-report', 280, '2018-10-27 18:45:12', 'Eversource_PDF_TESTING'),
	(1115, 'eversource_automation', 'eversource_browserstack_report,eversource_webservice_report,eversource_fast_report', 280, '2018-10-29 10:43:32', 'reports'),
	(1116, 'eversource_fast', 'ever_fast_test', 280, '2018-10-29 11:22:13', 'dastesdf'),
	(1118, 'eversource_webser', 'only_webservice', 280, '2018-10-29 11:25:06', 'webs'),
	(1120, 'Katalon Job', 'Katalon Job Subjob', 76, '2018-11-02 12:39:35', 'Katalon Job'),
	(1122, 'qtpreporttest', 'qtp_rsa_1,sel_rsa1,fast_rsa1,dtf_rsa1,pdf_rsa1,diat_rsa1,jmeter_rsa1,ibm_rsa1', 72, '2018-11-14 12:10:47', 'qtppppp'),
	(1124, 'Rel.1.0_Smoke_Testing', 'Rel.1.0_E2E_Business_Testing,Rel.1.0_E2E_Automation_Testing,Rel.1.0_E2E_Compatibility_testing,Rel.1.0_E2E_Data_Validation,Rel.1.0_E2E_Billing_comparison,Rel.1.0_E2E_performance_testing,Rel.1.0_E2E_Service_Testing,Rel.1.0_E2E_Security_Testing', 282, '2018-11-16 18:19:12', 'Testing https://Loreal.fr'),
	(1125, 'tmnas_test', 'tmnas_qtp', 72, '2018-11-20 10:49:35', 'tmnas_test'),
	(1126, 'tmnas_test1', 'rsa_qtp_test', 72, '2018-11-20 10:52:58', 'tmnas_test1'),
	(1130, 'Rel.1.0', 'Service_loreal_testing', 282, '2018-11-21 12:33:23', 're\\'),
	(1133, 'Rel.2.0', 'loreal_DTF_2.0,loreal_billing_2.0', 282, '2018-11-21 12:41:48', 'release 2.0'),
	(1134, 'Rel.2.1', 'loreal_webservice_2.2,appscan 2.1', 282, '2018-11-21 12:43:13', 'relase 2.1'),
	(1135, 'Rel.2.2', 'loreal_jmeter_2.2', 282, '2018-11-21 12:44:41', 'release 2.2'),
	(1137, 'test_tmnas', 'tmnas_uft,mnas_jmeter', 283, '2018-11-21 16:44:48', 'test_tmnas'),
	(1138, 'datatesting', 'datatesting pdf', 72, '2018-11-22 15:54:10', 'pdf testing'),
	(1139, 'performancetesting', 'performancetesting jmeter2,performancetesting jmeter1', 72, '2018-11-22 16:05:35', 'testing'),
	(1140, 'qtp_27_nov_2018', 'qtp_27_nov_2018_subjob', 72, '2018-11-27 13:09:01', 'qtp_27_nov_2018'),
	(1143, 'QTP_SWAMI', 'qtp2_test,qtp_test', 72, '2018-11-27 15:27:35', 'QTP_SWAMI'),
	(1145, 'newtest', 'newtest qtp', 72, '2018-12-04 15:14:57', 'newtest'),
	(1146, 'new test 123', 'new test 123 fast', 72, '2018-12-04 17:31:31', 'new test 123'),
	(1148, '12-5-18Dem', '12-5-2018jmeter', 76, '2018-12-05 11:25:31', 'hello'),
	(1149, 'testing Build error', 'testing Build error fast,testing Build error qtp,testing Build error sel,testing Build error pdf,testing Build error dtf,testing Build error diat,testing Build error jmeter,testing Build error zap,testing Build error ibm scan', 72, '2018-12-05 12:16:40', 'testing Build error'),
	(1150, 'eer handle', 'eer handle sel', 72, '2018-12-05 13:05:15', 'eer handle'),
	(1151, 'err_han', 'err_han_qtp', 72, '2018-12-05 13:15:50', 'err_han'),
	(1152, '12-5-18Dem2', '12-5-2018dem2_xcehck', 76, '2018-12-05 16:30:48', '12-5-18Dem2'),
	(1153, '6decRahul', '6decRahulQtp', 72, '2018-12-06 15:57:39', '6decRahul'),
	(1157, 'Release_1.0', 'ARD_Selenium,ARD_BDD', 284, '2018-12-11 11:29:31', 'Release_1.0'),
	(1158, 'fast error', 'fast error tool,fast error sel,fast error xcheck', 76, '2018-12-12 15:33:02', 'fast error'),
	(1159, 'fast err', 'fast err browserstack,fast err fast', 76, '2018-12-12 15:42:37', 'fast err'),
	(1160, 'fast err handle', 'fast err handle fast', 72, '2018-12-17 13:28:50', 'fast err handle'),
	(1161, '17-12-2018Test', '17-12-2018TestFast', 76, '2018-12-17 16:56:20', '17-12-2018Test'),
	(1167, 'New Build', NULL, 285, '2018-12-20 15:34:34', '2019'),
	(1181, 'test', 'security', 285, '2019-01-03 18:02:15', 'fhgf'),
	(1182, 'Rel.3.0_Generic_QTP', 'HP_QTP_Testing', 282, '2019-01-04 17:14:48', 'Rel.3.0_Generic_QTP'),
	(1183, 'Rel.4.0_Generic_BURP', 'BURP_Report', 282, '2019-01-07 14:53:27', 'Rel.4.0_Generic_BURP'),
	(1185, 'RahulJan8', 'RahulJan8PerformanceCenter', 72, '2019-01-08 19:30:13', 'RahulJan8'),
	(1186, 'Rel.6.0_Diffent_machine_Jenkin', 'Burp_report_5,p_c_5,HP_QTP_Report_5', 282, '2019-01-09 10:46:16', 'Rel.6.0_delete_this'),
	(1188, 'Release', NULL, 285, '2019-01-16 16:45:58', 'For Smoke test'),
	(1189, 'WealthManagement', NULL, 285, '2019-01-16 17:16:14', 'wealth'),
	(1190, 'dummy', NULL, 285, '2019-01-16 17:37:04', 'for_practice'),
	(1191, 'WealthManagementTest', NULL, 285, '2019-01-17 10:17:59', 'test'),
	(1192, 'training_release', NULL, 285, '2019-01-17 10:30:43', 'some_description'),
	(1193, 'TestBuild', 'TestBuild', 293, '2019-01-17 11:06:24', 'test'),
	(1194, 'sample_build', NULL, 285, '2019-01-17 11:17:37', 'for_practice_assignment'),
	(1198, 'ReleaseBuild', 'abc', 293, '2019-01-17 11:46:50', 'xyz'),
	(1199, 'testRelease', 'script', 293, '2019-01-17 12:08:14', 'test plato'),
	(1200, 'build', 'jme,uft,sele', 293, '2019-01-17 12:24:37', 'test build'),
	(1201, 'BL Build', NULL, 285, '2019-01-17 12:25:41', 'test'),
	(1204, 'abc1234', 'abc1234', 293, '2019-01-17 13:03:05', 'test'),
	(1205, 'TestUser01', 'automationSel', 293, '2019-01-17 13:50:48', 'TestUser'),
	(1206, 'asg_build', NULL, 285, '2019-01-17 15:20:14', 'plato assignment'),
	(1209, 'error_build1', NULL, 293, '2019-01-17 15:35:02', 'error build description'),
	(1210, 'test01build', NULL, 293, '2019-01-17 16:52:27', 'test01'),
	(1212, 'abcq', NULL, 293, '2019-01-17 17:38:51', 'css'),
	(1220, 'Platotest', 'Platotest,platorun', 307, '2019-01-21 19:36:28', 'execut'),
	(1221, 'retest', 'Selenium_1', 307, '2019-01-21 20:02:55', 'plato test'),
	(1228, 'shruReleaseBuild', 'unicorn_br_01', 307, '2019-01-22 18:14:50', 'test plato'),
	(1229, 'new build1', NULL, 307, '2019-01-22 19:27:27', 'desc'),
	(1232, 'NewBuild', 'New Job', 293, '2019-01-23 15:08:49', 'Desciption for new build'),
	(1235, 'assignemt_Test', NULL, 293, '2019-01-23 17:30:05', 'plato assignment'),
	(1236, 'test_plato_assignment', NULL, 293, '2019-01-23 17:32:00', 'plato assignment'),
	(1237, 'QA_Env_10649492', NULL, 320, '2019-01-23 19:07:03', 'test Build'),
	(1238, 'assignment build1', NULL, 293, '2019-01-23 19:09:33', 'test'),
	(1241, 'QA_Env_10649493', NULL, 320, '2019-01-23 19:36:35', 'test Build'),
	(1243, 'QA_Env_10649497', NULL, 320, '2019-01-23 19:41:44', 'test Build'),
	(1246, 'test2', NULL, 293, '2019-01-23 19:50:28', 'testplato'),
	(1247, 'QA_Env_10649498', NULL, 320, '2019-01-23 19:59:42', 'test Build8'),
	(1270, 'build for jaya jharwal', NULL, 293, '2019-01-24 16:19:14', 'build for jaya jharwal'),
	(1272, 'myRelease', 'building', 331, '2019-01-24 16:20:38', 'this is the first release'),
	(1277, 'SHRUBUILD123', 'JMeterShru,SeleniumShru', 322, '2019-01-24 16:36:28', 'Shrubuild123'),
	(1278, 'WM_NwBuild_Unicorn', 'WM_NwBuild_Unicorn', 293, '2019-01-24 18:38:54', 'User story_01'),
	(1284, 'newtest123321', NULL, 76, '2019-01-24 19:28:09', 'newtest123321'),
	(1287, 'tourism_build', NULL, 293, '2019-01-24 19:51:10', 'build for two web applications'),
	(1288, '10652041', 'PlatoAssignment', 330, '2019-01-24 19:59:03', 'yatra'),
	(1290, 'Tamaghna_Build', NULL, 332, '2019-01-24 20:07:44', 'run java'),
	(1292, 'myRelease1', NULL, 331, '2019-01-25 14:08:35', 'this is the second release'),
	(1293, 'Build_10654201', 'selenium', 293, '2019-01-25 16:53:49', 'B'),
	(1299, 'Uni_Build1', NULL, 315, '2019-01-25 18:47:59', 'Uni_Build1'),
	(1300, 'NewBuild_1', 'Project', 293, '2019-01-25 19:39:18', 'New'),
	(1302, 'Raghu_Build', NULL, 293, '2019-01-25 20:00:20', 'java simple application'),
	(1307, 'LIP_Release3', 'Reliance_login5', 317, '2019-01-28 16:57:58', 'LIP_Release3'),
	(1308, 'LP_Release4', 'Reliance_login6', 317, '2019-01-28 17:08:47', 'LP_Release4'),
	(1309, 'demo_wm', NULL, 293, '2019-01-28 17:13:49', 'kick_off'),
	(1310, 'new build navneet', 'new build navneet fast', 72, '2019-01-28 18:16:00', 'new build navneet'),
	(1311, 'fast build test', 'fast build test fast', 72, '2019-01-28 18:27:01', 'fast build test'),
	(1315, 'new qtp test build', 'new qtp test build qtp', 72, '2019-01-28 19:22:35', 'new qtp test build'),
	(1316, 'new fast test build', 'new fast test build fast', 72, '2019-01-28 19:26:29', 'new fast test build'),
	(1321, 'LIP_Release7', 'Voonik_1', 317, '2019-01-29 16:54:31', 'LIP_Release7'),
	(1326, 'TestBuild10616887', 'Maven', 293, '2019-01-30 19:17:22', 'Assignment'),
	(1327, 'Build with multiple Tools', NULL, 293, '2019-01-30 20:52:05', 'Build with multiple Tools'),
	(1328, 'LIP_Release8', 'Voonik_2', 317, '2019-01-31 15:34:19', 'LIP_Release8'),
	(1329, 'Demo_Capital_S', NULL, 293, '2019-01-31 16:44:29', 'Plato Build 1'),
	(1331, 'wm_demo_r', NULL, 293, '2019-01-31 16:56:39', 'build-1'),
	(1332, 'LIP_Release9', 'Amazon_1', 317, '2019-01-31 20:02:28', 'LIP_Release9'),
	(1333, 'NewB', NULL, 293, '2019-01-31 20:11:44', 'Build'),
	(1334, 'buildb', 'Seleniumtest', 293, '2019-02-01 14:46:12', 'Build'),
	(1335, 'Build1', NULL, 293, '2019-02-01 16:54:20', 'Build1'),
	(1337, 'Build2', NULL, 293, '2019-02-01 16:58:27', 'Build2'),
	(1340, 'E2E_Business_process', 'E2E_Automation_Testing', 355, '2019-02-04 12:48:55', 'E2E_Business_process'),
	(1341, 'E2E_Business_Testing', 'E2E_Automation_test5.0', 358, '2019-02-04 12:52:28', 'E2E_Business_Testing'),
	(1342, 'Newest Build', 'SeleniumPRoject', 293, '2019-02-04 12:52:46', 'dfs'),
	(1343, 'Execute Batch File', 'execute batch file1', 293, '2019-02-04 13:58:38', 'Execute Batch File'),
	(1344, 'Execute Batch File001', 'execute batch fileNNNNNNN', 293, '2019-02-04 16:03:00', 'Execute Batch File001'),
	(1345, 'LIP_release10', 'TestScript_01', 317, '2019-02-04 18:54:05', 'LIP_release10'),
	(1346, 'plato_build', 'test_exection', 315, '2019-02-04 19:41:24', 'build'),
	(1349, 'Build_test', 'test', 315, '2019-02-04 20:19:34', 'build'),
	(1352, 'New Build Exe Jar', 'execute jar', 293, '2019-02-05 14:26:37', 'new build exe jar'),
	(1353, 'ExecuteJar01', 'executejar000000001', 293, '2019-02-05 15:40:59', 'ExecuteJar01'),
	(1354, 'JarExecution', 'JarExecution01', 293, '2019-02-05 15:58:48', 'JarExecution'),
	(1355, 'ReportBuild', 'Report', 293, '2019-02-05 18:16:06', 'dfsd'),
	(1356, 'siyara new build', 'siyara new build sel', 293, '2019-02-05 19:29:42', 'description'),
	(1359, 'FSTI new build', 'FSTI new build selenium', 356, '2019-02-06 11:23:14', 'FSTI new build'),
	(1361, 'moun build', 'tre', 315, '2019-02-06 13:10:28', 'build'),
	(1362, 'testing_build', 'testing', 315, '2019-02-06 14:55:07', 'test'),
	(1363, 'Moun_Build', 'build', 315, '2019-02-06 15:41:54', 'build'),
	(1364, 'Report_Build', 'Report1', 315, '2019-02-06 16:11:18', 'build'),
	(1371, 'Voonik_Release', 'Voonik_First_Release', 317, '2019-02-07 17:42:46', 'Voonik_Release'),
	(1372, 'Facebook_First_Release', 'Facebook_Release', 317, '2019-02-07 17:50:56', 'Facebook_First_Release'),
	(1380, 'PTE_Citi_Rel_1.0', 'PTE_Citi_Rel_1.0,PTE_With_Performance_Center,PTE_With_One_Click_Vykon,PTE_Service_Testing,PTE_Automation_Testing', 357, '2019-02-11 15:41:54', 'PTE_Citi_Rel_1.0'),
	(1383, 'PTE_Citi_Rel_2.0', 'PTE_Automation_Testing_2.0,PTE_Citi_Rel_2.0,PTE_With_Performance_Center_2.0,PTE_With_One_Click_Vykon_2.0,PTE_Service_Testing_2.0', 357, '2019-02-12 16:22:12', 'PTE_Citi_Rel_2.0'),
	(1384, 'PTE_Citi_Rel_3.0', 'PTE_Citi_Rel_3.0,PTE_With_Performance_Center_3.0,PTE_With_One_Click_Vykon_3.0,PTE_Service_Testing_3.0,PTE_Automation_Testing_3.0', 357, '2019-02-12 17:21:29', 'PTE_Citi_Rel_3.0'),
	(1385, 'restbuild_Tamaghna', NULL, 293, '2019-02-12 18:03:20', 'test rest assured'),
	(1387, 'PTE_Citi_Rel_4.0', 'PTE_With_Performance_Center_4.0,PTE_Citi_Rel_4.0,Performance_Monitoring_4.0,PTE_Service_Testing_4.0,PTE_Automation_Testing_4.0', 357, '2019-02-13 12:38:09', 'PTE_Citi_Rel_4.0'),
	(1388, 'MouBuild', 'JavaPro', 315, '2019-02-13 16:31:31', 'gfd'),
	(1390, 'PTE_Citi_Rel_5.0', 'PTE_Automation_Testing_5.0,PTE_Citi_Rel_5.0,PTE_With_Performance_Center_5.0,PTE_Bank_Account_Creation_and_cash_deposit_5.0,PTE_Service_Testing_5.0', 357, '2019-02-20 13:04:55', 'PTE_Citi_Rel_5.0'),
	(1394, 'Appium_Rel.1.0', 'Automation_testing_1.0', 282, '2019-02-22 10:26:56', 'Appium_Rel.1.0'),
	(1395, 'Testright_Rel.1.0', 'Testright_Rel.1.0', 282, '2019-02-22 10:44:27', 'Testright_Rel.1.0'),
	(1396, 'Appium_Rel.2.0', 'Appium_Automation_build_release2.0', 282, '2019-02-22 13:36:35', 'Appium_Rel.2.0'),
	(1399, 'Build_configuration_1.1', 'Appium_Automation_build_release3.0,Build_configuration_1.1', 282, '2019-02-22 17:10:23', 'Build_configuration_1.1'),
	(1400, 'Viacom_Sonar', 'Viacom_Automation_Testing,Viacom_Sonar', 282, '2019-02-22 17:36:25', 'Viacom_Sonar'),
	(1401, 'Viacom_POC', 'Viacom_Automation_Testing_Appium,Viacom_POC', 282, '2019-02-22 17:57:51', 'Viacom_POC'),
	(1402, 'viacom-appium', 'asdasdasd,viacom-mobile-auto,dhgdhgfhgf', 282, '2019-02-25 23:56:24', 'android-ios-exercise'),
	(1405, 'E2E_Business_Testing_Rel.1.0', 'E2E_Compatibility_Testing_1.0,E2E_Automation_1.0', 358, '2019-03-04 12:57:24', 'E2E_Business_Testing_Rel.1.0'),
	(1406, 'E2E_Business_Testing_Rel.2.0', 'E2E_Automation_testing_2.0', 358, '2019-03-04 15:12:52', 'E2E_Business_Testing_Rel.2.0'),
	(1407, 'rsa_multi_report', 'rsa_multi_report_qtp,rsa_multi_report_selenium', 72, '2019-03-04 17:40:48', 'rsa_multi_report'),
	(1408, 'E2E_Business_Testing_Rel.2.1', 'Automation_testing_2.1', 358, '2019-03-05 10:35:42', 'E2E_Business_Testing_Rel.2.1'),
	(1412, 'qtp_multi_report', 'qtp_multi_report_qtp', 72, '2019-03-11 15:04:33', 'qtp_multi_report'),
	(1413, 'E2E_Business_Testing_Rel.3.0', 'E2E_Business_Testing_Rel.3.0,Automation_testing_3.0,Compatibility_Testing_3.0,E2E_Data_Validation_3.0,E2E_Report_Comparison,E2E_Service_Testing_3.0,E2E_Performance_Testing_3.0,E2E_Security_Testing_3.0', 358, '2019-03-12 11:09:14', 'E2E_Business_Testing_Rel.3.0'),
	(1419, 'Eversource_Rel_2.0', 'Eversource_Rel_2.0,Eversource_Functional_Automation_Testing_1.0,Eversource_Compatibility_Testing_1.0,Eversource_Service_Testing_1.0,Eversource_Billing_Data_validation,Eversource_PDF_Comparison,Eversource_Performance_Testing_1.0,Eversource_Security_Testing_1.0', 280, '2019-03-25 16:59:35', 'Eversource_Rel_2.0'),
	(1420, 'E2E_Build_POC', 'E2E_Build_POC_AppScan,E2E_Build_POC_Automation,E2E_Performace_Testing_2.1', 358, '2019-03-27 12:14:13', 'E2E Build for POC purposes'),
	(1423, 'CBOLPipe', 'CBOL_Comparision,CBOL_Automation_Testing,CBOL_Compatibility_Testing,CBOL_Data_validation', 361, '2019-04-03 11:13:05', 'Citi Bank Online Application'),
	(1424, 'E2E_Release_1.0', 'E2E_Automation_testing_rel_1.0', 279, '2019-04-04 16:19:44', 'E2E_Release_1.0'),
	(1426, 'BaNCS_Rel_1.1', 'BaNCS_Automation_Testing_1.0', 279, '2019-04-04 19:36:28', 'BaNCS_Rel_1.1'),
	(1427, 'BaNCS_Release_2.0', 'BaNCS_Automation_Testing_2.0', 279, '2019-04-04 20:00:49', 'BaNCS_Rel_2.0'),
	(1428, 'Video_Streaming', 'Video_Streaming_Fast', 362, '2019-04-08 17:44:13', 'Video_Streaming'),
	(1430, 'sampleTesttingCucumber', 'Sample_Cucumber_report_2.0', 362, '2019-04-09 17:19:18', 'sampleTesttingCucumber'),
	(1431, 'Rahul11April', 'Rahul11AprilScania', 72, '2019-04-11 15:28:20', 'Rahul11April'),
	(1433, 'RSA_Test', 'sample_report_rsa', 362, '2019-04-16 16:52:25', 'test'),
	(1444, 'TestBuild1', NULL, 284, '2019-04-17 15:01:58', 'TestBuild1'),
	(1448, 'rahul17Apr19', NULL, 279, '2019-04-17 16:33:13', 'Rahul11April'),
	(1457, 'E2E_Business_Testing_Rel.4.0', 'Security_Testing,E2E_Automtion_Test,Compatibility_Testing,Data_Validation,Billing_Comparison,Service_Testing,Performance_Testing_E2E', 358, '2019-04-29 12:26:40', 'E2E_Business_Testing_Rel.4.0'),
	(1463, 'Sample_Fast_build', 'sample_fast_test_details_check', 362, '2019-04-30 18:37:22', 'sample'),
	(1464, 'E2E_Business_Testing_Rel5.0', 'E2E_Security_Testing5.0,E2E_Performance_Testing5.0,E2E_Billing_Comparison5.0,E2E_DataValidation_5.0,E2E_Compatibility_5.0,E2E_Automation_test5.0', 358, '2019-05-02 12:56:17', 'E2E_Business_Testing_Rel5.0'),
	(1465, 'sampleTestingCLoud', 'SampleCucumberReportForCloud', 362, '2019-05-02 16:16:45', 'cloud'),
	(1466, 'E2E_Business_Testing_Rel6.0', 'Data_Comparison,E2E_Automation_test6.0,E2E_Performance_Testing6.0,E2E_Security_Testing6.0', 358, '2019-05-02 21:54:31', 'E2E_Business_Testing_Rel6.0'),
	(1467, 'E2E_Business_Testing_Rel7.0', 'E2E_Performance_Testing7.0,E2E_Automation_test7.0,E2E_DataValidation_7.0,E2E_Security_Testing7.0', 358, '2019-05-03 15:07:20', 'E2E_Business_Testing_Rel7.0'),
	(1479, 'CucumberReportFromGIT', 'CucumberReportFromGITToTest', 362, '2019-05-08 16:46:56', 'CucumberReportFromGIT'),
	(1482, 'CucumberMultiReport', 'CucumberMultiReport,sample_multiple_report,sample_automation_report,jmeterSample', 362, '2019-05-14 16:12:28', 'sample'),
	(1489, 'SONAR_test', 'SONAR_test', 358, '2019-05-23 11:13:36', 'sonar'),
	(1508, 'jyo2', NULL, 362, '2019-06-06 10:59:44', ''),
	(1509, 'jyo3', 'jyo2.1', 362, '2019-06-07 11:34:28', 'abc'),
	(1513, 'jyo4', 'fast2 fsgkjsg,jyo 4.1', 362, '2019-06-12 15:25:45', 'new'),
	(1515, 'jyo 5.1', 'c2,c1', 362, '2019-06-12 15:26:08', '5.1'),
	(1517, '121212', NULL, 282, '2019-06-17 15:46:20', '54545'),
	(1520, 'OTC_SolMan', 'OTC_Flow', 358, '2019-07-05 18:16:22', 'OTC'),
	(1523, 'newjenkins', 'newjenkins', 362, '2019-07-22 15:17:44', 'testing'),
	(1525, 'test3', 'o1', 362, '2019-07-22 17:32:23', 'test'),
	(1526, 'jyosonar', 'jyosonar', 362, '2019-07-23 14:44:20', 'sonar'),
	(1527, 'jyosonar2', 'jyosonar2', 362, '2019-07-23 14:56:21', 'sonar'),
	(1528, 'jyosonar111', 'jyosonar111', 358, '2019-07-23 15:01:56', 's'),
	(1529, 'jyosonar3', 'jyosonar3', 362, '2019-07-23 15:45:31', 'sonar'),
	(1530, 'end_to_end', 'dtf_e2e,faste2e,jmeter_e2e,appscan_e2e', 362, '2019-07-23 16:58:44', 'end_to_end');
/*!40000 ALTER TABLE `module_job_jenkins_master` ENABLE KEYS */;


-- Dumping structure for table plato_db.module_job_jenkins_parameters
CREATE TABLE IF NOT EXISTS `module_job_jenkins_parameters` (
  `id` int(10) NOT NULL AUTO_INCREMENT,
  `parameter_key` varchar(50) DEFAULT NULL,
  `value` varchar(500) DEFAULT NULL,
  `module_id` int(10) DEFAULT NULL,
  PRIMARY KEY (`id`),
  KEY `FK_module_job_jenkins_parameters_module_job_jenkins_master` (`module_id`),
  CONSTRAINT `FK_module_job_jenkins_parameters_module_job_jenkins_master` FOREIGN KEY (`module_id`) REFERENCES `module_job_jenkins_master` (`jenkins_job_id`) ON DELETE CASCADE ON UPDATE CASCADE
) ENGINE=InnoDB AUTO_INCREMENT=54 DEFAULT CHARSET=utf8;

-- Dumping data for table plato_db.module_job_jenkins_parameters: ~12 rows (approximately)
DELETE FROM `module_job_jenkins_parameters`;
/*!40000 ALTER TABLE `module_job_jenkins_parameters` DISABLE KEYS */;
INSERT INTO `module_job_jenkins_parameters` (`id`, `parameter_key`, `value`, `module_id`) VALUES
	(42, 'scm_timer', '', 1413),
	(43, 'timer_trigger', 'H/15 * * * *', 1413),
	(44, 'scm_timer', '', 1406),
	(45, 'timer_trigger', 'H/15 * * * *', 1406),
	(46, 'scm_timer', 'H/30 * * * *', 1433),
	(47, 'timer_trigger', 'H/10 * * * *', 1433),
	(48, 'scm_timer', '*****', 1515),
	(49, 'timer_trigger', '', 1515),
	(50, 'scm_timer', '', 1513),
	(51, 'timer_trigger', '', 1513),
	(52, 'scm_timer', '', 1523),
	(53, 'timer_trigger', '', 1523);
/*!40000 ALTER TABLE `module_job_jenkins_parameters` ENABLE KEYS */;


-- Dumping structure for table plato_db.module_subjob_jenkins_master
CREATE TABLE IF NOT EXISTS `module_subjob_jenkins_master` (
  `subjob_id` int(10) NOT NULL AUTO_INCREMENT,
  `subjob_name` varchar(100) NOT NULL,
  `node_name` varchar(100) NOT NULL,
  `jenkins_job_id` int(10) NOT NULL,
  `command_to_execute` varchar(500) DEFAULT NULL,
  `report_path` varchar(500) DEFAULT NULL,
  `subjob_description` varchar(200) DEFAULT NULL,
  `tool_name` varchar(100) DEFAULT NULL,
  `postbuild_subjob` varchar(100) DEFAULT NULL,
  `is_ladyBug_checked` tinyint(4) DEFAULT '0',
  `is_alm_checked` tinyint(4) DEFAULT '0',
  `order_number` int(10) DEFAULT '0',
  `postBuild_trigger_option` varchar(100) DEFAULT 'trigger only if build is stable',
  PRIMARY KEY (`subjob_id`),
  UNIQUE KEY `subjob_name_unique_index` (`subjob_name`),
  KEY `jenkins_job_id_fk` (`jenkins_job_id`),
  KEY `node_name_fk_2` (`node_name`),
  CONSTRAINT `jenkins_job_id_fk` FOREIGN KEY (`jenkins_job_id`) REFERENCES `module_job_jenkins_master` (`jenkins_job_id`),
  CONSTRAINT `node_name_fk_2` FOREIGN KEY (`node_name`) REFERENCES `node_master` (`node_name`) ON UPDATE CASCADE
) ENGINE=InnoDB AUTO_INCREMENT=2962 DEFAULT CHARSET=utf8 COMMENT='info of jenkins sub jobs(plato tools configured in a module)';

-- Dumping data for table plato_db.module_subjob_jenkins_master: ~471 rows (approximately)
DELETE FROM `module_subjob_jenkins_master`;
/*!40000 ALTER TABLE `module_subjob_jenkins_master` DISABLE KEYS */;
INSERT INTO `module_subjob_jenkins_master` (`subjob_id`, `subjob_name`, `node_name`, `jenkins_job_id`, `command_to_execute`, `report_path`, `subjob_description`, `tool_name`, `postbuild_subjob`, `is_ladyBug_checked`, `is_alm_checked`, `order_number`, `postBuild_trigger_option`) VALUES
	(1421, 'Smoke Test Fast Rel 1', 'master', 584, 'd:\ncd D:\\Automation\\FAST\\00baseline\\Libraries\njava -jar FAST-Java.jar D:\\Automation\\FAST\\00baseline\\ControlFile\\ControlFile_VIACOM.xls\npause\nexit', 'D:\\Automation\\FAST\\00baseline\\ExecutionReports', 'test', 'FAST', NULL, 0, 0, 0, 'trigger only if build is stable'),
	(1442, 'diatRelease1', 'master', 587, '', 'D:\\JENKINS/workspace/diatRelease1/RecentReport.xlsx', 'test', 'DIAT', NULL, 0, 0, 0, 'trigger only if build is stable'),
	(1443, 'ImpactChangeRelease1', 'master', 587, 'unitTesting,junit,jenkinsConfig,http://172.25.14.111:8080/jenkins/job/ImpactChangeRelease1/configure', 'isSonarChecked,true,sonarUrl,http://172.25.14.112:9000,sonarKey,EarnixService', 'ImpactChangeRelease1', 'BUILD', NULL, 0, 0, 0, 'trigger only if build is stable'),
	(1453, 'PerfTest', 'master', 593, 'cd D:\\Performance\\Jmeter\\apache-jmeter-2.13\\bin\r\njmeter -n -t D:\\Performance\\Jmeter\\WODH_Prasana.jmx -l D:\\Performance\\Jmeter\\scriptresults.csv\r\npause ', 'D:\\JENKINS/workspace/PerfTest/', 'test', 'JMETER', NULL, 0, 0, 0, 'trigger only if build is stable'),
	(1459, 'pt', 'master', 595, 'cd D:\\Performance\\Jmeter\\apache-jmeter-2.13\\bin\njmeter -n -t D:\\Performance\\Jmeter\\WODH_Prasana.jmx -l D:\\Performance\\Jmeter\\scriptresults.csv\npause ', 'D:\\JENKINS/workspace/pt/', 'test', 'UIPATH', NULL, 0, 0, 0, 'trigger only if build is stable'),
	(1467, 'dataTest', 'master', 600, 'D:\ncd D:\\DTF_Workspace\\Project\nRD /S /Q report\nMD report\nD:\ncd D:\\DTF\njava -Xmx1024m -Xss20m -jar DTF.jar "-relExecution" "D:\\DTF_Workspace" "Project" "Release"', 'D:\\JENKINS/workspace/dataTest/', 'test', 'DTF', NULL, 0, 0, 0, 'trigger only if build is stable'),
	(1490, 'viacom_sonar_junit test', 'master', 604, 'unitTesting,junit,jenkinsConfig,http://172.25.14.111:8080/jenkins/job/viacom_sonar_junit test/configure', 'isSonarChecked,true,sonarUrl,http://172.25.14.112:9000,sonarKey,EarnixService', 'viacom_sonar_junit test', 'BUILD', NULL, 0, 0, 0, 'trigger only if build is stable'),
	(1513, 'jtest1', 'master', 612, 'cd D:\\Performance\\Jmeter\\apache-jmeter-2.13\\bin\njmeter -n -t D:\\Performance\\Jmeter\\WODH_Prasana.jmx -l D:\\Performance\\Jmeter\\scriptresults.csv\npause ', 'D:\\JENKINS/workspace/jtest1/', 'test', 'JMETER', NULL, 0, 0, 0, 'trigger only if build is stable'),
	(1525, 'dtf33', 'master', 615, 'D:\ncd D:\\DTF_Workspace\\Project\nRD /S /Q report\nMD report\nD:\ncd D:\\DTF\njava -Xmx1024m -Xss20m -jar DTF.jar "-relExecution" "D:\\DTF_Workspace" "Project" "Release"', 'D:\\JENKINS/workspace/dtf33/', 'test', 'DTF', NULL, 0, 0, 0, 'trigger only if build is stable'),
	(1526, 'PerformanceTesting6.1', 'master', 616, 'cd D:\\Performance\\Jmeter\\apache-jmeter-2.13\\bin\njmeter -n -t D:\\Performance\\Jmeter\\WODH_Prasana.jmx -l D:\\Performance\\Jmeter\\report\\scriptresults.csv\npause ', 'D:\\JENKINS/workspace/PerformanceTesting6.1/', 'test', 'JMETER', NULL, 0, 0, 0, 'trigger only if build is stable'),
	(1527, 'BuildRelease6', 'master', 616, 'unitTesting,junit,jenkinsConfig,http://172.25.14.111:8080/jenkins/job/BuildRelease6/configure', 'isSonarChecked,true,sonarUrl,http://172.25.14.112:9000,sonarKey,EarnixService', 'BuildRelease6', 'BUILD', NULL, 0, 0, 0, 'trigger only if build is stable'),
	(1528, 'SmokeTestingRelease6.1', 'master', 616, 'd:\ncd D:\\Automation\\FAST\\00baseline\\Libraries\njava -jar FAST-Java.jar D:\\Automation\\FAST\\00baseline\\ControlFile\\ControlFile_VIACOM.xls\npause\nexit', 'D:\\Automation\\FAST\\00baseline\\ExecutionReports', 'test', 'FAST', NULL, 0, 0, 0, 'trigger only if build is stable'),
	(1529, 'DIATRelease6.1', 'master', 616, 'D:\ncd D:\\Software\\DIAT\nDIAT.bat\npause\nexit', 'D:\\JENKINS/workspace/DIATRelease6.1/RecentReport.xlsx', 'test', 'DIAT', NULL, 0, 0, 0, 'trigger only if build is stable'),
	(1530, 'DataComparisionTesting6.1', 'master', 616, 'D:\ncd D:\\DTF_Workspace\\Project\nRD /S /Q report\nMD report\nD:\ncd D:\\DTF\njava -Xmx1024m -Xss20m -jar DTF.jar "-relExecution" "D:\\DTF_Workspace" "Project" "Release"', 'D:\\JENKINS/workspace/DataComparisionTesting6.1/', 'test', 'DTF', NULL, 0, 0, 0, 'trigger only if build is stable'),
	(1531, 'PerformanceTesting7.1', 'master', 617, 'cd D:\\Performance\\Jmeter\\apache-jmeter-2.13\\bin\njmeter -n -t D:\\Performance\\Jmeter\\WODH_Prasana.jmx -l D:\\Performance\\Jmeter\\report\\scriptresults.csv\npause ', 'D:\\JENKINS/workspace/PerformanceTesting7.1/', 'test', 'JMETER', NULL, 0, 0, 0, 'trigger only if build is stable'),
	(1532, 'DIATRelease7.1', 'master', 617, 'D:\ncd D:\\Software\\DIAT\nDIAT.bat\npause\nexit', 'D:\\JENKINS/workspace/DIATRelease7.1/RecentReport.xlsx', 'test', 'DIAT', NULL, 0, 0, 0, 'trigger only if build is stable'),
	(1533, 'SmokeTestingRelease7.1', 'fast_112_node', 617, 'd:\ncd D:\\Automation\\FAST\\00baseline\\Libraries\njava -jar FAST-Java.jar D:\\Automation\\FAST\\00baseline\\ControlFile\\ControlFile_VIACOM.xls\npause\nexit', 'D:\\Automation\\FAST\\00baseline\\ExecutionReports', 'test', 'FAST', NULL, 0, 0, 0, 'trigger only if build is stable'),
	(1534, 'BuildRelease7', 'master', 617, 'unitTesting,junit,jenkinsConfig,http://172.25.14.111:8080/jenkins/job/BuildRelease7/configure', 'isSonarChecked,true,sonarUrl,http://172.25.14.112:9000,sonarKey,EarnixService', 'BuildRelease7', 'BUILD', NULL, 0, 0, 0, 'trigger only if build is stable'),
	(1535, 'fast_116', 'master', 619, 'd:\ncd D:\\Automation\\FAST\\00baseline\\Libraries\njava -jar FAST-Java.jar D:\\Automation\\FAST\\00baseline\\ControlFile\\ControlFile_VIACOM.xls\npause\nexit', 'D:\\Automation\\FAST\\00baseline\\ExecutionReports', 'test', 'FAST', NULL, 0, 0, 0, 'trigger only if build is stable'),
	(1536, 'DataComparisionTesting7.1', 'master', 617, 'D:\ncd D:\\DTF_Workspace\\Project\nRD /S /Q report\nMD report\nD:\ncd D:\\DTF\njava -Xmx1024m -Xss20m -jar DTF.jar "-relExecution" "D:\\DTF_Workspace" "Project" "Release"', 'D:\\JENKINS/workspace/DataComparisionTesting7.1/', 'test', 'DTF', NULL, 0, 0, 0, 'trigger only if build is stable'),
	(1537, 'Sonar_rel1', 'master', 620, 'unitTesting,,jenkinsConfig,http://172.25.14.111:8080/jenkins/job/Sonar_rel1/configure', 'isSonarChecked,true,sonarUrl,http://172.25.14.112:9000,sonarKey,SmartBoardKey', 'Sonar_rel1', 'BUILD', NULL, 0, 0, 0, 'trigger only if build is stable'),
	(1538, 'PerformanceTesting8.1', 'master', 622, 'cd D:\\Performance\\Jmeter\\apache-jmeter-2.13\\bin\njmeter -n -t D:\\Performance\\Jmeter\\WODH_Prasana.jmx -l D:\\Performance\\Jmeter\\report\\scriptresults.csv\npause ', 'D:\\JENKINS/workspace/PerformanceTesting8.1/', 'test', 'JMETER', NULL, 0, 0, 0, 'trigger only if build is stable'),
	(1539, 'BuildRelease8', 'master', 622, 'unitTesting,junit,jenkinsConfig,http://172.25.14.111:8080/jenkins/job/BuildRelease8/configure', 'isSonarChecked,true,sonarUrl,http://172.25.14.112:9000,sonarKey,SmartBoardKey', 'BuildRelease8', 'BUILD', NULL, 0, 0, 0, 'trigger only if build is stable'),
	(1540, 'DataComparisionTesting8.1', 'master', 622, 'D:\ncd D:\\DTF_Workspace\\Project\nRD /S /Q report\nMD report\nD:\ncd D:\\DTF\njava -Xmx1024m -Xss20m -jar DTF.jar "-relExecution" "D:\\DTF_Workspace" "Project" "Release"', 'D:\\JENKINS/workspace/DataComparisionTesting8.1/', 'test', 'DTF', NULL, 0, 0, 0, 'trigger only if build is stable'),
	(1541, 'DIATRelease8.1', 'master', 622, 'D:\ncd D:\\Software\\DIAT\nDIAT.bat\npause\nexit', 'D:\\JENKINS/workspace/DIATRelease8.1/RecentReport.xlsx', 'test', 'DIAT', NULL, 0, 0, 0, 'trigger only if build is stable'),
	(1542, 'SmokeTestingRelease8.1', 'fast_112_node', 622, 'd:\ncd D:\\Automation\\FAST\\00baseline\\Libraries\njava -jar FAST-Java.jar D:\\Automation\\FAST\\00baseline\\ControlFile\\ControlFile_VIACOM.xls\npause\nexit', 'D:\\Automation\\FAST\\00baseline\\ExecutionReports', 'test', 'FAST', NULL, 0, 0, 0, 'trigger only if build is stable'),
	(1543, 'sdfsdfsdf', 'master', 611, 'unitTesting,none,jenkinsConfig,http://172.25.14.111:8080/jenkins/job/sdfsdfsdf/configure', 'isSonarChecked,false,sonarUrl,,sonarKey,', 'sdfsdfsdf', 'BUILD', NULL, 0, 0, 0, 'trigger only if build is stable'),
	(1544, 'sdfsdfsdfsdfsdf', 'master', 623, 'unitTesting,junit,jenkinsConfig,http://172.25.14.111:8080/jenkins/job/sdfsdfsdfsdfsdf/configure', 'isSonarChecked,false,sonarUrl,,sonarKey,', 'sdfsdfsdf123123', 'BUILD', NULL, 0, 0, 0, 'trigger only if build is stable'),
	(1545, 'Viacom_flow', 'master', 578, 'unitTesting,,jenkinsConfig,http://172.25.14.111:8080/jenkins/job/Viacom_flow/configure', 'isSonarChecked,false,sonarUrl,,sonarKey,', 'Viacom_flow', 'BUILD', NULL, 0, 0, 0, 'trigger only if build is stable'),
	(1546, 'hjmghj', 'master', 578, 'cd D:\\Performance\\Jmeter\\apache-jmeter-2.13\\bin\njmeter -n -t D:\\Performance\\Jmeter\\WODH_Prasana.jmx -l D:\\Performance\\Jmeter\\report\\scriptresults.csv\npause ', 'D:\\JENKINS/workspace/hjmghj/', 'test', 'JMETER', NULL, 0, 0, 0, 'trigger only if build is stable'),
	(1547, 'fhj,', 'master', 578, 'd:/QTP.exe', 'D:\\JENKINS/workspace/fhj,/', 'test', 'HP QTP', NULL, 0, 0, 0, 'trigger only if build is stable'),
	(1548, 'ghfg', 'master', 625, 'unitTesting,junit,jenkinsConfig,http://172.25.14.111:8080/jenkins/job/ghfg/configure', 'isSonarChecked,true,sonarUrl,fghfh,sonarKey,hgf', 'fgg', 'BUILD', NULL, 0, 0, 0, 'trigger only if build is stable'),
	(1556, 'viacom_fast', 'master', 628, 'd:\ncd D:\\Automation\\FAST\\00baseline\\Libraries\njava -jar FAST-Java.jar D:\\Automation\\FAST\\00baseline\\ControlFile\\ControlFile_VIACOM.xls\npause\nexit', 'D:\\Automation\\FAST\\00baseline\\ExecutionReports', 'test', 'FAST', NULL, 0, 0, 0, 'trigger only if build is stable'),
	(1557, 'rsa_fast', 'fast_112_node', 628, 'd:\ncd D:\\Automation\\FAST\\00baseline\\Libraries\njava -jar FAST-Java.jar D:\\Automation\\FAST\\00baseline\\ControlFile\\ControlFile_RSA.xls\npause\nexit', 'D:\\Automation\\FAST\\00baseline\\ExecutionReports', 'test', 'FAST', NULL, 0, 0, 0, 'trigger only if build is stable'),
	(1571, 'BrowserStackTesting1.1', 'fast_112_node', 633, 'd:\ncd D:\\Automation\\FAST\\00baseline\\Libraries\njava -jar FAST-Java.jar D:\\Automation\\FAST\\00baseline\\ControlFile\\ControlFile_VIACOM.xls\npause\nexit', 'D:\\Automation\\FAST\\00baseline\\ExecutionReports', 'test', 'FAST', NULL, 0, 0, 0, 'trigger only if build is stable'),
	(1572, 'FAST_Viacomm', 'fast_112_node', 635, 'd:\ncd D:\\Automation\\FAST\\00baseline\\Libraries\njava -jar FAST-Java.jar D:\\Automation\\FAST\\00baseline\\ControlFile\\ControlFile_VIACOM.xls\npause\nexit', 'D:\\Automation\\FAST\\00baseline\\ExecutionReports', 'test', 'FAST', NULL, 0, 0, 0, 'trigger only if build is stable'),
	(1573, 'FAST_Browserstack', 'fast_112_node', 635, 'd:\ncd D:\\Automation\\FAST\\00baseline\\Libraries\njava -jar FAST-Java.jar D:\\Automation\\FAST\\00baseline\\ControlFile\\ControlFile_VIACOM_BrowserStack.xls\npause\nexit', 'D:\\Automation\\FAST\\00baseline\\ExecutionReports', 'test', 'FAST', NULL, 0, 0, 0, 'trigger only if build is stable'),
	(1590, 'only_sonar', 'master', 653, 'unitTesting,,jenkinsConfig,http://172.25.14.111:8080/jenkins/job/only_sonar/configure', 'isSonarChecked,true,sonarUrl,http://172.25.14.112:9000,sonarKey,SmartBoardKey,isDuckcreekChecked,false,duckcreekUrl,,Reportpath,,inputParameter,', 'only_sonar', 'BUILD', NULL, 0, 0, 0, 'trigger only if build is stable'),
	(1591, 'only_junit1', 'master', 654, 'unitTesting,junit,jenkinsConfig,http://172.25.14.111:8080/jenkins/job/only_junit1/configure', 'isSonarChecked,false,sonarUrl,,sonarKey,,isDuckcreekChecked,false,duckcreekUrl,,Reportpath,,inputParameter,', 'only_junit1', 'BUILD', NULL, 0, 0, 0, 'trigger only if build is stable'),
	(1592, 'Junitsonarduckcreek', 'master', 655, 'unitTesting,junit,jenkinsConfig,http://172.25.14.111:8080/jenkins/job/Junitsonarduckcreek/configure', 'isSonarChecked,true,sonarUrl,http://172.25.14.112:9000,sonarKey,SmartBoardKey,isDuckcreekChecked,true,duckcreekUrl, http://172.21.106.127/AnalyzerAPI/api/Manuscript/ValidateManuscript,Reportpath,mm,inputParameter,mmm', 'Junitsonarduckcreek', 'BUILD', NULL, 0, 0, 0, 'trigger only if build is stable'),
	(1597, 'smokeTest1', 'master', 728, 'java -jar D:/FAST/Libraries/FAST-Java.jar', 'D:\\Automation\\FAST\\00baseline\\ExecutionReports', 'test', 'FAST', NULL, 0, 0, 0, 'trigger only if build is stable'),
	(1598, 'DIATTesting_REL1', 'master', 727, 'D:\ncd D:\\Software\\DIAT\nDIAT.bat\npause\nexit', 'D:\\JENKINS/workspace/DIATTesting_REL1/RecentReport.xlsx', 'test', 'DIAT', NULL, 0, 0, 0, 'trigger only if build is stable'),
	(1599, 'SmokeTesting_REL1', 'master', 727, 'd:\ncd D:\\Automation\\FAST\\00baseline\\Libraries\njava -jar FAST-Java.jar D:\\Automation\\FAST\\00baseline\\ControlFile\\ControlFile_UTICA.xls\npause\nexit', 'D:\\Automation\\FAST\\00baseline\\ExecutionReports', 'test', 'FAST', NULL, 0, 0, 0, 'trigger only if build is stable'),
	(1610, 'Duckcreek AnalyserREL1', 'master', 733, 'unitTesting,,jenkinsConfig,http://172.25.14.111:8080/jenkins/job/Duckcreek AnalyserREL1/configure', 'isSonarChecked,false,sonarUrl,,sonarKey,,isDuckcreekChecked,true,duckcreekUrl,http://172.21.106.127/AnalyzerAPI/api/Manuscript/ValidateManuscript,Reportpath,a,inputParameter,a', 'Duckcreek AnalyserREL1', 'BUILD', NULL, 0, 0, 0, 'trigger only if build is stable'),
	(1700, 'SmokeTestingRelease13.1', 'fast_112_node', 798, 'd:\ncd D:\\Automation\\FAST\\00baseline\\Libraries\njava -jar FAST-Java.jar D:\\Automation\\FAST\\00baseline\\ControlFile\\ControlFile_RSA.xls\npause\nexit', 'D:\\Automation\\FAST\\00baseline\\ExecutionReports', 'test', 'FAST', NULL, 1, 0, 0, 'trigger only if build is stable'),
	(1701, 'SecurityTesting13.1', 'master', 798, '', 'D:\\Appscan', 'test', 'IBM APP SCAN', NULL, 1, 0, 0, 'trigger only if build is stable'),
	(1702, 'DataComparisionTesting13.1', 'master', 798, 'D:\ncd D:\\DTF_Workspace\\Project\nRD /S /Q report\nMD report\nD:\ncd D:\\DTF\njava -Xmx1024m -Xss20m -jar DTF.jar "-relExecution" "D:\\DTF_Workspace" "Project" "Release"', 'D:\\DTF_Workspace\\Project\\report', 'test', 'DTF', NULL, 1, 0, 0, 'trigger only if build is stable'),
	(1703, 'BuildRelease13', 'master', 798, 'unitTesting,junit,jenkinsConfig,http://172.25.14.111:8080/jenkins/job/BuildRelease13/configure', 'isSonarChecked,true,sonarUrl,http://172.25.14.112:9000,sonarKey,SmartBoardKey,isDuckcreekChecked,false,duckcreekUrl,,Reportpath,,inputParameter,', 'BuildRelease13', 'BUILD', NULL, 0, 0, 0, 'trigger only if build is stable'),
	(1704, 'DIATRelease13.1', 'master', 798, 'D:\ncd D:\\Software\\DIAT\nDIAT.bat\npause\nexit', 'D:\\Software\\DIAT\\RecentReport', 'test', 'DIAT', NULL, 1, 0, 0, 'trigger only if build is stable'),
	(1706, 'QuoteDemo', 'fast_112_node', 799, 'd:\ncd D:\\Automation\\FAST\\00baseline\\Libraries\njava -jar FAST-Java.jar D:\\Automation\\FAST\\00baseline\\ControlFile\\ControlFile_Duckcreek.xls\npause\nexit', 'D:\\Automation\\FAST\\00baseline\\ExecutionReports', 'test', 'FAST', NULL, 0, 0, 0, 'trigger only if build is stable'),
	(1710, 'NewBusinessDemo', 'fast_112_node', 801, 'd:\ncd D:\\Automation\\FAST\\00baseline\\Libraries\njava -jar FAST-Java.jar D:\\Automation\\FAST\\00baseline\\ControlFile\\ControlFile_Duckcreek.xls\npause\nexit', 'D:\\Automation\\FAST\\00baseline\\ExecutionReports\\MostRecent', 'test', 'FAST', NULL, 0, 0, 0, 'trigger only if build is stable'),
	(1714, 'EndorsementDemo', 'fast_112_node', 804, 'd:\ncd D:\\Automation\\FAST\\00baseline\\Libraries\njava -jar FAST-Java.jar D:\\Automation\\FAST\\00baseline\\ControlFile\\ControlFile_Duckcreek.xls\npause\nexit', 'D:\\Automation\\FAST\\00baseline\\ExecutionReports\\MostRecent', 'test', 'FAST', NULL, 0, 0, 0, 'trigger only if build is stable'),
	(1715, 'RenewalDemo', 'fast_112_node', 805, 'd:\ncd D:\\Automation\\FAST\\00baseline\\Libraries\njava -jar FAST-Java.jar D:\\Automation\\FAST\\00baseline\\ControlFile\\ControlFile_Duckcreek.xls\npause\nexit', 'D:\\Automation\\FAST\\00baseline\\ExecutionReports\\MostRecent', 'test', 'FAST', NULL, 0, 0, 0, 'trigger only if build is stable'),
	(1716, 'Duckcreek_Integrated_Rel1.1', 'fast_112_node', 806, 'd:\ncd D:\\Automation\\FAST\\00baseline\\Libraries\njava -jar FAST-Java.jar D:\\Automation\\FAST\\00baseline\\ControlFile\\ControlFile_Duckcreek.xls\npause\nexit', 'D:\\Automation\\FAST\\00baseline\\ExecutionReports\\MostRecent', 'test', 'FAST', NULL, 0, 0, 0, 'trigger only if build is stable'),
	(1717, 'CancellationDemo', 'fast_112_node', 807, 'd:\ncd D:\\Automation\\FAST\\00baseline\\Libraries\njava -jar FAST-Java.jar D:\\Automation\\FAST\\00baseline\\ControlFile\\ControlFile_Duckcreek.xls\npause\nexit', 'D:\\Automation\\FAST\\00baseline\\ExecutionReports\\MostRecent', 'test', 'FAST', NULL, 0, 0, 0, 'trigger only if build is stable'),
	(1718, 'BuildRelease14', 'master', 808, 'unitTesting,,jenkinsConfig,http://172.25.14.111:8080/jenkins/job/BuildRelease14/configure', 'isSonarChecked,true,sonarUrl,http://172.25.14.112:9000,sonarKey,SmartBoardKey,isDuckcreekChecked,true,duckcreekUrl,http://172.21.106.127/AnalyzerAPI/api/Manuscript/ValidateManuscript,Reportpath,a,inputParameter,a', 'BuildRelease14', 'BUILD', NULL, 0, 0, 0, 'trigger only if build is stable'),
	(1719, 'DIATRelease14.1', 'master', 808, 'D:\ncd D:\\Software\\DIAT\nDIAT.bat\npause\nexit', 'D:\\Software\\DIAT\\RecentReport', 'test', 'DIAT', NULL, 0, 0, 0, 'trigger only if build is stable'),
	(1720, 'PDFDiffRelease14.1', 'master', 808, 'D:\ncd D:\\PDF-Diff\\PDF-Diff\npdfdifflatest.bat\npause\nexit 0', 'D:\\PDF-Diff\\PDF-Diff\\Report', 'test', 'PDF', NULL, 0, 0, 0, 'trigger only if build is stable'),
	(1721, 'DataComparisionTesting14.1', 'master', 808, 'D:\ncd D:\\DTF_Workspace\\Project\nRD /S /Q report\nMD report\nD:\ncd D:\\DTF\njava -Xmx1024m -Xss20m -jar DTF.jar "-relExecution" "D:\\DTF_Workspace" "Project" "Release"', 'D:\\DTF_Workspace\\Project\\report', 'test', 'DTF', NULL, 0, 0, 0, 'trigger only if build is stable'),
	(1722, 'SmokeTestingRelease14.1', 'fast_112_node', 808, 'd:\ncd D:\\Automation\\FAST\\00baseline\\Libraries\njava -jar FAST-Java.jar D:\\Automation\\FAST\\00baseline\\ControlFile\\ControlFile_Duckcreek.xls\npause\nexit', 'D:\\Automation\\FAST\\00baseline\\ExecutionReports\\MostRecent', 'test', 'FAST', NULL, 0, 0, 0, 'trigger only if build is stable'),
	(1724, 'NewDocuments_PDF_Diff', 'master', 811, 'D:\ncd D:\\PDF-Diff\\PDF-Diff\npdfdifflatest.bat\npause\nexit 0', 'D:\\PDF-Diff\\PDF-Diff\\Report', 'test', 'PDF', NULL, 0, 0, 0, 'trigger only if build is stable'),
	(1725, 'NewDocuments_XML_Sync', 'master', 812, 'D:\ncd D:\\xmlsetup\nXML_Sync.bat\npause\nexit 0', 'D:\\xmlsetup\\Report', 'test', 'XML_SYNC', NULL, 0, 0, 0, 'trigger only if build is stable'),
	(1731, 'XML_test', 'master', 814, 'D:\ncd D:\\DTF_Workspace\\Policy_Docs\nRD /S /Q report\nMD report\nD:\ncd D:\\DTF\njava -Xmx1024m -Xss20m -jar DTF.jar "-relExecution" "D:\\DTF_Workspace" "Policy_Docs" "PremiumComparision"', 'D:\\DTF_Workspace\\Policy_Docs\\report', 'test', 'DTF', NULL, 0, 0, 0, 'trigger only if build is stable'),
	(1734, 'SampleTacToolDemo', 'master', 816, 'c:\ncd C:\\Program Files\\Duck Creek Technologies\\Test Automation Center\\Bin\nASW.TestLab.Functional.exe --filename "C:\\Users\\Administrator\\Desktop\\TAC\\New_Test_Script.xml" --browser InternetExplorer\npause\nexit 0', 'C:\\Users\\Administrator\\Desktop\\TAC\\Report', 'test', 'TAC', NULL, 0, 0, 0, 'trigger only if build is stable'),
	(1736, 'tacTest', 'master', 817, '  ', 'C:\\Users\\10643380\\Documents\\TAC', 'null', 'TAC', NULL, 0, 0, 0, 'trigger only if build is stable'),
	(1738, 'TAC_TEST', 'master', 818, 'c:\ncd C:\\Program Files\\Duck Creek Technologies\\Test Automation Center\\Bin\nASW.TestLab.Functional.exe --filename "C:\\Users\\Administrator\\Desktop\\TAC\\PolicyIssue_Script.xml" --browser InternetExplorer\npause\nexit 0', 'C:\\Users\\Administrator\\Desktop\\TAC\\Report', 'test', 'TAC', NULL, 0, 0, 0, 'trigger only if build is stable'),
	(1742, 'testingDTF', 'master', 819, 'D:\ncd D:\\Demo_Workspace_DTF\\Data_Migration\nRD /S /Q report\nMD report\nD:\ncd D:\\DTF_Bigbets\njava -Xmx1024m -Xss20m -jar DTF.jar "-relExecution" "D:\\Demo_Workspace_DTF" "Data_Migration" "Migration_Release"', 'D:\\Demo_Workspace_DTF\\Data_Migration\\report', 'test', 'DTF', NULL, 0, 0, 0, 'trigger only if build is stable'),
	(1745, 'sss', 'master', 633, 'fdfsdf', 'dfdf', NULL, NULL, NULL, 0, 0, 0, 'trigger only if build is stable'),
	(1746, 'DuckcreekRelease218', 'master', 820, 'unitTesting,,jenkinsConfig,http://172.25.14.111:8080/jenkins/job/DuckcreekRelease218/configure', 'isSonarChecked,false,sonarUrl,,sonarKey,,isDuckcreekChecked,true,duckcreekUrl,http://172.21.106.127/AnalyzerAPI/api/Manuscript/ValidateManuscript,Reportpath,NA,inputParameter,NA', 'DuckcreekRelease218', 'BUILD', NULL, 0, 0, 0, 'trigger only if build is stable'),
	(1751, 'ImpactChangeAnalysis', 'master', 820, 'D:\ncd D:\\Software\\DIAT\nDIAT.bat\npause\nexit 0', 'D:\\Software\\DIAT\\RecentReport', 'test', 'DIAT', '', 0, 0, 1, 'trigger only if build is stable'),
	(1752, 'QuoteCreation', 'master', 820, 'c:\ncd C:\\Program Files\\Duck Creek Technologies\\Test Automation Center\\Bin\nASW.TestLab.Functional.exe --filename "C:\\Users\\Administrator\\Desktop\\TAC\\PolicyIssue_Script.xml" --browser InternetExplorer\npause\nexit 0', ' C:\\Users\\Administrator\\Desktop\\TAC\\Report', 'test', 'TAC', NULL, 0, 0, 1, 'trigger only if build is stable'),
	(1753, 'CommercialLOBTransactions', 'fast_112_node', 820, '\nd:\ncd D:\\Automation\\FAST\\00baseline\\Libraries\njava -jar FAST-Java.jar D:\\Automation\\FAST\\00baseline\\ControlFile\\ControlFile_Duckcreek.xls\npause\nexit', 'D:\\Automation\\FAST\\00baseline\\ExecutionReports\\MostRecent', 'test', 'FAST', NULL, 0, 0, 3, 'trigger only if build is stable'),
	(1754, 'PolicyDatabaseValidation', 'master', 820, 'D:\ncd D:\\Demo_Workspace_DTF\\Data_Migration\nRD /S /Q report\nMD report\nD:\ncd D:\\DTF_Bigbets\nD:\\SetUp\\jre7\\jre7\\bin\\java -Xmx1024m -Xss20m -jar DTF.jar "-relExecution" "D:\\Demo_Workspace_DTF" "Data_Migration" "Migration_Release"\n', ' D:\\Demo_Workspace_DTF\\Data_Migration\\report', 'test', 'DTF', NULL, 0, 0, 4, 'trigger only if build is stable'),
	(1755, 'PolicyDocumentValidation', 'master', 820, 'D: \ncd D:\\PDF-Diff\\PDF-Diff \npdfdifflatest.bat \npause \nexit 0', ' D:\\PDF-Diff\\PDF-Diff\\Report', 'test', 'PDF', NULL, 0, 0, 5, 'trigger only if build is stable'),
	(1766, 'job11', 'master', 827, 'waitfor SomethingThatIsNeverHappening /t 30 2>NUL\nexit 0', 'C:\\Users\\10643380\\Desktop\\XcheckRepor', 'hello', 'x_check', NULL, 0, 0, 0, 'trigger only if build is stable'),
	(1767, 'job21', 'master', 827, 'waitfor SomethingThatIsNeverHappening /t 50 2>NUL\nexit 0', 'C:\\Users\\10643380\\Desktop\\XcheckRepor', 'hello', 'x_check', NULL, 0, 0, 0, 'trigger only if build is stable'),
	(1769, 'job31', 'master', 827, 'waitfor SomethingThatIsNeverHappening /t 70 2>NUL\nexit 0', 'C:\\Users\\10643380\\Desktop\\XcheckRepor', 'test', 'FAST', NULL, 0, 0, 0, 'trigger only if build is stable'),
	(1770, 'testing Build', 'master', 828, 'unitTesting,,jenkinsConfig,http://172.25.14.111:8080/jenkins/job/testing Build/configure', 'isSonarChecked,true,sonarUrl,url,sonarKey,key,isDuckcreekChecked,false,duckcreekUrl,,Reportpath,,inputParameter,', 'testing Build', 'BUILD', NULL, 0, 0, 0, 'trigger only if build is stable'),
	(1771, 'testing Build fast', 'master', 828, 'c:\npause\nexit 0', 'D:/FAST_Reports', 'test', 'FAST', NULL, 0, 0, 0, 'trigger only if build is stable'),
	(1772, 'testing Build selenium', 'master', 828, 'd:\ncd\npause\nexit 00', 'd:/Selenium_Reports', 'test', 'Selenium', NULL, 0, 0, 0, 'trigger only if build is stable'),
	(1773, 'testing Build without build qtp', 'master', 829, 'd:', 'D:/QTP_Reports', 'test', 'HP QTP', NULL, 0, 0, 0, 'trigger only if build is stable'),
	(1774, 'testing Build without build fast', 'master', 829, 'C:\ncd', 'D:/FAST_Reports', 'test', 'FAST', NULL, 0, 0, 0, 'trigger only if build is stable'),
	(1775, 'testing Build without build selenium', 'master', 829, 'd:', 'd:/Selenium_Reports', 'test', 'Selenium', NULL, 0, 0, 0, 'trigger only if build is stable'),
	(1776, 'testing Build without build jmeter', 'master', 829, 'd:', 'd:jmeter_reports', 'test', 'JMETER', NULL, 0, 0, 0, 'trigger only if build is stable'),
	(1777, 'CarInsurance', 'master', 830, 'd:\ncd D:\\FASTFramework\\FAST\\00baseline\\Libraries\njava -jar FAST-Java.jar D:\\FASTFramework\\FAST\\00baseline\\ControlFile\\ControlFileBajajAllianz.xls\npause\nexit', 'D:\\FASTFramework\\FAST\\00baseline\\ExecutionReports\\MostRecent', 'test', 'FAST', NULL, 0, 0, 0, 'trigger only if build is stable'),
	(1778, 'testing wid space qtp', 'master', 831, 'd:/QTP.exe', 'D:/QTP_Reports', 'test', 'HP QTP', NULL, 0, 0, 0, 'trigger only if build is stable'),
	(1779, 'testing wid space selenium', 'master', 831, 'd:/Selenium', 'd:/Selenium_Reports123', 'test', 'Selenium', NULL, 0, 0, 0, 'trigger only if build is stable'),
	(1780, 'testing wid space jmeter', 'master', 831, 'd:/jmeter.exe', 'd:jmeter_reports123', 'test', 'JMETER', NULL, 0, 0, 0, 'trigger only if build is stable'),
	(1781, 'testing wid space xcheck', 'master', 831, 'java -jar D:/FAST/Libraries/FAST-Java.jar', 'D:\\Automation\\FAST\\00baseline\\ExecutionReports', 'test', 'x_check', NULL, 0, 0, 0, 'trigger only if build is stable'),
	(1782, 'testing wid space uipath', 'master', 831, 'path.txt123', 'd:/Uipath', 'test', 'UIPATH', NULL, 0, 0, 0, 'trigger only if build is stable'),
	(1783, 'testing wid space katalon', 'master', 831, 'cmd', 'rep123', 'test', 'KATALON', NULL, 0, 0, 0, 'trigger only if build is stable'),
	(1784, 'testing wid space dtf', 'master', 831, 'D:0', 'D:\\DTF_Workspace\\Project\\report', 'test', 'DTF', NULL, 0, 0, 0, 'trigger only if build is stable'),
	(1785, 'testing wid space owasp', 'master', 831, 'D:0', 'eee', 'test', 'OWASP ZAP', NULL, 0, 0, 0, 'trigger only if build is stable'),
	(1786, 'BajajCarInsurance', 'master', 832, 'd: \ncd D:\\FASTFramework\\FAST\\00baseline\\Libraries java -jar FAST-Java.jar D:\\FASTFramework\\FAST\\00baseline\\ControlFile\\ControlFileBajajAllianz.xls \npause \nexit 0', 'D:\\FASTFramework\\FAST\\00baseline\\ExecutionReports\\MostRecent', 'test', 'FAST', NULL, 0, 0, 0, 'trigger only if build is stable'),
	(1787, 'testing wid space fast2', 'master', 831, 'C:\ncd\npause\nexit 0', 'D:/FAST_Reports', 'test', 'FAST', NULL, 0, 0, 0, 'trigger only if build is stable'),
	(1797, 'Jaymeter', 'master', 843, '', 'C:\\Users\\10643380\\Documents\\My Received Files\\JMerter', 'subjob for testing.', 'JMETER', NULL, 0, 0, 4, 'trigger only if build is stable'),
	(1826, 'seleniumRahulAug10', 'master', 843, '', 'D:\\selenium', 'aug', 'Selenium', NULL, 0, 0, 0, 'trigger only if build is stable'),
	(1827, 'xcheckRahulAug10', 'master', 827, '', 'C:\\Users\\10643380\\Documents\\My Received Files\\1\\1', 'aug', 'x_check', NULL, 0, 0, 0, 'trigger only if build is stable'),
	(1833, 'fast_demo', 'master', 848, 'java -jar D:/FAST/Libraries/FAST-Java.jar', 'D:\\Automation\\FAST\\00baseline\\ExecutionReports', 'test', 'FAST', NULL, 0, 0, 0, 'trigger only if build is stable'),
	(1834, 'sel_demo', 'master', 848, 'd:/Selenium', 'd:/Selenium_Reports', 'test', 'Selenium', NULL, 0, 0, 0, 'trigger only if build is stable'),
	(1843, 'demo121Rajesh', 'master', 832, 'd: \ncd D:\\FASTFramework\\FAST\\00baseline\\Libraries java -jar FAST-Java.jar D:\\FASTFramework\\FAST\\00baseline\\ControlFile\\ControlFileBajajAllianz.xls \npause \nexit 0', ' D:\\FASTFramework\\FAST\\00baseline\\ExecutionReports\\MostRecent', 'subjob for testing.', 'FAST', NULL, 0, 0, 0, 'trigger only if build is stable'),
	(1844, 'demoRajesh', 'master', 866, 'd: \ncd D:\\FASTFramework\\FAST\\00baseline\\Libraries\njava -jar FAST-Java.jar D:\\FASTFramework\\FAST\\00baseline\\ControlFile\\ControlFileBajajAllianz.xls \npause \nexit 0', 'D:\\FASTFramework\\FAST\\00baseline\\ExecutionReports\\MostRecent', 'subjob for testing.', 'FAST', NULL, 0, 0, 0, 'trigger only if build is stable'),
	(1845, 'asdf', 'master', 867, 'java -jar D:/FAST/Libraries/FAST-Java.jar', 'D:\\Automation\\FAST\\00baseline\\ExecutionReports', 'subjob for testing.', 'FAST', NULL, 0, 0, 0, 'trigger only if build is stable'),
	(1852, 'tryFAST', 'master', 871, 'd:\ncd D:\\FAST\\00baseline\\Libraries\njava -jar FAST-Java.jar D:\\FAST\\00baseline\\ControlFile\\ControlFile_RSA.xls\npause\nexit', 'D:\\FAST\\00baseline\\ExecutionReports\\MostRecent', 'subjob for testing.', 'FAST', NULL, 0, 0, 0, 'trigger only if build is stable'),
	(1853, 'tryPDF', 'master', 871, 'd:\ncd D:\\FAST\\00baseline\\Libraries\njava -jar FAST-Java.jar D:\\FAST\\00baseline\\ControlFile\\ControlFile_RSA.xls\npause\nexit', 'D:\\FAST\\00baseline\\ExecutionReports\\MostRecent', 'subjob for testing.', 'PDF', NULL, 0, 0, 1, 'trigger only if build is stable'),
	(1870, 'performancereporttest1', 'master', 879, 'exit 0', 'D:\\report1', 'test', 'JMETER', NULL, 0, 0, 0, 'trigger only if build is stable'),
	(1871, 'performancereporttest2', 'master', 879, 'exit 0', 'D:\\report2', 'test', 'JMETER', NULL, 0, 0, 0, 'trigger only if build is stable'),
	(1931, 'dfgdfgdfgdfg', 'master', 907, '', 'D:\\Performance\\Jmeter\\scriptresults.csv', 'subjob for testing.', 'JMETER', NULL, 0, 0, 0, 'trigger only if build is stable'),
	(1935, 'junittest', 'master', 910, 'unitTesting,junit,jenkinsConfig,http://172.25.14.111:8080/jenkins/job/junittest/configure', 'isSonarChecked,false,sonarUrl,,sonarKey,,isDuckcreekChecked,false,duckcreekUrl,,Reportpath,,inputParameter,', 'junittest', 'BUILD', NULL, 0, 0, 0, 'trigger only if build is stable'),
	(1936, 'rahul_30aug', 'master', 911, 'unitTesting,junit,jenkinsConfig,http://172.25.32.204:9081/jenkins/job/rahul_30aug/configure', 'isSonarChecked,false,sonarUrl,,sonarKey,,isDuckcreekChecked,false,duckcreekUrl,,Reportpath,,inputParameter,', 'rahul_30aug', 'BUILD', NULL, 0, 0, 0, 'trigger only if build is stable'),
	(2137, 'werwerwer', 'master', 1037, 'exit 0', 'D:\\WebServiceReports\\12-9-2018 ', 'test', 'WebService', NULL, 0, 0, 0, NULL),
	(2196, 'Salesforce_RegressionTest', 'fast_112_node', 1051, 'd:\ncd D:\\FAST\\00baseline\\Libraries\njava -jar FAST-Java.jar D:\\FAST\\00baseline\\ControlFile\\ControlFile_salesforce.xls\npause\nexit 0', 'D:\\FAST\\00baseline\\ExecutionReports\\MostRecent', 'test', 'FAST', '', 0, 0, 0, 'null'),
	(2209, 'SFDC_Tests', 'master', 1056, 'unitTesting,junit,jenkinsConfig,http://172.25.14.111:8080/jenkins/SFDC_Tests/configure', 'isSonarChecked,true,sonarUrl,http://172.25.14.112:9005,sonarKey,SmartBoardKey,isDuckcreekChecked,false,duckcreekUrl,,Reportpath,,inputParameter,', 'SFDC_Tests', 'BUILD', NULL, 0, 0, 0, NULL),
	(2210, 'Impact_Change_Analysis', 'master', 1056, 'java -Xmx1024m -Xss20m -jar DIAT.jar "D:\\DIAT\\Carrier_Property_Data_US_10_1_0_0.xml" "D:\\DIAT\\Carrier_Property_Data_US_10_2_0_0.xml" "D:\\DIAT\\Regression Mapping V1.0.xlsx"', 'D:\\Software\\DIAT\\RecentReport', 'test', 'DIAT', '', 0, 0, 1, 'null'),
	(2211, 'Data_Testing', 'master', 1056, 'D:\r\ncd D:\\DTF_Workspace\\Project\r\nRD /S /Q report\r\nMD report\r\nD:\r\ncd D:\\DTF\r\njava -Xmx1024m -Xss20m -jar DTF.jar "-relExecution" "D:\\DTF_Workspace" "Project" "Release"', 'D:\\DTF_Workspace\\Project\\report', 'test', 'DTF', '', 0, 0, 4, 'null'),
	(2212, 'SFDC_Regression_Tests', 'fast_112_node', 1056, 'd:\ncd D:\\FAST\\00baseline\\Libraries\njava -jar FAST-Java.jar D:\\FAST\\00baseline\\ControlFile\\ControlFile_salesforce.xls\npause\nexit 0', 'D:\\FAST\\00baseline\\ExecutionReports\\MostRecent', 'test', 'FAST', '', 0, 0, 3, 'null'),
	(2213, 'Performance_Testing', 'master', 1056, 'cd D:\\Performance\\Jmeter\\apache-jmeter-2.13\\bin\r\njmeter -n -t D:\\Performance\\Jmeter\\WODH_Prasana.jmx -l D:\\Performance\\Jmeter\\scriptresults.csv\r\npause ', 'D:\\jmeter_report', 'test', 'JMETER', '', 0, 0, 2, 'null'),
	(2217, 'tresdsdsd', 'master', 1058, 'exit 0', '172.20.40.76:0,iDiscover_TestingConfig1,sa,Newuser123', 'test', 'iDiscover', NULL, 0, 0, 0, 'null'),
	(2222, 'test1wewe', 'master', 1060, '', 'D:\\Software\\DIAT\\RecentReport', 'test', 'DIAT', '', 0, 0, 0, 'null'),
	(2223, 'testdiat344', 'master', 1061, 'java -Xmx1024m -Xss20m -jar DIAT.jar "D:\\DIAT\\Carrier_Property_Data_US_10_1_0_0.xml" "D:\\DIAT\\Carrier_Property_Data_US_10_2_0_0.xml" "D:\\DIAT\\Regression Mapping V1.0.xlsx"', 'D:\\Software\\DIAT\\RecentReport', 'test', 'DIAT', NULL, 0, 0, 0, NULL),
	(2224, 'diat2col_test', 'master', 1062, 'java -Xmx1024m -Xss20m -jar DIAT.jar "D:\\DIAT\\Carrier_Property_Data_US_10_1_0_0.xml" "D:\\DIAT\\Carrier_Property_Data_US_10_2_0_0.xml" "D:\\DIAT\\Regression Mapping V1.0.xlsx"', 'D:\\Software\\DIAT\\RecentReport', 'test', 'DIAT', NULL, 0, 0, 0, NULL),
	(2225, 'diat_modifiedrecentreport', 'master', 1063, 'java -Xmx1024m -Xss20m -jar DIAT.jar "D:\\DIAT\\Carrier_Property_Data_US_10_1_0_0.xml" "D:\\DIAT\\Carrier_Property_Data_US_10_2_0_0.xml" "D:\\DIAT\\Regression Mapping V1.0.xlsx"', 'D:\\Software\\DIAT\\RecentReport', 'test', 'DIAT', NULL, 0, 0, 0, NULL),
	(2226, 'diat_afterchanging', 'master', 1064, 'java -Xmx1024m -Xss20m -jar DIAT.jar "D:\\DIAT\\Carrier_Property_Data_US_10_1_0_0.xml" "D:\\DIAT\\Carrier_Property_Data_US_10_2_0_0.xml" "D:\\DIAT\\Regression Mapping V1.0.xlsx"', 'D:\\Software\\DIAT\\RecentReport', 'test', 'DIAT', NULL, 0, 0, 0, NULL),
	(2229, 'jmetertest11', 'master', 1067, 'cd D:\\Performance\\Jmeter\\apache-jmeter-2.13\\bin\r\njmeter -n -t D:\\Performance\\Jmeter\\WODH_Prasana.jmx -l D:\\Performance\\Jmeter\\scriptresults.csv\r\npause ', 'D:\\Performance\\Jmeter', 'test', 'JMETER', NULL, 0, 0, 0, NULL),
	(2230, 'jemeter345', 'master', 1068, 'exit 0', 'D:\\Performance\\Jmeter\\report\\result', 'test', 'JMETER', '', 0, 0, 0, 'null'),
	(2231, 'jmeter222', 'master', 1069, 'cd D:\\Performance\\Jmeter\\apache-jmeter-2.13\\bin\njmeter -n -t D:\\Performance\\Jmeter\\WODH_Prasana.jmx -l D:\\Performance\\Jmeter\\scriptresults.csv\npause \nexit 0', 'D:\\Performance\\Jmeter\\report', 'test', 'JMETER', '', 0, 0, 0, 'null'),
	(2232, 'jmt1stoct', 'master', 1070, 'exit 0', 'D:\\jmeter', 'test', 'JMETER', NULL, 0, 0, 0, 'null'),
	(2233, 'jm234', 'master', 1071, 'cd D:\\Performance\\Jmeter\\apache-jmeter-2.13\\bin\njmeter -n -t D:\\Performance\\Jmeter\\WODH_Prasana.jmx -l D:\\Performance\\Jmeter\\scriptresults.csv\npause \nexit 0', 'D:\\Performance\\Jmeter\\report', 'test', 'JMETER', '', 0, 0, 0, 'null'),
	(2237, 'diat_test2222', 'master', 820, 'D:\ncd D:\\Software\\DIAT\nDIAT.bat\npause\nexit 0', 'D:\\Software\\DIAT\\RecentReport', 'test', 'DIAT', NULL, 0, 0, 0, NULL),
	(2238, 'diat_today1', 'master', 1074, 'D:\ncd D:\\Software\\DIAT\nDIAT.bat\npause\nexit 0', 'D:\\Software\\DIAT\\RecentReport', 'test', 'DIAT', NULL, 0, 0, 0, NULL),
	(2239, 'diat_rr1', 'master', 1075, 'D:\ncd D:\\Software\\DIAT\nDIAT.bat\npause\nexit 0', 'D:\\Software\\DIAT\\RecentReport', 'test', 'DIAT', NULL, 0, 0, 0, NULL),
	(2240, 'diat_hkt', 'master', 1076, 'D:\ncd D:\\Software\\DIAT\nDIAT.bat\npause\nexit 0', 'D:\\Software\\DIAT\\RecentReport', 'test', 'DIAT', NULL, 0, 0, 0, NULL),
	(2241, 'sel_h', 'master', 1077, 'd:/Selenium', 'd:/Selenium_Reports', 'test', 'Selenium', '', 0, 0, 1, 'null'),
	(2242, 'fast_h', 'master', 1077, 'd:\ncd D:\\Automation\\FAST\\00baseline\\Libraries\njava -jar FAST-Java.jar D:\\Automation\\FAST\\00baseline\\ControlFile\\ControlFile_RSA.xls\npause\nexit', 'D:\\Automation\\FAST\\00baseline\\ExecutionReports', 'test', 'FAST', '', 0, 0, 0, 'null'),
	(2243, 'diat12344', 'master', 1078, 'C:\\Users\\10643380\\Desktop\\PLATO-Impact sheet.xlsx', 'D:\\Software\\DIAT\\RecentReport', 'test', 'DIAT', NULL, 0, 0, 0, NULL),
	(2245, 'testing_tosca', 'master', 1094, 'exit 0', 'D:\\PLATO_COMPLETE\\extras', 'test', 'TOSCA', '', 0, 0, 0, 'null'),
	(2247, 'T24_Jar', 'master', 1096, 'exit 0', 'D:\\report', 'test', 'WebService', '', 0, 0, 0, 'null'),
	(2256, 'report_testing', 'master', 1101, 'exit 0', 'D:\\PLATO_COMPLETE\\extras\\FAST\\MostRecent\\ExcelReports', 'test', 'FAST', '', 0, 0, 0, 'null'),
	(2257, 'Automation_Testing', 'fast_112_node', 1051, 'd:\ncd D:\\FAST\\00baseline\\Libraries\njava -jar FAST-Java.jar D:\\FAST\\00baseline\\ControlFile\\ControlFile_eversource.xls\npause\nexit 0', 'D:\\FAST\\00baseline\\ExecutionReports\\MostRecent', 'test', 'FAST', NULL, 0, 0, 0, NULL),
	(2258, 'Eversource_Automation_Testing', 'fast_112_node', 1102, 'd:\ncd D:\\Automation\\FAST\\00baseline\\Libraries\njava -jar FAST-Java.jar D:\\Automation\\FAST\\00baseline\\ControlFile\\ControlFile_eversource.xls\npause\nexit 0', 'D:\\Automation\\FAST\\00baseline\\ExecutionReports\\MostRecent', 'test', 'FAST', '', 0, 0, 0, 'null'),
	(2259, 'EverSource_Registration_Scenario', 'master', 1103, 'd:\ncd D:\\Automation\\FAST\\00baseline\\Libraries\njava -jar FAST-Java.jar D:\\Automation\\FAST\\00baseline\\ControlFile\\EverSourceCF.xls\npause\nexit 0', 'D:\\Automation\\FAST\\00baseline\\ExecutionReports\\MostRecent', 'test', 'FAST', '', 0, 0, 1, 'null'),
	(2260, 'EverSource_ViewBills_Scenario', 'fast_112_node', 1104, 'd:\ncd D:\\Automation\\FAST\\00baseline\\Libraries\njava -jar FAST-Java.jar D:\\Automation\\FAST\\00baseline\\ControlFile\\EverSourceCF.xls\npause\nexit', 'D:\\Automation\\FAST\\00baseline\\ExecutionReports\\MostRecent', 'test', 'FAST', NULL, 0, 0, 0, NULL),
	(2262, 'EverSource_PDF-Diff_Rel_1.0', 'master', 1106, 'd:\ncd D:\\PDF-Diff\\PDF-Diff\npdfdifflatest.bat', 'D:\\PDF-Diff\\PDF-Diff\\Report', 'test', 'PDF', '', 0, 0, 0, 'null'),
	(2263, 'EverSource_DTF', 'master', 1105, 'exit 0', 'D:\\DTF_Report', 'test', 'DTF', '', 0, 0, 0, 'null'),
	(2264, 'Webservice_Test', 'master', 1107, 'exit 0', 'C:\\Users\\10650463\\Desktop\\Webservice\\', 'test', 'WebService', '', 0, 0, 0, 'null'),
	(2266, 'Eversource', 'master', 1097, 'unitTesting,,jenkinsConfig,http://172.25.14.111:8080/jenkins/Eversource/configure', 'isSonarChecked,true,sonarUrl,http://172.25.14.112:9005,sonarKey,SmartBoardKey,isDuckcreekChecked,false,duckcreekUrl,,Reportpath,,inputParameter,', 'Eversource scenarios', 'BUILD', NULL, 0, 0, 0, NULL),
	(2267, 'Eversource_Security_Test', 'master', 1108, 'exit 0 ', 'D:\\Appscan', 'test', 'IBM APP SCAN', NULL, 0, 0, 0, NULL),
	(2268, 'Eversource_Release_1.0', 'master', 1109, 'unitTesting,,jenkinsConfig,http://172.25.14.111:8080/jenkins/Eversource_Release_1.0/configure', 'isSonarChecked,true,sonarUrl,http://172.25.14.112:9005,sonarKey,SmartBoardKey,isDuckcreekChecked,false,duckcreekUrl,,Reportpath,,inputParameter,', 'Eversource testing', 'BUILD', NULL, 0, 0, 0, NULL),
	(2269, 'Eversource_Functional_Testing', 'fast_112_node', 1102, 'd:\ncd D:\\Automation\\FAST\\00baseline\\Libraries\njava -jar FAST-Java.jar D:\\Automation\\FAST\\00baseline\\ControlFile\\ControlFile_eversource.xls\npause\nexit 0', 'D:\\Automation\\FAST\\00baseline\\ExecutionReports\\MostRecent', 'test', 'FAST', NULL, 0, 0, 0, NULL),
	(2274, 'Eversource_Functional_Automation_Testing', 'master', 1109, 'exit 0', 'C:\\Users\\10650463\\Desktop\\PLATO_EVERSOURCE\\Eversource_Reports\\FAST\\MostRecent', 'test', 'FAST', '', 0, 0, 1, 'null'),
	(2289, 'Billing_PDF_Comparison', 'master', 1109, 'exit 0', 'C:\\Users\\10650463\\Desktop\\PLATO_EVERSOURCE\\Eversource_Reports\\PDF_Report\\Report', 'test', 'PDF', '', 0, 0, 4, 'null'),
	(2290, 'performance_testing_everso', 'master', 1097, 'exit 0', 'D:\\Performance\\Jmeter', 'test', 'JMETER', '', 0, 0, 2, 'null'),
	(2291, 'Eversource_Performance_Testing', 'master', 1109, 'exit 0', 'C:\\Users\\10650463\\Desktop\\PLATO_EVERSOURCE\\Eversource_Reports\\jmeter', 'test', 'JMETER', '', 0, 0, 5, 'null'),
	(2292, 'Billing_Data_Validation', 'master', 1109, 'exit 0', 'C:\\Users\\10650463\\Desktop\\PLATO_EVERSOURCE\\Eversource_Reports\\DTF_Report', 'test', 'DTF', '', 0, 0, 3, 'null'),
	(2294, 'Eversource_Security_Testing', 'master', 1109, 'exit 0', 'C:\\Users\\10650463\\Desktop\\PLATO_EVERSOURCE\\Eversource_Reports\\IBM_APP_SCAN\\Appscan', 'test', 'IBM APP SCAN', '', 0, 0, 0, 'null'),
	(2295, 'TOSCA_SmokeTest', 'master', 1111, 'exit 0', 'D:\\PLATO_COMPLETE\\extras', 'test', 'TOSCA', '', 0, 0, 0, 'null'),
	(2296, 'webservice_ever_source', 'master', 1112, 'exit 0', 'C:\\Users\\10650463\\Desktop\\Webservice', 'test', 'WebService', '', 0, 0, 0, 'null'),
	(2297, 'Eversource BrowserStack job', 'fast_112_node', 1113, 'exit 0', 'D:\\BrowserStackReport\\MostRecent', 'test', 'BrowserStack', '', 0, 0, 0, 'null'),
	(2298, 'Eversource_Compatibility_Testing', 'master', 1109, 'exit 0', 'C:\\Users\\10650463\\Desktop\\PLATO_EVERSOURCE\\Eversource_Reports\\BrowserStackReport\\MostRecent', 'test', 'BrowserStack', '', 0, 0, 2, 'null'),
	(2299, 'eversource-pdf-diff-report', 'master', 1114, 'd:\ncd D:\\PDF-Diff\\PDF-Diff\npdfdifflatest.bat', 'D:\\PDF-Diff\\PDF-Diff\\Report', 'test', 'PDF', NULL, 0, 0, 0, NULL),
	(2300, 'eversource_browserstack_report', 'master', 1115, 'exit 0', 'C:\\Users\\10650463\\Desktop\\PLATO_EVERSOURCE\\Eversource_Reports\\BrowserStackReport\\MostRecent', 'test', 'BrowserStack', '', 0, 0, 0, 'null'),
	(2301, 'eversource_webservice_report', 'master', 1115, 'exit 0', 'C:\\Users\\10650463\\Desktop\\PLATO_EVERSOURCE\\Eversource_Reports\\Webservice', 'test', 'WebService', '', 0, 0, 1, 'null'),
	(2302, 'eversource_fast_report', 'master', 1115, 'exit 0', 'C:\\Users\\10650463\\Desktop\\PLATO_EVERSOURCE\\Eversource_Reports\\FAST\\MostRecent', 'test', 'FAST', '', 0, 0, 2, 'null'),
	(2303, 'ever_fast_test', 'master', 1116, 'exit 0', 'D:\\AllReports\\Eversource\\FAST\\MostRecent', 'test', 'FAST', '', 0, 0, 1, 'null'),
	(2304, 'only_webservice', 'master', 1118, 'exit 0', 'C:\\Users\\10650463\\Desktop\\PLATO_EVERSOURCE\\Eversource_Reports\\Webservice', 'test', 'WebService', NULL, 0, 0, 0, NULL),
	(2312, 'node_1', 'master', 1097, 'd:/Selenium', 'd:/Selenium_Reports', 'node_1 description', 'Selenium', '', 0, 0, 3, 'null'),
	(2313, 'Katalon Job Subjob', 'master', 1120, 'exit 0', 'D:\\katalon', 'Katalon Job Subjob description', 'KATALON', '', 0, 0, 1, 'null'),
	(2316, 'qtp_rsa_1', 'master', 1122, '', 'C:\\Users\\10643380\\Desktop\\Output\\Output\\MostRecent', 'sadsd', 'HP QTP', NULL, 0, 0, 0, 'trigger only if build is stable'),
	(2320, 'Rel.1.0_E2E_Business_Testing', 'master', 1124, 'unitTesting,,jenkinsConfig,http://172.25.14.111:8080/jenkins/Rel.1.0_E2E_Business_Testing/configure', 'isSonarChecked,true,sonarUrl,http://172.25.14.112:9005,sonarKey,SmartBoardKey,isDuckcreekChecked,false,duckcreekUrl,,Reportpath,,inputParameter,', 'Testing https://Loreal.fr', 'BUILD', '', 0, 0, 0, 'null'),
	(2321, 'Rel.1.0_E2E_Automation_Testing', 'master', 1124, 'exit 0', 'D:\\AllReports\\General\\FAST\\MostRecent', 'Loreal_Automation_Testing description', 'FAST', '', 0, 0, 2, 'null'),
	(2322, 'Rel.1.0_E2E_Compatibility_testing', 'master', 1124, 'echo pass\n\nexit 0', 'D:\\AllReports\\Loreal\\BrowserStackReport\\MostRecent', 'Loreal_Compatibility_testing description', 'BrowserStack', '', 0, 0, 3, 'null'),
	(2323, 'Rel.1.0_E2E_Billing_comparison', 'master', 1124, 'exit 0', 'D:\\AllReports\\Loreal\\PDF_Report\\Report', 'Loreal_billing_comparison description', 'PDF', '', 0, 0, 5, 'null'),
	(2324, 'Rel.1.0_E2E_performance_testing', 'master', 1124, 'exit 0', 'D:\\AllReports\\Loreal\\jmeter', 'Loreal_performance_testing description', 'JMETER', '', 0, 0, 7, 'null'),
	(2325, 'Rel.1.0_E2E_Service_Testing', 'master', 1124, 'exit 0', 'D:\\AllReports\\Loreal\\Webservice', 'Loreal_Service_Testing description', 'WebService', '', 0, 0, 6, 'null'),
	(2326, 'Rel.1.0_E2E_Data_Validation', 'master', 1124, 'exit 0', 'D:\\AllReports\\Loreal\\DTF_Report', 'Loreal_Data_Validation description', 'DTF', '', 0, 0, 4, 'null'),
	(2327, 'Rel.1.0_E2E_Security_Testing', 'master', 1124, 'exit 0', 'D:\\AllReports\\Loreal\\IBM_APP_SCAN\\Appscan', 'Loreal_Security_Testing description', 'IBM APP SCAN', '', 0, 0, 8, 'null'),
	(2328, 'tmnas_qtp', 'master', 1125, 'd:/QTP.exe', 'D:/QTP_Reports', 'tmnas_qtp description', 'HP QTP', NULL, 0, 1, 1, NULL),
	(2329, 'rsa_qtp_test', 'master', 1126, 'exit 0', 'D:\\qtp_swami\\Output\\', 'rsa_qtp_test description', 'HP QTP', NULL, 0, 0, 1, NULL),
	(2333, 'Service_loreal_testing', 'master', 1130, 'exit 0', 'D:\\PLATO_COMPLETE\\AllReports\\QTP', 'Service_loreal_testing description', 'WebService', '', 0, 0, 1, 'null'),
	(2336, 'loreal_billing_2.0', 'master', 1133, 'exit 0', 'D:\\AllReports\\Loreal\\PDF_Report\\Report', 'loreal_billing_2.0 description', 'PDF', '', 0, 0, 1, 'null'),
	(2337, 'loreal_DTF_2.0', 'master', 1133, 'exit 0', 'D:\\AllReports\\Loreal\\DTF_Report', 'loreal_DTF_2.0 description', 'DTF', NULL, 0, 0, 2, NULL),
	(2338, 'appscan 2.1', 'master', 1134, 'exit 0', 'D:\\AllReports\\Loreal\\IBM_APP_SCAN\\Appscan', 'appscan 2.1 description', 'IBM APP SCAN', '', 0, 0, 1, 'null'),
	(2339, 'loreal_webservice_2.2', 'master', 1134, 'exit 0', 'D:\\AllReports\\Loreal\\Webservice', 'loreal_webservice_2.2 description', 'WebService', NULL, 0, 0, 2, NULL),
	(2340, 'loreal_jmeter_2.2', 'master', 1135, 'exit 0', 'D:\\AllReports\\Loreal\\jmeter', 'loreal_jmeter_2.2 description', 'JMETER', NULL, 0, 0, 1, NULL),
	(2341, 'mnas_jmeter', 'master', 1137, 'cd D:\\Performance\\Jmeter\\apache-jmeter-2.13\\bin\r\njmeter -n -t D:\\Performance\\Jmeter\\WODH_Prasana.jmx -l D:\\Performance\\Jmeter\\scriptresults.csv\r\npause ', 'D:\\Performance\\Jmeter', 'mnas_jmeter description', 'JMETER', '', 0, 0, 2, 'null'),
	(2342, 'tmnas_uft', 'master', 1137, 'c:', 'c:', 'tmnas_uft description', 'UFT', '', 0, 0, 1, 'null'),
	(2345, 'datatesting pdf', 'master', 1138, 'exit 0', 'D:\\PDF-Diff\\PDF-Diff\\Report', 'datatesting pdf description', 'PDF', NULL, 0, 0, 1, NULL),
	(2346, 'performancetesting jmeter1', 'master', 1139, 'cd D:\\Performance\\Jmeter\\apache-jmeter-2.13\\bin\r\njmeter -n -t D:\\Performance\\Jmeter\\WODH_Prasana.jmx -l D:\\Performance\\Jmeter\\scriptresults.csv\r\npause ', 'D:\\report1', 'performancetesting jmeter1 description', 'JMETER', '', 0, 0, 1, 'null'),
	(2347, 'performancetesting jmeter2', 'master', 1139, 'cd D:\\Performance\\Jmeter\\apache-jmeter-2.13\\bin\r\njmeter -n -t D:\\Performance\\Jmeter\\WODH_Prasana.jmx -l D:\\Performance\\Jmeter\\scriptresults.csv\r\npause ', 'D:\\report1', 'performancetesting jmeter2 description', 'JMETER', NULL, 0, 0, 2, NULL),
	(2348, 'qtp_27_nov_2018_subjob', 'master', 1140, 'exit 0', 'D:\\Output\\MostRecent', 'qtp_27_nov_2018_subjob description', 'HP QTP', NULL, 0, 0, 1, NULL),
	(2349, 'qtp_test', 'master', 1143, 'exit 0', 'D:\\SwamiQTPReports\\Output\\MostRecent', 'qtp_test description', 'HP QTP', '', 0, 0, 1, 'null'),
	(2350, 'qtp2_test', 'master', 1143, 'exit 0', 'D:/QTP_Reports', 'qtp2_test description', 'HP QTP', NULL, 0, 0, 2, NULL),
	(2351, 'newtest qtp', 'master', 1145, 'exit 0', 'D:/QTP_Reports123', 'newtest qtp description', 'HP QTP', NULL, 0, 0, 1, NULL),
	(2352, 'new test 123 fast', 'master', 1146, 'exit 0', 'D:\\Automation\\FAST\\00baseline\\ExecutionReports', 'new test 123 fast description', 'FAST', '', 0, 0, 1, 'null'),
	(2353, 'sel_rsa1', 'master', 1122, 'exit 0', 'd:/Selenium_Reports', 'sel_rsa1 description', 'Selenium', '', 0, 0, 2, 'null'),
	(2362, '12-5-2018jmeter', 'master', 1148, 'exit 0', 'D:/Performance/Jmeter6969', '12-5-2018jmeter description', 'JMETER', '', 0, 0, 1, 'null'),
	(2363, 'testing Build error dtf', 'master', 1149, 'exit 0', 'D:\\DTF_Workspace\\Project\\report', 'testing Build error dtf description', 'DTF', '', 0, 0, 5, 'null'),
	(2364, 'testing Build error pdf', 'master', 1149, 'exit 0', 'd:/pdfdiff_report', 'testing Build error pdf description', 'PDF', '', 0, 0, 4, 'null'),
	(2365, 'testing Build error zap', 'master', 1149, 'exit 0', 'eee', 'testing Build error zap description', 'OWASP ZAP', '', 0, 0, 8, 'null'),
	(2366, 'testing Build error diat', 'master', 1149, 'exit 0', 'D:\\Software\\DIAT\\RecentReport', 'testing Build error diat description', 'DIAT', '', 0, 0, 6, 'null'),
	(2367, 'testing Build error fast', 'master', 1149, 'exit 0', 'D:\\Automation\\FAST\\00baseline\\ExecutionReports', 'testing Build error fast description', 'FAST', '', 0, 0, 1, 'null'),
	(2368, 'testing Build error qtp', 'master', 1149, 'exit 0', 'D:/QTP_Reports', 'testing Build error qtp description', 'HP QTP', '', 0, 0, 2, 'null'),
	(2369, 'testing Build error sel', 'master', 1149, 'exit 0', 'd:/Selenium_Reports', 'testing Build error sel description', 'Selenium', '', 0, 0, 3, 'null'),
	(2370, 'testing Build error ibm scan', 'master', 1149, 'exit 0', 'D:\\Appscan', 'testing Build error ibm scan description', 'IBM APP SCAN', '', 0, 0, 9, 'null'),
	(2371, 'testing Build error jmeter', 'master', 1149, 'exit 0', 'D:\\Performance\\Jmeter', 'testing Build error jmeter description', 'JMETER', '', 0, 0, 7, 'null'),
	(2372, 'fast_rsa1', 'master', 1122, 'exit 0', 'D:\\Automation\\FAST\\00baseline\\ExecutionReports', 'fast_rsa1 description', 'FAST', '', 0, 0, 3, 'null'),
	(2373, 'dtf_rsa1', 'master', 1122, 'exit 0', 'D:\\DTF_Workspace\\Project\\report', 'dtf_rsa1 description', 'DTF', '', 0, 0, 4, 'null'),
	(2374, 'pdf_rsa1', 'master', 1122, 'exit 0', 'd:/pdfdiff_report', 'pdf_rsa1 description', 'PDF', '', 0, 0, 5, 'null'),
	(2375, 'diat_rsa1', 'master', 1122, 'exit 0', 'D:\\Software\\DIAT\\RecentReport', 'diat_rsa1 description', 'DIAT', '', 0, 0, 6, 'null'),
	(2376, 'jmeter_rsa1', 'master', 1122, 'exit 0', 'D:\\Performance\\Jmeter', 'jmeter_rsa1 description', 'JMETER', '', 0, 0, 7, 'null'),
	(2377, 'ibm_rsa1', 'master', 1122, 'exit 0', 'D:\\Appscan', 'ibm_rsa1 description', 'IBM APP SCAN', '', 0, 0, 8, 'null'),
	(2379, 'eer handle sel', 'master', 1150, 'exit 0', 'd:/Selenium_Reports123', 'eer handle sel description', 'Selenium', '', 0, 0, 1, 'null'),
	(2380, 'err_han_qtp', 'master', 1151, 'exit 0', 'D:/QTP_Reports123', 'err_han_qtp description', 'HP QTP', NULL, 0, 0, 1, NULL),
	(2381, '12-5-2018dem2_xcehck', 'master', 1152, 'exit 0', 'D:\\Automation\\FAST\\00baseline\\ExecutionReports123322', '12-5-2018dem2_xcehck description', 'x_check', NULL, 0, 0, 1, NULL),
	(2382, '6decRahulQtp', 'master', 1153, '', 'C:\\Users\\10643380\\Documents\\My Received Files\\swami_qtp_reports\\MostRecent', 'test', 'HP QTP', NULL, 0, 1, 0, 'trigger only if build is stable'),
	(2388, 'ARD_BDD', 'master', 1157, 'echo pass\nexit 0', 'D:\\AllReports\\CITI\\FAST\\MostRecent', 'ARD_BDD description', 'FAST', '', 0, 0, 1, 'null'),
	(2389, 'ARD_Selenium', 'master', 1157, 'echo pass\nexit 0', 'D:\\AllReports\\CITI\\FAST\\MostRecent', 'ARD_Selenium description', 'FAST', '', 0, 0, 2, 'null'),
	(2390, 'fast error sel', 'master', 1158, 'exit 0', 'd:/Selenium_Reports123', 'fast error sel description', 'Selenium', NULL, 0, 0, 2, NULL),
	(2391, 'fast error tool', 'master', 1158, 'exit 0', 'D:\\Automation\\FAST\\00baseline\\ExecutionReports123', 'fast error tool description', 'FAST', NULL, 0, 0, 1, NULL),
	(2392, 'fast error xcheck', 'master', 1158, 'exit 0', 'D:\\Automation\\FAST\\00baseline\\ExecutionReports123', 'fast error xcheck description', 'x_check', NULL, 0, 0, 3, NULL),
	(2393, 'fast err fast', 'master', 1159, 'exit 0', 'D:\\Automation\\FAST\\00baseline\\ExecutionReports123', 'fast err fast description', 'FAST', '', 0, 0, 1, 'null'),
	(2394, 'fast err browserstack', 'master', 1159, 'exit 0', 'D:\\Automation\\FAST\\00baseline\\ExecutionReports', 'fast err browserstack description', 'BrowserStack', NULL, 0, 0, 2, NULL),
	(2395, 'fast err handle fast', 'master', 1160, 'exit 0', 'D:\\Automation\\FAST\\00baseline\\ExecutionReports123', 'fast err handle fast description', 'FAST', NULL, 0, 0, 1, NULL),
	(2396, '17-12-2018TestFast', 'master', 1161, 'exit 0', 'D:\\Automation\\FAST\\00baseline\\ExecutionReports1234', '17-12-2018TestFast description', 'FAST', NULL, 0, 0, 1, NULL),
	(2406, 'HP_QTP_Testing', 'master', 1182, 'exit 0', 'D:\\PLATO_COMPLETE\\AllReports\\QTP_TestCase_Tmnas_Homepage_PFI_03', 'HP_QTP_Testing description', 'HP QTP', '', 0, 0, 1, 'null'),
	(2407, 'BURP_Report', 'master', 1183, 'exit 0', 'D:\\AllReports\\General\\BURP', 'BURP_Report description', 'BURP', '', 0, 0, 1, 'null'),
	(2408, 'RahulJan8PerformanceCenter', 'master', 1185, 'exit 0', 'D:\\PerformanceCenter', 'hello', 'PERFORMANCE_CENTER', NULL, 0, 0, 1, 'trigger only if build is stable'),
	(2418, 'p_c_5', 'master', 1186, 'exit 0', 'D:\\PLATO_COMPLETE\\AllReports\\Performance_Center', 'p_c_5 description', 'PERFORMANCE_CENTER', '', 0, 0, 1, 'null'),
	(2419, 'HP_QTP_Report_5', 'master', 1186, 'exit 0', 'D:\\PLATO_COMPLETE\\AllReports\\QTP', 'HP_QTP_Report_5 description', 'HP QTP', '', 0, 0, 2, 'null'),
	(2420, 'Burp_report_5', 'master', 1186, 'exit 0', 'D:\\PLATO_COMPLETE\\AllReports\\BURP', 'Burp_report_5 description', 'BURP', NULL, 0, 0, 3, NULL),
	(2422, 'security', 'master', 1181, 'C:\ncd "C:\\Program Files\\IBM\\AppScan Standard"\nappscancmd EXEC  /starting_url http://demo.testfire.net /report_type Html /report_file D:\\appscan_test_report\\appscan_report /min_severity Informational /test_type All /rt CliDefault /eo', 'D:\\Appscan', 'security description', 'IBM APP SCAN', NULL, 0, 0, 1, NULL),
	(2427, 'TestBuild', 'master', 1193, 'unitTesting,,jenkinsConfig,http://172.25.14.111:8080/jenkins/TestBuild/configure', 'isSonarChecked,false,sonarUrl,,sonarKey,,isDuckcreekChecked,false,duckcreekUrl,,Reportpath,,inputParameter,', 'test', 'BUILD', '', 0, 0, 0, 'null'),
	(2429, 'abc', 'master', 1198, 'pdfdiff.txt', 'd:/pdfdiff_report', 'abc description', 'PDF', NULL, 1, 0, 1, NULL),
	(2430, 'script', 'master', 1199, 'cd D:/', 'd:/pdfdiff_report', 'script description', 'PDF', NULL, 1, 1, 1, NULL),
	(2431, 'sele', 'master', 1200, 'd:/Selenium', 'Downloads', 'sele description', 'Selenium', '', 0, 0, 1, 'null'),
	(2433, 'uft', 'master', 1200, 'c:', 'c:', 'uft description', 'UFT', '', 0, 0, 3, 'null'),
	(2434, 'jme', 'master', 1200, 'cd D:\\Performance\\Jmeter\\apache-jmeter-2.13\\bin\r\njmeter -n -t D:\\Performance\\Jmeter\\WODH_Prasana.jmx -l D:\\Performance\\Jmeter\\scriptresults.csv\r\npause ', 'D:\\Performance\\Jmeter', 'jme description', 'JMETER', '', 0, 0, 2, 'null'),
	(2435, 'abc1234', 'master', 1204, 'unitTesting,,jenkinsConfig,http://172.25.14.111:8080/jenkins/abc1234/configure', 'isSonarChecked,false,sonarUrl,,sonarKey,,isDuckcreekChecked,false,duckcreekUrl,,Reportpath,,inputParameter,', 'test', 'BUILD', NULL, 0, 0, 0, NULL),
	(2436, 'automationSel', 'master', 1205, 'd:/Selenium', 'd:/Selenium_Reports', 'automationSel description', 'Selenium', NULL, 0, 0, 1, NULL),
	(2452, 'platorun', 'master', 1220, 'javac D:\\Pato\\Script\\src\\com\\lti\\script\\code\\HelloWorld.java', 'D:\\Selenium_Reports', 'platorun description', 'Selenium', '', 1, 0, 1, 'null'),
	(2453, 'Platotest', 'master', 1220, 'unitTesting,,jenkinsConfig,http://172.25.14.111:8080/jenkins/Platotest/configure', 'isSonarChecked,false,sonarUrl,,sonarKey,,isDuckcreekChecked,false,duckcreekUrl,,Reportpath,,inputParameter,', 'execut', 'BUILD', NULL, 0, 0, 0, NULL),
	(2456, 'Selenium_1', 'master', 1221, 'cd C:/workspace/Plato/src/com/lti/code\njavac HelloWorld.java\njava HelloWorld\nexit 0', 'C:/Selenium_Reports', 'Selenium_1 description', 'Selenium', '', 0, 0, 1, 'null'),
	(2458, 'unicorn_br_01', 'master', 1228, 'cd D:\\Pato\\Script\\src\\com\\lti\\script\\code\njavac HeloWorld.java\njava HelloWorld\nexit 0', 'D:\\reports', 'unicorn_br_01 description', 'Selenium', NULL, 0, 0, 1, NULL),
	(2462, '', 'master', 1232, 'C:/Users/10647927/Downloads/eclipse-jee-2018-12-R-win32-x86_64/eclipse-workspace/SeleniumArtifact/pom.xml', 'C:\\Users\\10647927\\Downloads\\Reports', ' description', 'Maven', NULL, 0, 0, 1, NULL),
	(2469, 'SeleniumShru', 'master', 1277, 'cd', 'c:/downloads', 'SeleniumShru description', 'sele', '', 0, 0, 1, 'null'),
	(2470, 'JMeterShru', 'master', 1277, 'cd', 'c:/downloads', 'JMeterShru description', 'JMETERSHRU', NULL, 0, 0, 2, NULL),
	(2478, 'WM_NwBuild_Unicorn', 'master', 1278, 'unitTesting,testng,jenkinsConfig,http://172.25.14.111:8080/jenkins/WM_NwBuild_Unicorn/configure', 'isSonarChecked,true,sonarUrl,,sonarKey,,isDuckcreekChecked,false,duckcreekUrl,,Reportpath,,inputParameter,', 'User story_01', 'BUILD', NULL, 0, 0, 0, NULL),
	(2484, 'PlatoAssignment', 'master', 1288, 'java -jar PlatoAssignment.jar', 'C:\\Users\\10652041\\Temp\\', 'PlatoAssignment description', 'Selenium(10652041)', NULL, 0, 0, 1, NULL),
	(2509, 'building', 'master', 1272, 'd:\njava -jar build1.jar', 'D:\\', 'building description', '10653894_tool', '', 0, 0, 1, ''),
	(2512, 'selenium', 'master', 1293, 'download', 'd:\\\\selenium\\jars', 'selenium description', 'selenium_10654201', '', 0, 0, 1, 'null'),
	(2531, 'New Job', 'master', 1232, 'C:\ncd C:\\desktop\njava -jar plato2.jar\nexit 0 ', 'd:/Selenium_Reports', 'New Job description', 'Selenium', '', 0, 0, 1, 'null'),
	(2535, 'Project', 'master', 1300, 'C:\ncd C:\\desktop\njava -jar plato2.jar\nexit 0', 'd:/Selenium_Reports', 'Project description', 'Selenium', '', 0, 0, 1, 'null'),
	(2544, 'Reliance_login5', 'LIP_node_1', 1307, 'C:\ncd C:\\Users\\10651636\\POC\njava -cp lib\\*;bin org.testng.TestNG testng.xml\nexit 0', 'C:/Users/10651636/POC/test-output/index.html', 'Reliance_login5 description', 'Selenium', '', 0, 0, 1, 'null'),
	(2545, 'Reliance_login6', 'LIP_node_1', 1308, 'C:\ncd C:\\Users\\10651636\\POC\njava -cp lib\\*;bin org.testng.TestNG testng.xml\nexit 0', 'C:\\Users\\10651636\\POC\\test-output\\Suite\\Report', 'Reliance_login6 description', 'Selenium', '', 0, 0, 1, 'null'),
	(2546, 'new build navneet fast', 'master', 1310, 'exit 0', 'D:\\CITI\\FAST', 'new build navneet fast description', 'FAST', '', 0, 0, 1, 'null'),
	(2547, 'fast build test fast', 'master', 1311, 'exit 0', 'D:\\CITI\\FAST\\MostRecent', 'fast build test fast description', 'FAST', NULL, 0, 0, 1, NULL),
	(2551, 'new qtp test build qtp', 'master', 1315, 'exit 0', 'D:\\CITI\\QTP', 'new qtp test build qtp description', 'HP QTP', NULL, 0, 0, 1, NULL),
	(2552, 'new fast test build fast', 'master', 1316, 'exit 0', 'D:\\CITI\\FAST\\MostRecent', 'new fast test build fast description', 'FAST', NULL, 0, 0, 1, NULL),
	(2562, 'Voonik_1', 'master', 1321, 'C:\ncd C:\\Users\\10651636\\Poc_Voonik\njava -cp lib\\*;bin org.testng.TestNG testng.xml\nexit 0', 'D:\\Report\\', 'Voonik_1 description', 'Selenium', '', 1, 1, 1, 'null'),
	(2597, 'Maven', 'master', 1326, 'mvn test', 'C:\\Users\\10647927\\Downloads\\Reports', 'Maven description', 'Maven', NULL, 0, 0, 1, NULL),
	(2615, 'Voonik_2', 'master', 1328, 'C:\ncd C:\\Users\\10651636\\Poc_Voonik\njava -cp lib\\*;bin org.testng.TestNG testng.xml\nexit 0', 'C:\\Users\\10651636\\Poc_Voonik', 'Voonik_2 description', 'Selenium', '', 1, 0, 1, 'null'),
	(2616, 'Amazon_1', 'master', 1332, 'C:\ncd C:\\Users\\10650956\\Demo_Workspace\\Amazon\nmvn test -Dbrowser=chrome -Dcucumber.options="--tags @tag1"', 'C:\\Users\\10650956\\Demo_Workspace\\Amazon', 'Amazon_1 description', 'Selenium', '', 1, 0, 1, 'null'),
	(2617, 'Seleniumtest', 'master', 1334, 'mvn test', 'd:/Selenium_Reports', 'Seleniumtest description', 'Selenium', '', 0, 0, 1, 'null'),
	(2622, 'E2E_Automation_Testing', 'master', 1340, 'd:\ncd D:\\Automation\\FAST\\00baseline\\Libraries\njava -jar FAST-Java.jar D:\\Automation\\FAST\\00baseline\\ControlFile\\ControlFile_RSA.xls\npause\nexit', 'D:\\Automation\\FAST\\00baseline\\ExecutionReports\\MostRecent', 'E2E_Automation_Testing description', 'FAST', NULL, 0, 0, 1, NULL),
	(2625, 'E2E_Automation_test', 'VeryFast', 1341, 'D:\ncd D:\\Automation\\FAST\\00baseline\\Libraries\njava -jar FAST-Java.jar D:\\Automation\\FAST\\00baseline\\ControlFile\\ControlFile_eversource.xls\npause\nexit 0', 'D:\\Automation\\FAST\\00baseline\\ExecutionReports\\MostRecent', 'E2E_Automation_test description', 'FAST', '', 0, 0, 1, ''),
	(2626, 'SeleniumPRoject', 'master', 1342, 'C:\ncd C:\\Users\\10647927\\Downloads\nrun.bat\nexit 0', '', 'SeleniumPRoject description', 'Selenium', '', 1, 0, 1, 'null'),
	(2630, 'E2E_Compatibility_Testing', 'master', 1341, 'D:\ncd D:\\AllReports\nmainJobExecBrowserStack.bat', 'D:\\AllReports\\General\\BrowserStackReport\\MostRecent', 'E2E_Compatibility_Testing description', 'BrowserStack', '', 0, 0, 2, 'null'),
	(2631, 'E2E_Data_Validation', 'master', 1341, 'echo pass\n\nexit 0', 'D:\\AllReports\\General\\DTF_Report', 'E2E_Data_Validation description', 'DTF', '', 0, 0, 3, 'null'),
	(2632, 'E2E_Billing_Comparison', 'master', 1341, 'exit 0', 'D:\\AllReports\\General\\PDF_Report\\Report', 'E2E_Billing_Comparison description', 'PDF', '', 0, 0, 4, 'null'),
	(2633, 'E2E_Service_testing', 'master', 1341, 'exit 0', 'D:\\AllReports\\General\\Webservice', 'E2E_Service_testing description', 'WebService', '', 0, 0, 5, 'null'),
	(2634, 'E2E_Performance_testing', 'master', 1341, 'exit 0', 'D:\\AllReports\\General\\jmeter', 'E2E_Performance_testing description', 'JMETER', '', 0, 0, 6, 'null'),
	(2635, 'E2E_Security_Testing', 'master', 1341, 'exit 0', 'D:\\AllReports\\General\\IBM_APP_SCAN\\Appscan', 'E2E_Security_Testing description', 'IBM APP SCAN', '', 0, 0, 7, 'null'),
	(2638, 'execute batch file1', 'master', 1343, 'C:\ncd  C:\\Users\\10650956\\Demo_Workspace\\Amazon\nrunner.bat\nexit 0', 'C:\\Users\\10650956\\Demo_Workspace\\Amazon\\target', 'execute batch file1 description', 'PP_Selenium', NULL, 0, 0, 1, NULL),
	(2645, 'execute batch fileNNNNNNN', 'master', 1344, 'C:\ncd C:\\Users\\10650956\\Demo_Workspace\\Amazon\nrunner.bat\nexit 0', 'C:\\Users\\10650956\\Demo_Workspace\\Amazon\\target', 'execute batch fileNNNNNNN description', 'cucumber', NULL, 0, 0, 1, NULL),
	(2646, 'TestScript_01', 'master', 1345, 'C:\ncd C:\\Users\\10651636\\Poc_Voonik\njava -cp lib\\*;bin org.testng.TestNG testng.xml\nexit 0', 'C:\\Users\\10651636\\Poc_Voonik', 'TestScript_01 description', 'Selenium', '', 0, 0, 1, 'null'),
	(2647, 'test_exection', 'master', 1346, 'C:\ncd C:\\Users\\10655934\\Documents\\PLATO\nRun.bat\nexit 0', 'D:/Selenium_Reports', 'test_exection description', 'Selenium', '', 0, 0, 1, 'null'),
	(2654, 'test', 'master', 1349, 'C:\ncd C:\\Users\\10655934\\Documents\\PLATO\nRun.bat\nexit 0', 'D:/Selenium_Reports', 'test description', 'Selenium', '', 0, 0, 1, 'null'),
	(2659, 'execute jar', 'master', 1352, 'C:\njava -jar C:\\Users\\10650956\\Demo_Workspace\\Amazon\\runnerJar\\runner.jar C:\\Users\\10650956\\Demo_Workspace\\Amazon\\config\\script-selection-config.properties\nrunner.bat\nexit 0', 'C:\\Users\\10650956\\Demo_Workspace\\Amazon\\target', 'execute jar description', 'Selenium_assg', '', 0, 0, 1, 'null'),
	(2669, 'executejar000000001', 'master', 1353, 'C:\njava -jar C:\\Users\\10650956\\Demo_Workspace\\Amazon\\runnerJar\\runner.jar C:\\Users\\10650956\\Demo_Workspace\\Amazon\\config\\script-selection-config.properties\nrunner.bat\nexit 0', 'C:\\Users\\10650956\\Demo_Workspace\\Amazon\\target', 'executejar000000001 description', 'Selenium_tamaghna', NULL, 0, 0, 1, NULL),
	(2670, 'JarExecution01', 'master', 1354, 'C:\njava -jar C:\\Users\\10650956\\Demo_Workspace\\Amazon\\runnerJar\\runner.jar C:\\Users\\10650956\\Demo_Workspace\\Amazon\\config\\script-selection-config.properties\ncd C:\\Users\\10650956\\Demo_Workspace\\Amazon\nrunner.bat\nexit 0', 'C:\\Users\\10650956\\Demo_Workspace\\Amazon\\target', 'JarExecution01 description', 'Selenium_tamaghna', NULL, 0, 0, 1, NULL),
	(2672, 'Report', 'master', 1355, 'C:\ncd C:\\Users\\10647927\\Downloads\\eclipse-jee-2018-12-R-win32-x86_64\nrun.bat\nexit 0', 'C:/workspace/SeleniumProject/', 'Report description', 'Selenium', '', 0, 0, 1, 'null'),
	(2673, 'siyara new build sel', 'master', 1356, 'C:\ncd C:\\Users\\10647927\\Downloads\\eclipse-jee-2018-12-R-win32-x86_64\nrun.bat\nexit 0', 'C:/workspace/SeleniumProject/', 'siyara new build sel description', 'Selenium', '', 0, 0, 1, 'null'),
	(2675, 'FSTI new build selenium', 'master', 1359, 'exit 0', 'C:\\Navneet\\sample reports\\selnium', 'FSTI new build selenium description', 'Selenium', NULL, 0, 0, 1, NULL),
	(2676, 'tre', 'master', 1361, 'C:\ncd C:\\Users\\10655934\\Documents\\PLATO\nRun.bat\nexit 0', 'D:/Selenium_Reports', 'tre description', 'Selenium', NULL, 0, 0, 1, NULL),
	(2677, 'testing', 'master', 1362, 'C:\ncd C:\\Users\\10655934\\Documents\\PLATO\nRun.bat\nexit 0', 'D:/Selenium_Reports', 'testing description', 'Selenium', '', 0, 0, 1, 'null'),
	(2679, 'build', 'master', 1363, 'C:\ncd C:\\Users\\10655934\\Documents\\PLATO\nRun.bat\nexit 0', 'D:/Selenium_Reports', 'build description', 'Selenium', '', 0, 0, 1, 'null'),
	(2684, 'Report1', 'master', 1364, '\nC:\ncd C:\\Users\\10655934\\Documents\\PLATO\nRun.bat\nexit 0', 'D:\\Eclipse Workspace\\SeleniumArtifact', 'Report1 description', 'Selenium', '', 0, 0, 1, 'null'),
	(2699, 'Voonik_First_Release', 'LIP_node_1', 1371, 'C:\ncd C:\\Users\\10651636\\Poc_Voonik\njava -cp lib\\*;bin org.testng.TestNG testng.xml\nexit 0', 'C:\\Users\\10651636\\Poc_Voonik', 'Voonik_First_Release description', 'Selenium', NULL, 0, 0, 1, NULL),
	(2702, 'Facebook_Release', 'LIP_node_1', 1372, 'C:\ncd C:\\Users\\10651636\\ExtentReports\njava -cp lib\\*;bin org.testng.TestNG testng.xml\nexit 0', 'C:\\Users\\10651636\\ExtentReports', 'Facebook_Release description', 'Selenium', NULL, 0, 0, 1, NULL),
	(2722, 'PTE_Citi_Rel_1.0', 'master', 1380, 'unitTesting,,jenkinsConfig,http://172.25.14.111:8080/jenkins/PTE_Citi_Rel_1.0/configure', 'isSonarChecked,true,sonarUrl,http://172.20.62.253:9000,sonarKey,Smartboard,isDuckcreekChecked,false,duckcreekUrl,,Reportpath,,inputParameter,', 'PTE_Citi_Rel_1.0', 'BUILD', '', 0, 0, 0, 'null'),
	(2723, 'PTE_With_Performance_Center', 'master', 1380, 'exit 0', 'D:\\AllReports\\CITI_RPF\\performance_center', 'PTE_With_Performance_Center description', 'PERFORMANCE_CENTER', '', 0, 0, 2, 'null'),
	(2724, 'Performance_Monitoring_20.0', 'master', 1380, 'exit 0', 'D:\\AllReports\\CITI_RPF\\JMeter', 'PTE_With_One_Click_Vykon description', 'JMETER', '', 0, 0, 3, 'null'),
	(2725, 'PTE_Service_Testing', 'master', 1380, 'exit 0', 'D:\\AllReports\\CITI_RPF\\Webservice', 'PTE_Service_Testing description', 'WebService', '', 0, 0, 4, 'null'),
	(2726, 'PTE_Automation_Testing', 'master', 1380, 'D:\ncd D:\\Automation\\FAST\\00baseline\\Libraries\njava -jar FAST-Java.jar D:\\Automation\\FAST\\00baseline\\ControlFile\\ControlFile_CITILendingTab.xls\npause\nexit 0', 'D:\\Automation\\FAST\\00baseline\\ExecutionReports\\MostRecent', 'PTE_Automation_Testing description', 'FAST', '', 0, 0, 5, 'null'),
	(2732, 'PTE_Citi_Rel_2.0', 'master', 1383, 'unitTesting,junit,jenkinsConfig,http://172.25.14.111:8080/jenkins/PTE_Citi_Rel_2.0/configure', 'isSonarChecked,true,sonarUrl,http://172.25.14.112:9005,sonarKey,Smartboard,isDuckcreekChecked,false,duckcreekUrl,,Reportpath,,inputParameter,', 'PTE_Citi_Rel_2.0', 'BUILD', '', 0, 0, 0, 'null'),
	(2733, 'PTE_With_Performance_Center_2.0', 'master', 1383, 'exit 0', 'D:\\AllReports\\CITI_RPF\\performance_center', 'PTE_With_Performance_Center_2.0 description', 'PERFORMANCE_CENTER', '', 0, 0, 2, 'null'),
	(2734, 'Performance_Monitoring_2.0', 'master', 1383, 'cd D:\\Performance\\Jmeter\\apache-jmeter-2.13\\bin\njmeter -n -t D:\\Performance\\Jmeter\\WODH_Prasana.jmx -l D:\\Performance\\Jmeter\\scriptresults.csv\npause\nexit 0', 'D:\\AllReports\\CITI_RPF\\JMeter', 'PTE_With_One_Click_Vykon_2.0 description', 'JMETER', '', 0, 0, 3, 'null'),
	(2735, 'PTE_Service_Testing_2.0', 'master', 1383, 'exit 0', 'D:\\AllReports\\CITI_RPF\\Webservice', 'PTE_Service_Testing_2.0 description', 'WebService', '', 0, 0, 4, 'null'),
	(2736, 'PTE_Automation_Testing_2.0', 'master', 1383, 'exit 0', 'D:\\AllReports\\General\\FAST\\MostRecent', 'PTE_Automation_Testing_2.0 description', 'FAST', '', 0, 0, 5, 'null'),
	(2737, 'PTE_Citi_Rel_3.0', 'master', 1384, 'unitTesting,junit,jenkinsConfig,http://172.25.14.111:8080/jenkins/PTE_Citi_Rel_3.0/configure', 'isSonarChecked,true,sonarUrl,http://172.25.14.112:9005,sonarKey,SmartBoardKey,isDuckcreekChecked,false,duckcreekUrl,,Reportpath,,inputParameter,', 'PTE_Citi_Rel_3.0', 'BUILD', '', 0, 0, 0, 'null'),
	(2738, 'PTE_With_Performance_Center_3.0', 'master', 1384, 'exit 0', 'D:\\AllReports\\CITI_RPF\\performance_center', 'PTE_With_Performance_Center_3.0 description', 'PERFORMANCE_CENTER', '', 0, 0, 2, 'null'),
	(2739, 'PTE_Bank_Account_Creation_and_cash_deposit_3.0', 'master', 1384, 'exit 0', 'D:\\AllReports\\CITI_RPF\\JMeter', 'PTE_With_One_Click_Vykon_3.0 description', 'JMETER', '', 0, 0, 3, 'null'),
	(2740, 'PTE_Service_Testing_3.0', 'master', 1384, 'exit 0', 'D:\\AllReports\\CITI_RPF\\Webservice', 'PTE_Service_Testing_3.0 description', 'WebService', '', 0, 0, 4, 'null'),
	(2741, 'PTE_Automation_Testing_3.0', 'master', 1384, 'D:\ncd D:\\Automation\\FAST\\00baseline\\Libraries\njava -jar FAST-Java.jar D:\\Automation\\FAST\\00baseline\\ControlFile\\ControlFile_CITI.xls\npause\nexit 0', 'D:\\AllReports\\General\\FAST\\MostRecent', 'PTE_Automation_Testing_3.0 description', 'FAST', '', 0, 0, 5, 'null'),
	(2744, 'PTE_Citi_Rel_4.0', 'master', 1387, 'unitTesting,junit,jenkinsConfig,http://172.25.14.111:8080/jenkins/PTE_Citi_Rel_4.0/configure', 'isSonarChecked,true,sonarUrl,http://172.25.32.204:9000,sonarKey,Smartboard,isDuckcreekChecked,false,duckcreekUrl,,Reportpath,,inputParameter,', 'PTE_Citi_Rel_4.0', 'BUILD', '', 0, 0, 0, 'null'),
	(2749, 'Performance_Monitoring_4.0', 'master', 1387, 'D:\ncd D:\\apache-jmeter-4.0\\bin\njmeter -n -t D:\\apache-jmeter-4.0\\bin\\Scripts_Onlinebank\\PR01_ApnaBankCombined.jmx -l D:\\apache-jmeter-4.0\\bin\\Scripts_Onlinebank\\ResultTree\\result.csv\npause\nexit 0', 'D:\\apache-jmeter-4.0\\bin\\Scripts_Onlinebank\\Report', 'Performance_Monitoring_4.0 description', 'JMETER', '', 0, 0, 3, 'null'),
	(2750, 'PTE_Service_Testing_4.0', 'master', 1387, 'exit 0', 'D:\\AllReports\\CITI_RPF\\Webservice', 'PTE_Service_Testing_4.0 description', 'WebService', '', 0, 0, 4, 'null'),
	(2751, 'PTE_Automation_Testing_4.0', 'master', 1387, 'D:\ncd D:\\Automation\\FAST\\00baseline\\Libraries\njava -jar FAST-Java.jar D:\\Automation\\FAST\\00baseline\\ControlFile\\ControlFile_CITI.xls\npause\nexit 0', 'D:\\Automation\\FAST\\00baseline\\ExecutionReports\\MostRecent', 'PTE_Automation_Testing_4.0 description', 'FAST', '', 0, 0, 5, 'null'),
	(2752, 'JavaPro', 'master', 1388, 'D:\njavac Test.java\njava Test', 'D:/Selenium_Reports', 'JavaPro description', 'Selenium', NULL, 0, 0, 1, NULL),
	(2754, 'PTE_Citi_Rel_5.0', 'master', 1390, 'unitTesting,junit,jenkinsConfig,http://172.25.14.111:8080/jenkins/PTE_Citi_Rel_5.0/configure', 'isSonarChecked,true,sonarUrl,http://172.25.32.204:9000,sonarKey,SmartBoardKey,isDuckcreekChecked,false,duckcreekUrl,,Reportpath,,inputParameter,', 'PTE_Citi_Rel_5.0', 'BUILD', '', 0, 0, 0, 'null'),
	(2755, 'PTE_With_Performance_Center_5.0', 'master', 1390, 'exit 0', 'D:\\AllReports\\CITI_RPF\\performance_center', 'PTE_With_Performance_Center_5.0 description', 'PERFORMANCE_CENTER', '', 0, 0, 2, 'null'),
	(2756, 'PTE_Bank_Account_Creation_and_cash_deposit_5.0', 'master', 1390, 'exit 0', 'D:\\AllReports\\CITI_RPF\\JMeter', 'PTE_Bank_Account_Creation_and_cash_deposit_5.0 description', 'JMETER', '', 0, 0, 3, 'null'),
	(2757, 'PTE_Service_Testing_5.0', 'master', 1390, 'exit 0', 'D:\\AllReports\\CITI_RPF\\Webservice', 'PTE_Service_Testing_5.0 description', 'WebService', '', 0, 0, 4, 'null'),
	(2758, 'PTE_Automation_Testing_5.0', 'master', 1390, 'D:\ncd D:\\Allreports\nmainJobExec.bat', 'D:\\AllReports\\General\\FAST\\MostRecent', 'PTE_Automation_Testing_5.0 description', 'FAST', '', 0, 0, 5, 'null'),
	(2762, 'Automation_testing_1.0', 'ViacomAppium', 1394, 'exit 0', 'D:\\PLATO_COMPLETE\\AllReports\\Performance_Center', 'Automation_testing_1.0 description', 'Appium', '', 0, 0, 1, 'null'),
	(2763, 'Testright_Rel.1.0', 'master', 1395, 'unitTesting,,jenkinsConfig,http://172.25.14.111:8080/jenkins/Testright_Rel.1.0/configure', 'isSonarChecked,false,sonarUrl,,sonarKey,Smartboard,isDuckcreekChecked,false,duckcreekUrl,,Reportpath,,inputParameter,', 'Testright_Rel.1.0', 'BUILD', '', 0, 0, 0, 'null'),
	(2764, 'Appium_Automation_build_release2.0', 'ViacomAppium', 1396, 'cd /Users/testuser/Desktop\nchmod 777 ./Shellscript.sh\n./Shellscript.sh', 'D:\\PLATO_COMPLETE\\AllReports\\allure', 'Appium_Automation_build_release2.0 description', 'Appium', '', 0, 0, 1, 'null'),
	(2767, 'Build_configuration_1.1', 'master', 1399, 'unitTesting,,jenkinsConfig,http://172.25.14.111:8080/jenkins/Build_configuration_1.1/configure', 'isSonarChecked,true,sonarUrl,http://172.25.14.112:9005/,sonarKey,SmartBoardKey,isDuckcreekChecked,false,duckcreekUrl,,Reportpath,,inputParameter,', 'Build_configuration_1.1', 'BUILD', '', 0, 0, 0, 'null'),
	(2768, 'Appium_Automation_build_release3.0', 'master', 1399, 'exit 0', 'D:\\PLATO_COMPLETE\\AllReports\\allure', 'Appium_Automation_build_release3.0 description', 'Appium', NULL, 0, 0, 2, NULL),
	(2769, 'Viacom_Sonar', 'master', 1400, 'unitTesting,,jenkinsConfig,http://172.25.14.111:8080/jenkins/Viacom_Sonar/configure', 'isSonarChecked,true,sonarUrl,http://172.25.14.112:9005,sonarKey,SmartBoardKey,isDuckcreekChecked,false,duckcreekUrl,,Reportpath,,inputParameter,', 'Viacom_Sonar', 'BUILD', '', 0, 0, 0, 'null'),
	(2770, 'Viacom_Automation_Testing', 'master', 1400, 'exit 0', 'D:\\PLATO_COMPLETE\\AllReports\\allure', 'Viacom_Automation_Testing description', 'Appium', '', 0, 0, 2, 'null'),
	(2771, 'Viacom_POC', 'master', 1401, 'unitTesting,,jenkinsConfig,http://172.25.14.111:8080/jenkins/Viacom_POC/configure', 'isSonarChecked,true,sonarUrl,http://172.25.14.112:9005,sonarKey,SmartBoardKey,isDuckcreekChecked,false,duckcreekUrl,,Reportpath,,inputParameter,', 'Viacom_POC', 'BUILD', '', 0, 0, 0, 'null'),
	(2772, 'Viacom_Automation_Testing_Appium', 'master', 1401, 'exit 0', 'D:\\PLATO_COMPLETE\\AllReports\\allure', 'Viacom_Automation_Testing_Appium description', 'Appium', '', 0, 0, 2, 'null'),
	(2773, 'viacom-mobile-auto', 'ViacomAppium', 1402, 'bash /Users/testuser/git/new_mobile/android-ios-exercise/report.sh', '/Users/testuser/git/new_mobile/android-ios-exercise/target/allure-results', 'viacom-mobile-auto description', 'Appium', '', 0, 0, 1, 'null'),
	(2779, 'dhgdhgfhgf', 'master', 1402, 'd:\ncd D:\\Automation\\FAST\\00baseline\\Libraries\njava -jar FAST-Java.jar D:\\Automation\\FAST\\00baseline\\ControlFile\\ControlFile_RSA.xls\npause\nexit', 'D:\\Automation\\FAST\\00baseline\\ExecutionReports\\MostRecent', 'dhgdhgfhgf description', 'FAST', '', 0, 0, 2, 'null'),
	(2780, 'asdasdasd', 'master', 1402, 'd:\ncd D:\\Automation\\FAST\\00baseline\\Libraries\njava -jar FAST-Java.jar D:\\Automation\\FAST\\00baseline\\ControlFile\\ControlFile_RSA.xls\npause\nexit', 'D:\\Automation\\FAST\\00baseline\\ExecutionReports\\MostRecent', 'asdasdasd description', 'FAST', NULL, 0, 0, 3, NULL),
	(2781, 'E2E_Automation_1.0', 'master', 1405, 'D:\ncd D:\\AllReports\nmainJobExec.bat\necho pass', 'D:\\AllReports\\General\\FAST\\MostRecent', 'E2E_Automation_1.0 description', 'FAST', '', 0, 0, 1, 'null'),
	(2782, 'E2E_Compatibility_Testing_1.0', 'master', 1405, 'echo pass\n\nexit 0', 'D:\\AllReports\\General\\BrowserStackReport\\MostRecent', 'E2E_Compatibility_Testing_1.0 description', 'BrowserStack', '', 0, 0, 2, 'null'),
	(2783, 'E2E_Automation_testing_2.0', 'master', 1406, 'D:\ncd D:\\AllReports\nmainJobExec.bat\necho pass', 'D:\\AllReports\\General\\FAST\\MostRecent', 'E2E_Automation_testing_2.0 description', 'FAST', '', 0, 0, 1, 'null'),
	(2784, 'rsa_multi_report_selenium', 'master', 1407, 'exit 0', 'D:\\sharedFolder\\AllReports\\RSA\\Selenium\\MostRecent', 'rsa_multi_report_selenium description', 'Selenium', '', 0, 0, 1, 'null'),
	(2785, 'PTE_With_Performance_Center_4.0', 'master', 1387, 'exit 0', 'D:\\AllReports\\CITI_RPF\\performance_center', 'PTE_With_Performance_Center_4.0 description', 'PERFORMANCE_CENTER', '', 0, 0, 2, 'null'),
	(2786, 'Automation_testing_2.1', 'master', 1408, 'D:\ncd D:\\AllReports\nmainJobExec.bat\necho pass', 'D:\\AllReports\\General\\FAST\\MostRecent', 'Automation_testing_2.1 description', 'FAST', '', 0, 0, 1, 'null'),
	(2787, 'rsa_multi_report_qtp', 'master', 1407, 'exit 0', 'D:\\sharedFolder\\AllReports\\RSA\\QTP\\MostRecent', 'rsa_multi_report_qtp description', 'HP QTP', '', 0, 0, 1, 'null'),
	(2789, 'qtp_multi_report_qtp', 'infpu09337', 1412, 'exit 0', 'D:\\sharedFolder\\AllReports\\RSA\\QTP\\MostRecent', 'qtp_multi_report_qtp description', 'HP QTP', NULL, 0, 0, 1, NULL),
	(2790, 'Automation_testing_3.0', 'master', 1413, 'D:\ncd D:\\AllReports\nmainJobExec.bat\necho pass', 'D:\\AllReports\\General\\FAST\\MostRecent', 'Automation_testing_3.0 description', 'FAST', '', 0, 0, 2, 'null'),
	(2791, 'Compatibility_Testing_3.0', 'master', 1413, 'D:\ncd D:\\AllReports\nmainJobExec.bat', 'D:\\AllReports\\General\\BrowserStackReport\\MostRecent', 'Compatibility_Testing_3.0 description', 'BrowserStack', '', 0, 0, 3, 'null'),
	(2792, 'E2E_Data_Validation_3.0', 'master', 1413, 'echo pass\n\nexit 0', 'D:\\AllReports\\General\\DTF_Report', 'E2E_Data_Validation_3.0 description', 'DTF', '', 0, 0, 4, 'null'),
	(2793, 'E2E_Report_Comparison', 'master', 1413, 'exit 0', 'D:\\AllReports\\General\\PDF_Report\\Report', 'E2E_Report_Comparison description', 'PDF', '', 0, 0, 5, 'null'),
	(2794, 'E2E_Service_Testing_3.0', 'master', 1413, 'exit 0', 'D:\\AllReports\\General\\Webservice', 'E2E_Service_Testing_3.0 description', 'WebService', '', 0, 0, 6, 'null'),
	(2795, 'E2E_Performance_Testing_3.0', 'master', 1413, 'exit 0', 'D:\\AllReports\\General\\jmeter', 'E2E_Performance_Testing_3.0 description', 'JMETER', '', 0, 0, 7, 'null'),
	(2796, 'E2E_Security_Testing_3.0', 'master', 1413, 'exit 0', 'D:\\AllReports\\General\\IBM_APP_SCAN\\Appscan', 'E2E_Security_Testing_3.0 description', 'IBM APP SCAN', '', 0, 0, 8, 'null'),
	(2798, 'E2E_Business_Testing_Rel.3.0', 'master', 1413, 'unitTesting,,jenkinsConfig,http://172.25.14.111:8080/jenkins/E2E_Business_Testing_Rel.3.0/configure', 'isSonarChecked,true,sonarUrl,http://172.25.14.112:9005,sonarKey,SmartBoardKey,isDuckcreekChecked,false,duckcreekUrl,,Reportpath,,inputParameter,', 'E2E_Business_Testing_Rel.3.0', 'BUILD', '', 0, 0, 0, 'null'),
	(2802, 'Eversource_Functional_Automation_Testing_1.0', 'master', 1419, 'exit 0', 'D:\\Automation\\FAST\\00baseline\\ExecutionReports\\MostRecentEversource', 'Eversource_Functional_Automation_Testing_1.0 description', 'FAST', '', 0, 0, 2, 'null'),
	(2803, 'Eversource_Compatibility_Testing_1.0', 'master', 1419, 'D:\ncd D:\\AllReports\nmainJobExecBrowserStack.bat', 'D:\\AllReports\\Eversource\\BrowserStackReport\\MostRecent', 'Eversource_Compatibility_Testing_1.0 description', 'BrowserStack', '', 0, 0, 3, 'null'),
	(2804, 'Eversource_Billing_Data_validation', 'master', 1419, 'exit 0', 'D:\\AllReports\\Eversource\\DTF_Report', 'Eversource_Billing_Data_validation description', 'DTF', '', 0, 0, 5, 'null'),
	(2805, 'Eversource_PDF_Comparison', 'master', 1419, 'exit 0', 'D:\\AllReports\\Eversource\\PDF_Report\\Report', 'Eversource_PDF_Comparison description', 'PDF', '', 0, 0, 6, 'null'),
	(2806, 'Eversource_Performance_Testing_1.0', 'master', 1419, 'exit 0', 'D:\\AllReports\\Eversource\\jmeter', 'Eversource_Performance_Testing_1.0 description', 'JMETER', '', 0, 0, 7, 'null'),
	(2807, 'Eversource_Service_Testing_1.0', 'master', 1419, 'exit 0', 'D:\\AllReports\\Eversource\\Webservice', 'Eversource_Service_Testing_1.0 description', 'WebService', '', 0, 0, 4, 'null'),
	(2808, 'Eversource_Security_Testing_1.0', 'master', 1419, 'exit 0', 'D:\\AllReports\\Eversource\\IBM_APP_SCAN\\Appscan', 'Eversource_Security_Testing_1.0 description', 'IBM APP SCAN', '', 0, 0, 8, 'null'),
	(2809, 'E2E_Build_POC_Automation', 'master', 1420, 'cd D:\\Automation\\FAST\\00baseline\\Libraries\njava -jar FAST-Java.jar D:\\Automation\\FAST\\00baseline\\ControlFile\\ControlFile_eversource.xls\npause\nexit 0', 'D:\\Automation\\FAST\\00baseline\\ExecutionReports\\MostRecent', 'E2E_Build_POC_Automation description', 'FAST', '', 0, 0, 1, ''),
	(2810, 'E2E_Performace_Testing_2.1', 'master', 1420, 'exit 0', 'D:\\AllReports\\Eversource\\jmeter', 'E2E_Performace_Testing_2.1 description', 'JMETER', '', 0, 0, 2, 'null'),
	(2811, 'E2E_Build_POC_AppScan', 'master', 1420, 'exit 0', 'D:\\AllReports\\Eversource\\IBM_APP_SCAN\\Appscan', 'E2E_Build_POC_AppScan description', 'IBM APP SCAN', '', 0, 0, 3, 'null'),
	(2812, 'Eversource_Rel_2.0', 'master', 1419, 'unitTesting,,jenkinsConfig,nullEversource_Rel_2.0/configure', 'isSonarChecked,true,sonarUrl,http://172.25.14.112:9005,sonarKey,SmartBoardKey,isDuckcreekChecked,false,duckcreekUrl,,Reportpath,,inputParameter,', 'Eversource_Rel_2.0', 'BUILD', '', 0, 0, 0, 'null'),
	(2815, 'CBOL_Automation_Testing', 'master', 1423, 'd:\ncd D:\\Automation\\FAST\\00baseline\\Libraries\njava -jar FAST-Java.jar D:\\Automation\\FAST\\00baseline\\ControlFile\\ControlFile_CITI.xls\npause\nexit 0', 'D:\\AllReports\\CITI\\FAST\\MostRecent', 'CBOL_Automation_Testing description', 'FAST', '', 0, 0, 1, 'null'),
	(2816, 'CBOL_Compatibility_Testing', 'master', 1423, 'D:\ncd D:\\AllReports\nmainJobExecBrowserStack.bat', 'D:\\AllReports\\CITI\\BrowserStackReport\\MostRecent', 'CBOL_Compatibility_Testing description', 'BrowserStack', '', 0, 0, 2, 'null'),
	(2817, 'CBOL_Data_validation', 'master', 1423, 'exit 0', 'D:\\AllReports\\CITI\\DTF_Report', 'CBOL_Data_validation description', 'DTF', '', 0, 0, 3, 'null'),
	(2818, 'CBOL_Comparision', 'master', 1423, 'exit 0', 'D:\\AllReports\\CITI\\PDF_Report\\Report', 'CBOL_Comparision description', 'PDF', '', 0, 0, 4, 'null'),
	(2819, 'E2E_Automation_testing_rel_1.0', 'master', 1424, 'exit 0', 'D:\\AllReports\\Bajaj\\Selenium\\Report', 'E2E_Automation_testing_rel_1.0 description', 'Selenium', '', 0, 0, 1, 'null'),
	(2820, 'BaNCS_Automation_Testing_1.0', 'master', 1426, 'echo pass\necho BaNCS\nexit 0', 'D:\\AllReports\\Bajaj\\Selenium\\Report', 'BaNCS_Automation_Testing_1.0 description', 'Selenium', '', 0, 0, 1, 'null'),
	(2821, 'BaNCS_Automation_Testing_2.0', 'master', 1427, 'echo pass\nexit 0', 'D:\\AllReports\\Bajaj\\SeleniumBaNCS\\Report', 'BaNCS_Automation_Testing_2.0 description', 'Selenium', '', 0, 0, 1, 'null'),
	(2822, 'Video_Streaming_Fast', 'master', 1428, 'd:\ncd D:\\Automation\\FAST\\00baseline\\Libraries\njava -jar FAST-Java.jar D:\\Automation\\FAST\\00baseline\\ControlFile\\ControlFile_L\'oreal.xls\npause\nexit 0', 'D:\\AllReports\\Loreal\\FAST\\MostRecent', 'Video_Streaming_Fast description', 'FAST', '', 0, 0, 1, 'null'),
	(2825, 'Rahul11AprilScania', 'master', 1431, '', 'D:\\scaniaReports2', 'Rahul11AprilScania description', 'scania_tool', NULL, 0, 0, 1, NULL),
	(2827, 'sample_report_rsa', 'master', 1433, 'exit 0', 'D:\\AllReports\\RSA\\Comp', 'sample_report_rsa description', 'PDF', '', 0, 0, 1, 'null'),
	(2829, 'E2E_Automtion_Test', 'VeryFast', 1457, 'D:\ncd D:\\FASTFramework_rajesh\\FASTFramework\\FAST\\00baseline\\Libraries\njava -jar FAST-Java.jar D:\\FASTFramework_rajesh\\FASTFramework\\FAST\\00baseline\\ControlFile\\ControlFile_eversource.xls\npause\nexit 0', 'D:\\FASTFramework_rajesh\\FASTFramework\\FAST\\00baseline\\ExecutionReports\\MostRecentEversource', 'E2E_Automtion_Test description', 'FAST', '', 0, 0, 1, 'null'),
	(2833, 'Compatibility_Testing', 'master', 1457, 'D:\ncd D:\\AllReports\nmainJobExecBrowserStack.bat', 'D:\\AllReports\\General\\BrowserStackReport\\MostRecent', 'Compatibility_Testing description', 'BrowserStack', '', 0, 0, 2, 'null'),
	(2834, 'Data_Validation', 'master', 1457, 'echo pass\n\nexit 0', 'D:\\AllReports\\General\\DTF_Report', 'Data_Validation description', 'DTF', '', 0, 0, 3, 'null'),
	(2835, 'Billing_Comparison', 'master', 1457, 'exit 0', 'D:\\AllReports\\General\\PDF_Report\\Report', 'Billing_Comparison description', 'PDF', '', 0, 0, 4, 'null'),
	(2836, 'Service_Testing', 'master', 1457, 'exit 0', 'D:\\AllReports\\General\\Webservice', 'Service_Testing description', 'WebService', '', 0, 0, 5, 'null'),
	(2839, 'Performance_Testing_E2E', 'master', 1457, 'exit 0', 'D:\\AllReports\\General\\jmeter', 'Performance_Testing_E2E description', 'JMETER', '', 0, 0, 6, 'null'),
	(2840, 'Security_Testing', 'master', 1457, 'exit 0', 'D:\\AllReports\\General\\IBM_APP_SCAN\\Appscan', 'Security_Testing description', 'IBM APP SCAN', NULL, 0, 0, 7, NULL),
	(2849, 'sample_fast_test_details_check', 'master', 1463, 'exit 0', 'D:\\AllReports\\General\\FAST\\MostRecent', 'sample_fast_test_details_check description', 'FAST', NULL, 0, 0, 1, NULL),
	(2875, 'E2E_Automation_test5.0', 'VeryFast', 1464, 'D:\ncd D:\\Automation\\FAST\\00baseline\\Libraries\njava -jar FAST-Java.jar D:\\Automation\\FAST\\00baseline\\ControlFile\\ControlFile_eversource.xls\npause\nexit 0', 'D:\\Automation\\FAST\\00baseline\\ExecutionReports\\MostRecent', 'E2E_Automation_test5.0 description', 'FAST', '', 0, 0, 1, 'null'),
	(2876, 'E2E_Compatibility_5.0', 'master', 1464, 'D:\ncd D:\\AllReports\nmainJobExecBrowserStack.bat', 'D:\\AllReports\\General\\BrowserStackReport\\MostRecent', 'E2E_Compatibility_5.0 description', 'BrowserStack', '', 0, 0, 2, 'null'),
	(2877, 'E2E_DataValidation_5.0', 'master', 1464, 'echo pass\n\nexit 0', 'D:\\AllReports\\General\\DTF_Report', 'E2E_DataValidation_5.0 description', 'DTF', '', 0, 0, 3, 'null'),
	(2878, 'E2E_Billing_Comparison5.0', 'master', 1464, 'exit 0', 'D:\\AllReports\\General\\PDF_Report\\Report', 'E2E_Billing_Comparison5.0 description', 'PDF', '', 0, 0, 4, 'null'),
	(2885, 'E2E_Performance_Testing5.0', 'master', 1464, 'exit 0', 'D:\\AllReports\\General\\jmeter', 'E2E_Performance_Testing5.0 description', 'JMETER', '', 0, 0, 5, 'null'),
	(2886, 'E2E_Security_Testing5.0', 'master', 1464, 'exit 0', 'D:\\AllReports\\General\\IBM_APP_SCAN\\Appscan', 'E2E_Security_Testing5.0 description', 'IBM APP SCAN', '', 0, 0, 6, 'null'),
	(2887, 'SampleCucumberReportForCloud', 'master', 1465, 'exit 0', 'D:\\AllReports\\Broadridge\\Cloud', 'SampleCucumberReportForCloud description', 'CUCUMBER', '', 0, 0, 1, 'null'),
	(2888, 'Sample_Cucumber_report_2.0', 'master', 1430, 'exit 0', 'D:\\AllReports\\Broadridge\\UI', 'Sample_Cucumber_report_2.0 description', 'FAST', '', 0, 0, 1, 'null'),
	(2892, 'E2E_Automation_test6.0', 'master', 1466, '\nexit 0', 'D:\\AllReports\\Honda\\Fast\\MostRecent', 'E2E_Automation_test6.0 description', 'FAST', '', 0, 0, 1, 'null'),
	(2895, 'E2E_Performance_Testing6.0', 'master', 1466, 'exit 0', 'D:\\AllReports\\General\\jmeter', 'E2E_Performance_Testing6.0 description', 'JMETER', '', 0, 0, 2, 'null'),
	(2896, 'E2E_Security_Testing6.0', 'master', 1466, 'exit 0', 'D:\\AllReports\\General\\IBM_APP_SCAN\\Appscan', 'E2E_Security_Testing6.0 description', 'IBM APP SCAN', '', 0, 0, 3, 'null'),
	(2898, 'E2E_Automation_test7.0', 'Machine112', 1467, 'D:\ncd D:\\Automation\\FAST\\00baseline\\Libraries\njava -jar FAST-Java.jar D:\\Automation\\FAST\\00baseline\\ControlFile\\ControlFile_Duckcreek.xls\npause\nexit 0', 'D:\\Automation\\New\\MostRecent', 'E2E_Automation_test7.0 description', 'FAST', '', 0, 0, 1, 'null'),
	(2899, 'E2E_DataValidation_7.0', 'master', 1467, 'echo pass\n\nexit 0', 'D:\\AllReports\\General\\DTF_Report', 'E2E_DataValidation_7.0 description', 'DTF', '', 0, 0, 2, 'null'),
	(2901, 'E2E_Security_Testing7.0', 'master', 1467, '\nexit 0', 'D:\\AllReports\\General\\IBM_APP_SCAN\\Appscan', 'E2E_Security_Testing7.0 description', 'IBM APP SCAN', '', 0, 0, 3, 'null'),
	(2902, 'E2E_Performance_Testing7.0', 'master', 1467, 'exit 0', 'D:\\AllReports\\General\\jmeter', 'E2E_Performance_Testing7.0 description', 'JMETER', '', 0, 0, 4, 'null'),
	(2906, 'Data_Comparison', 'master', 1466, 'exit 0', 'D:\\AllReports\\General\\DTF_Report', 'Data_Comparison description', 'DTF', '', 0, 0, 4, 'null'),
	(2912, 'CucumberReportFromGITToTest', 'master', 1479, 'exit 0', 'D:\\AllReports\\Broadridge\\UI', 'CucumberReportFromGITToTest description', 'CUCUMBER', NULL, 0, 0, 1, NULL),
	(2913, 'sample_multiple_report', 'master', 1482, 'exit 0', 'D:\\AllReports\\Broadridge\\Cloud\\advanced-reports\\cucumber-html-reports', 'sample_multiple_report description', 'CUCUMBER', '', 0, 0, 1, 'null'),
	(2914, 'sample_automation_report', 'master', 1482, 'exit 0', 'D:\\AllReports\\Broadridge\\UI', 'sample_automation_report description', 'CUCUMBER', '', 0, 0, 2, 'null'),
	(2915, 'jmeterSample', 'master', 1482, 'exit 0', 'D:\\AllReports\\Broadridge\\jmeter', 'jmeterSample description', 'JMETER', '', 0, 0, 3, 'null'),
	(2916, 'SONAR_test', 'master', 1489, 'unitTesting,,jenkinsConfig,nullSONAR_test/configure', 'isSonarChecked,true,sonarUrl,http://172.25.14.112:9005,sonarKey,SmartBoardKey,isDuckcreekChecked,false,duckcreekUrl,,Reportpath,,inputParameter,', 'sonar', 'BUILD', '', 0, 0, 0, 'null'),
	(2918, 'CucumberMultiReport', 'master', 1482, 'unitTesting,,jenkinsConfig,nullCucumberMultiReport/configure', 'isSonarChecked,false,sonarUrl,,sonarKey,,isDuckcreekChecked,false,duckcreekUrl,,Reportpath,,inputParameter,', 'sample', 'BUILD', NULL, 0, 0, 0, NULL),
	(2926, 'jyo2.1', 'master', 1509, 'exit 0', 'D:\\Automation\\FAST\\00baseline\\ExecutionReports\\MostRecent', 'jyo2.1 description', 'FAST', NULL, 0, 0, 1, NULL),
	(2930, 'jyo 4.1', 'master', 1513, 'exit 0', 'D:\\AllReports\\General\\FAST\\MostRecent', 'jyo 4.1 description', 'FAST', '', 0, 0, 1, 'null'),
	(2933, 'OTC_Flow', 'master', 1520, 'exit 0', 'c:/solMan/report', 'OTC_Flow description', 'Solution Manager', NULL, 0, 0, 1, NULL),
	(2943, 'fast2 fsgkjsg', 'master', 1513, 'exit 0', 'D:\\openscript\\MostRecent2', 'fast2 fsgkjsg description', 'FAST', '', 0, 0, 2, 'null'),
	(2947, 'c1', 'master', 1515, 'exit 0', 'D:\\JENKINS\\workspace\\report', 'c1 description', 'CUCUMBER', '', 0, 0, 1, 'null'),
	(2948, 'c2', 'Machine112', 1515, 'exit 0', 'C:\\Jenkins\\workspace\\c2\\main', 'c2 description', 'CUCUMBER', '', 0, 0, 2, 'null'),
	(2951, 'o1', 'master', 1525, 'exit 0', 'D:\\Report', 'o1 description', 'Openscript', NULL, 0, 0, 1, NULL),
	(2953, 'newjenkins', 'master', 1523, 'unitTesting,,jenkinsConfig,http://172.25.33.254:8080/jenkins/newjenkins/configure', 'isSonarChecked,true,sonarUrl,http://172.25.14.112:9005,sonarKey,admin/admin,isDuckcreekChecked,false,duckcreekUrl,,Reportpath,,inputParameter,', 'testing', 'BUILD', '', 0, 0, 0, 'null'),
	(2954, 'jyosonar', 'master', 1526, 'unitTesting,,jenkinsConfig,http://172.25.33.254:8080/jenkins/jyosonar/configure', 'isSonarChecked,true,sonarUrl,http://172.25.14.112:9005/,sonarKey,SmartBoardKey,isDuckcreekChecked,false,duckcreekUrl,,Reportpath,,inputParameter,', 'sonar', 'BUILD', '', 0, 0, 0, 'null'),
	(2955, 'jyosonar2', 'master', 1527, 'unitTesting,,jenkinsConfig,http://172.25.33.254:8080/jenkins/jyosonar2/configure', 'isSonarChecked,true,sonarUrl,http://172.25.14.112:9005,sonarKey,SmartBoardKey,isDuckcreekChecked,false,duckcreekUrl,,Reportpath,,inputParameter,', 'sonar', 'BUILD', '', 0, 0, 0, 'null'),
	(2956, 'jyosonar111', 'master', 1528, 'unitTesting,,jenkinsConfig,http://http://172.25.14.111:8080/jenkins/jyosonar111/configure', 'isSonarChecked,true,sonarUrl,http://172.25.14.112:9005,sonarKey,SmartBoardKey,isDuckcreekChecked,false,duckcreekUrl,,Reportpath,,inputParameter,', 's', 'BUILD', NULL, 0, 0, 0, NULL),
	(2957, 'jyosonar3', 'master', 1529, 'unitTesting,,jenkinsConfig,http://172.25.33.254:8080/jenkins/jyosonar3/configure', 'isSonarChecked,true,sonarUrl,http://172.25.14.112:9005,sonarKey,TRServiceKey,isDuckcreekChecked,false,duckcreekUrl,,Reportpath,,inputParameter,', 'sonar', 'BUILD', NULL, 0, 0, 0, NULL),
	(2958, 'faste2e', 'master', 1530, 'exit 0', 'D:\\AllReports\\CITI\\FAST\\MostRecent', 'faste2e description', 'FAST', '', 0, 0, 1, 'null'),
	(2959, 'jmeter_e2e', 'master', 1530, 'exit 0', 'D:\\AllReports\\General\\jmeter', 'jmeter_e2e description', 'JMETER', '', 0, 0, 2, 'null'),
	(2960, 'appscan_e2e', 'master', 1530, 'exit 0', 'D:\\AllReports\\General\\IBM_APP_SCAN\\Appscan', 'appscan_e2e description', 'IBM APP SCAN', '', 0, 0, 3, 'null'),
	(2961, 'dtf_e2e', 'master', 1530, 'exit 0', 'D:\\AllReports\\General\\DTF_Report', 'dtf_e2e description', 'DTF', '', 0, 0, 4, 'null');
/*!40000 ALTER TABLE `module_subjob_jenkins_master` ENABLE KEYS */;


-- Dumping structure for table plato_db.module_subjob_jenkins_parameters
CREATE TABLE IF NOT EXISTS `module_subjob_jenkins_parameters` (
  `id` int(10) NOT NULL AUTO_INCREMENT,
  `parameter_key` varchar(50) DEFAULT NULL,
  `value` varchar(500) DEFAULT NULL,
  `subjob_id` int(11) DEFAULT NULL,
  PRIMARY KEY (`id`),
  KEY `FK_module_subjob_jenkins_parameters_module_subjob_jenkins_master` (`subjob_id`),
  CONSTRAINT `FK_module_subjob_jenkins_parameters_module_subjob_jenkins_master` FOREIGN KEY (`subjob_id`) REFERENCES `module_subjob_jenkins_master` (`subjob_id`) ON DELETE CASCADE ON UPDATE CASCADE
) ENGINE=InnoDB AUTO_INCREMENT=1133 DEFAULT CHARSET=utf8;

-- Dumping data for table plato_db.module_subjob_jenkins_parameters: ~485 rows (approximately)
DELETE FROM `module_subjob_jenkins_parameters`;
/*!40000 ALTER TABLE `module_subjob_jenkins_parameters` DISABLE KEYS */;
INSERT INTO `module_subjob_jenkins_parameters` (`id`, `parameter_key`, `value`, `subjob_id`) VALUES
	(340, 'repo_manager', NULL, 2762),
	(341, 'repo_path', NULL, 2762),
	(342, 'repo_credentials', NULL, 2762),
	(343, 'repo_manager', NULL, 2763),
	(344, 'repo_path', NULL, 2763),
	(345, 'repo_credentials', NULL, 2763),
	(346, 'repo_manager', NULL, 2764),
	(347, 'repo_path', NULL, 2764),
	(348, 'repo_credentials', NULL, 2764),
	(355, 'repo_manager', NULL, 2767),
	(356, 'repo_path', NULL, 2767),
	(357, 'repo_credentials', NULL, 2767),
	(358, 'repo_manager', NULL, 2768),
	(359, 'repo_path', NULL, 2768),
	(360, 'repo_credentials', NULL, 2768),
	(361, 'repo_manager', NULL, 2769),
	(362, 'repo_path', NULL, 2769),
	(363, 'repo_credentials', NULL, 2769),
	(364, 'repo_manager', NULL, 2770),
	(365, 'repo_path', NULL, 2770),
	(366, 'repo_credentials', NULL, 2770),
	(367, 'repo_manager', NULL, 2771),
	(368, 'repo_path', NULL, 2771),
	(369, 'repo_credentials', NULL, 2771),
	(370, 'repo_manager', NULL, 2772),
	(371, 'repo_path', NULL, 2772),
	(372, 'repo_credentials', NULL, 2772),
	(373, 'repo_manager', NULL, 2773),
	(374, 'repo_path', NULL, 2773),
	(375, 'repo_credentials', NULL, 2773),
	(391, 'repo_manager', NULL, 2779),
	(392, 'repo_path', NULL, 2779),
	(393, 'repo_credentials', NULL, 2779),
	(394, 'repo_manager', NULL, 2780),
	(395, 'repo_path', NULL, 2780),
	(396, 'repo_credentials', NULL, 2780),
	(397, 'repo_manager', NULL, 2781),
	(398, 'repo_path', NULL, 2781),
	(399, 'repo_credentials', NULL, 2781),
	(400, 'repo_manager', NULL, 2782),
	(401, 'repo_path', NULL, 2782),
	(402, 'repo_credentials', NULL, 2782),
	(403, 'repo_manager', NULL, 2783),
	(404, 'repo_path', NULL, 2783),
	(405, 'repo_credentials', NULL, 2783),
	(406, 'repo_manager', NULL, 2784),
	(407, 'repo_path', NULL, 2784),
	(408, 'repo_credentials', NULL, 2784),
	(409, 'repo_manager', NULL, 2785),
	(410, 'repo_path', NULL, 2785),
	(411, 'repo_credentials', NULL, 2785),
	(412, 'repo_manager', NULL, 2786),
	(413, 'repo_path', NULL, 2786),
	(414, 'repo_credentials', NULL, 2786),
	(415, 'repo_manager', NULL, 2787),
	(416, 'repo_path', NULL, 2787),
	(417, 'repo_credentials', NULL, 2787),
	(421, 'repo_manager', NULL, 2789),
	(422, 'repo_path', NULL, 2789),
	(423, 'repo_credentials', NULL, 2789),
	(424, 'repo_manager', NULL, 2790),
	(425, 'repo_path', NULL, 2790),
	(426, 'repo_credentials', NULL, 2790),
	(427, 'repo_manager', NULL, 2791),
	(428, 'repo_path', NULL, 2791),
	(429, 'repo_credentials', NULL, 2791),
	(430, 'repo_manager', NULL, 2792),
	(431, 'repo_path', NULL, 2792),
	(432, 'repo_credentials', NULL, 2792),
	(433, 'repo_manager', NULL, 2793),
	(434, 'repo_path', NULL, 2793),
	(435, 'repo_credentials', NULL, 2793),
	(436, 'repo_manager', NULL, 2794),
	(437, 'repo_path', NULL, 2794),
	(438, 'repo_credentials', NULL, 2794),
	(439, 'repo_manager', NULL, 2795),
	(440, 'repo_path', NULL, 2795),
	(441, 'repo_credentials', NULL, 2795),
	(442, 'repo_manager', NULL, 2796),
	(443, 'repo_path', NULL, 2796),
	(444, 'repo_credentials', NULL, 2796),
	(448, 'repo_manager', NULL, 2798),
	(449, 'repo_path', NULL, 2798),
	(450, 'repo_credentials', NULL, 2798),
	(460, 'repo_manager', NULL, 2802),
	(461, 'repo_path', NULL, 2802),
	(462, 'repo_credentials', NULL, 2802),
	(463, 'repo_manager', NULL, 2803),
	(464, 'repo_path', NULL, 2803),
	(465, 'repo_credentials', NULL, 2803),
	(466, 'repo_manager', NULL, 2804),
	(467, 'repo_path', NULL, 2804),
	(468, 'repo_credentials', NULL, 2804),
	(469, 'repo_manager', NULL, 2805),
	(470, 'repo_path', NULL, 2805),
	(471, 'repo_credentials', NULL, 2805),
	(472, 'repo_manager', NULL, 2806),
	(473, 'repo_path', NULL, 2806),
	(474, 'repo_credentials', NULL, 2806),
	(475, 'repo_manager', NULL, 2807),
	(476, 'repo_path', NULL, 2807),
	(477, 'repo_credentials', NULL, 2807),
	(478, 'repo_manager', NULL, 2808),
	(479, 'repo_path', NULL, 2808),
	(480, 'repo_credentials', NULL, 2808),
	(481, 'repo_manager', NULL, 2809),
	(482, 'repo_path', NULL, 2809),
	(483, 'repo_credentials', NULL, 2809),
	(484, 'repo_manager', NULL, 2810),
	(485, 'repo_path', NULL, 2810),
	(486, 'repo_credentials', NULL, 2810),
	(487, 'repo_manager', NULL, 2811),
	(488, 'repo_path', NULL, 2811),
	(489, 'repo_credentials', NULL, 2811),
	(490, 'repo_manager', NULL, 2812),
	(491, 'repo_path', NULL, 2812),
	(492, 'repo_credentials', NULL, 2812),
	(499, 'repo_manager', NULL, 2815),
	(500, 'repo_path', NULL, 2815),
	(501, 'repo_credentials', NULL, 2815),
	(502, 'repo_manager', NULL, 2816),
	(503, 'repo_path', NULL, 2816),
	(504, 'repo_credentials', NULL, 2816),
	(505, 'repo_manager', NULL, 2817),
	(506, 'repo_path', NULL, 2817),
	(507, 'repo_credentials', NULL, 2817),
	(508, 'repo_manager', NULL, 2818),
	(509, 'repo_path', NULL, 2818),
	(510, 'repo_credentials', NULL, 2818),
	(511, 'repo_manager', NULL, 2819),
	(512, 'repo_path', NULL, 2819),
	(513, 'repo_credentials', NULL, 2819),
	(514, 'repo_manager', NULL, 2820),
	(515, 'repo_path', NULL, 2820),
	(516, 'repo_credentials', NULL, 2820),
	(517, 'repo_manager', NULL, 2821),
	(518, 'repo_path', NULL, 2821),
	(519, 'repo_credentials', NULL, 2821),
	(520, 'repo_manager', NULL, 2822),
	(521, 'repo_path', NULL, 2822),
	(522, 'repo_credentials', NULL, 2822),
	(529, 'repo_manager', NULL, 2825),
	(530, 'repo_path', NULL, 2825),
	(531, 'repo_credentials', NULL, 2825),
	(535, 'repo_manager', NULL, 2827),
	(536, 'repo_path', NULL, 2827),
	(537, 'repo_credentials', NULL, 2827),
	(541, 'repo_manager', NULL, 2829),
	(542, 'repo_path', NULL, 2829),
	(543, 'repo_credentials', NULL, 2829),
	(544, 'repo_manager', NULL, 2833),
	(545, 'repo_path', NULL, 2833),
	(546, 'repo_credentials', NULL, 2833),
	(547, 'repo_manager', NULL, 2834),
	(548, 'repo_path', NULL, 2834),
	(549, 'repo_credentials', NULL, 2834),
	(550, 'repo_manager', NULL, 2835),
	(551, 'repo_path', NULL, 2835),
	(552, 'repo_credentials', NULL, 2835),
	(553, 'repo_manager', NULL, 2836),
	(554, 'repo_path', NULL, 2836),
	(555, 'repo_credentials', NULL, 2836),
	(556, 'repo_manager', NULL, 2839),
	(557, 'repo_path', NULL, 2839),
	(558, 'repo_credentials', NULL, 2839),
	(559, 'repo_manager', NULL, 2840),
	(560, 'repo_path', NULL, 2840),
	(561, 'repo_credentials', NULL, 2840),
	(596, 'repo_manager', NULL, 2849),
	(597, 'repo_path', NULL, 2849),
	(598, 'repo_credentials', NULL, 2849),
	(599, 'branch_name', NULL, 2849),
	(600, 'git_browser_type', NULL, 2849),
	(601, 'browser_url', NULL, 2849),
	(602, 'browser_version', NULL, 2849),
	(651, 'repo_manager', NULL, 2875),
	(652, 'repo_path', NULL, 2875),
	(653, 'repo_credentials', NULL, 2875),
	(654, 'repo_manager', NULL, 2876),
	(655, 'repo_path', NULL, 2876),
	(656, 'repo_credentials', NULL, 2876),
	(657, 'repo_manager', NULL, 2877),
	(658, 'repo_path', NULL, 2877),
	(659, 'repo_credentials', NULL, 2877),
	(660, 'repo_manager', NULL, 2878),
	(661, 'repo_path', NULL, 2878),
	(662, 'repo_credentials', NULL, 2878),
	(666, 'repo_manager', NULL, 2885),
	(667, 'repo_path', NULL, 2885),
	(668, 'repo_credentials', NULL, 2885),
	(669, 'repo_manager', NULL, 2886),
	(670, 'repo_path', NULL, 2886),
	(671, 'repo_credentials', NULL, 2886),
	(672, 'repo_manager', 'git', 2887),
	(673, 'repo_path', 'sample tp tesfggsfgasdlkf', 2887),
	(674, 'repo_credentials', 'e87313bc-131f-4ce5-b928-e10fe3f4851a', 2887),
	(675, 'branch_name', 'demoooooooooooo', 2887),
	(676, 'git_browser_type', '(auto)', 2887),
	(677, 'browser_url', NULL, 2887),
	(678, 'browser_version', NULL, 2887),
	(679, 'repo_manager', NULL, 2888),
	(680, 'repo_path', NULL, 2888),
	(681, 'repo_credentials', NULL, 2888),
	(682, 'branch_name', NULL, 2888),
	(683, 'git_browser_type', NULL, 2888),
	(684, 'browser_url', NULL, 2888),
	(685, 'browser_version', NULL, 2888),
	(693, 'repo_manager', NULL, 2892),
	(694, 'repo_path', NULL, 2892),
	(695, 'repo_credentials', NULL, 2892),
	(696, 'branch_name', NULL, 2892),
	(697, 'git_browser_type', NULL, 2892),
	(698, 'browser_url', NULL, 2892),
	(699, 'browser_version', NULL, 2892),
	(700, 'repo_manager', NULL, 2895),
	(701, 'repo_path', NULL, 2895),
	(702, 'repo_credentials', NULL, 2895),
	(703, 'branch_name', NULL, 2895),
	(704, 'git_browser_type', NULL, 2895),
	(705, 'browser_url', NULL, 2895),
	(706, 'browser_version', NULL, 2895),
	(707, 'repo_manager', NULL, 2896),
	(708, 'repo_path', NULL, 2896),
	(709, 'repo_credentials', NULL, 2896),
	(710, 'branch_name', NULL, 2896),
	(711, 'git_browser_type', NULL, 2896),
	(712, 'browser_url', NULL, 2896),
	(713, 'browser_version', NULL, 2896),
	(721, 'repo_manager', NULL, 2898),
	(722, 'repo_path', NULL, 2898),
	(723, 'repo_credentials', NULL, 2898),
	(724, 'branch_name', NULL, 2898),
	(725, 'git_browser_type', NULL, 2898),
	(726, 'browser_url', NULL, 2898),
	(727, 'browser_version', NULL, 2898),
	(728, 'repo_manager', NULL, 2899),
	(729, 'repo_path', NULL, 2899),
	(730, 'repo_credentials', NULL, 2899),
	(731, 'branch_name', NULL, 2899),
	(732, 'git_browser_type', NULL, 2899),
	(733, 'browser_url', NULL, 2899),
	(734, 'browser_version', NULL, 2899),
	(735, 'repo_manager', NULL, 2901),
	(736, 'repo_path', NULL, 2901),
	(737, 'repo_credentials', NULL, 2901),
	(738, 'branch_name', NULL, 2901),
	(739, 'git_browser_type', NULL, 2901),
	(740, 'browser_url', NULL, 2901),
	(741, 'browser_version', NULL, 2901),
	(742, 'repo_manager', NULL, 2902),
	(743, 'repo_path', NULL, 2902),
	(744, 'repo_credentials', NULL, 2902),
	(745, 'branch_name', NULL, 2902),
	(746, 'git_browser_type', NULL, 2902),
	(747, 'browser_url', NULL, 2902),
	(748, 'browser_version', NULL, 2902),
	(749, 'repo_manager', NULL, 2906),
	(750, 'repo_path', NULL, 2906),
	(751, 'repo_credentials', NULL, 2906),
	(752, 'branch_name', NULL, 2906),
	(753, 'git_browser_type', NULL, 2906),
	(754, 'browser_url', NULL, 2906),
	(755, 'browser_version', NULL, 2906),
	(791, 'repo_manager', NULL, 2912),
	(792, 'repo_path', NULL, 2912),
	(793, 'repo_credentials', NULL, 2912),
	(794, 'branch_name', NULL, 2912),
	(795, 'git_browser_type', NULL, 2912),
	(796, 'browser_url', NULL, 2912),
	(797, 'browser_version', NULL, 2912),
	(798, 'repo_manager', NULL, 2913),
	(799, 'repo_path', NULL, 2913),
	(800, 'repo_credentials', NULL, 2913),
	(801, 'branch_name', NULL, 2913),
	(802, 'git_browser_type', NULL, 2913),
	(803, 'browser_url', NULL, 2913),
	(804, 'browser_version', NULL, 2913),
	(805, 'repo_manager', NULL, 2914),
	(806, 'repo_path', NULL, 2914),
	(807, 'repo_credentials', NULL, 2914),
	(808, 'branch_name', NULL, 2914),
	(809, 'git_browser_type', NULL, 2914),
	(810, 'browser_url', NULL, 2914),
	(811, 'browser_version', NULL, 2914),
	(812, 'repo_manager', NULL, 2915),
	(813, 'repo_path', NULL, 2915),
	(814, 'repo_credentials', NULL, 2915),
	(815, 'branch_name', NULL, 2915),
	(816, 'git_browser_type', NULL, 2915),
	(817, 'browser_url', NULL, 2915),
	(818, 'browser_version', NULL, 2915),
	(819, 'repo_manager', NULL, 2916),
	(820, 'repo_path', NULL, 2916),
	(821, 'repo_credentials', NULL, 2916),
	(822, 'branch_name', NULL, 2916),
	(823, 'git_browser_type', NULL, 2916),
	(824, 'browser_url', NULL, 2916),
	(825, 'browser_version', NULL, 2916),
	(833, 'repo_manager', NULL, 2918),
	(834, 'repo_path', NULL, 2918),
	(835, 'repo_credentials', NULL, 2918),
	(836, 'branch_name', NULL, 2918),
	(837, 'git_browser_type', NULL, 2918),
	(838, 'browser_url', NULL, 2918),
	(839, 'browser_version', NULL, 2918),
	(861, 'repo_manager', NULL, 2926),
	(862, 'repo_path', NULL, 2926),
	(863, 'repo_credentials', NULL, 2926),
	(864, 'branch_name', NULL, 2926),
	(865, 'git_browser_type', NULL, 2926),
	(866, 'browser_url', NULL, 2926),
	(867, 'browser_version', NULL, 2926),
	(868, 'jenkins_build_no', '1', 2926),
	(869, 'jenkins_build_no', '10', 2913),
	(870, 'jenkins_build_no', '31', 2918),
	(871, 'jenkins_build_no', '4', 2915),
	(872, 'jenkins_build_no', '6', 2914),
	(873, 'jenkins_build_no', '9', 2783),
	(874, 'jenkins_build_no', '3', 2827),
	(896, 'repo_manager', NULL, 2930),
	(897, 'repo_path', NULL, 2930),
	(898, 'repo_credentials', NULL, 2930),
	(899, 'branch_name', NULL, 2930),
	(900, 'git_browser_type', NULL, 2930),
	(901, 'browser_url', NULL, 2930),
	(902, 'browser_version', NULL, 2930),
	(903, 'jenkins_build_no', '57', 2930),
	(918, 'repo_manager', NULL, 2933),
	(919, 'repo_path', NULL, 2933),
	(920, 'repo_credentials', NULL, 2933),
	(921, 'branch_name', NULL, 2933),
	(922, 'git_browser_type', NULL, 2933),
	(923, 'browser_url', NULL, 2933),
	(924, 'browser_version', NULL, 2933),
	(992, 'repo_manager', NULL, 2943),
	(993, 'repo_path', NULL, 2943),
	(994, 'repo_credentials', NULL, 2943),
	(995, 'branch_name', NULL, 2943),
	(996, 'git_browser_type', NULL, 2943),
	(997, 'browser_url', NULL, 2943),
	(998, 'browser_version', NULL, 2943),
	(999, 'jenkins_build_no', '11', 2943),
	(1023, 'repo_manager', NULL, 2947),
	(1024, 'repo_path', NULL, 2947),
	(1025, 'repo_credentials', NULL, 2947),
	(1026, 'branch_name', NULL, 2947),
	(1027, 'git_browser_type', NULL, 2947),
	(1028, 'browser_url', NULL, 2947),
	(1029, 'browser_version', NULL, 2947),
	(1030, 'repo_manager', NULL, 2948),
	(1031, 'repo_path', NULL, 2948),
	(1032, 'repo_credentials', NULL, 2948),
	(1033, 'branch_name', NULL, 2948),
	(1034, 'git_browser_type', NULL, 2948),
	(1035, 'browser_url', NULL, 2948),
	(1036, 'browser_version', NULL, 2948),
	(1037, 'jenkins_build_no', '10', 2948),
	(1038, 'jenkins_build_no', '10', 2947),
	(1054, 'repo_manager', NULL, 2951),
	(1055, 'repo_path', NULL, 2951),
	(1056, 'repo_credentials', NULL, 2951),
	(1057, 'branch_name', NULL, 2951),
	(1058, 'git_browser_type', NULL, 2951),
	(1059, 'browser_url', NULL, 2951),
	(1060, 'browser_version', NULL, 2951),
	(1069, 'repo_manager', NULL, 2953),
	(1070, 'repo_path', NULL, 2953),
	(1071, 'repo_credentials', NULL, 2953),
	(1072, 'branch_name', NULL, 2953),
	(1073, 'git_browser_type', NULL, 2953),
	(1074, 'browser_url', NULL, 2953),
	(1075, 'browser_version', NULL, 2953),
	(1076, 'jenkins_build_no', '34', 2953),
	(1077, 'repo_manager', NULL, 2954),
	(1078, 'repo_path', NULL, 2954),
	(1079, 'repo_credentials', NULL, 2954),
	(1080, 'branch_name', NULL, 2954),
	(1081, 'git_browser_type', NULL, 2954),
	(1082, 'browser_url', NULL, 2954),
	(1083, 'browser_version', NULL, 2954),
	(1084, 'repo_manager', NULL, 2955),
	(1085, 'repo_path', NULL, 2955),
	(1086, 'repo_credentials', NULL, 2955),
	(1087, 'branch_name', NULL, 2955),
	(1088, 'git_browser_type', NULL, 2955),
	(1089, 'browser_url', NULL, 2955),
	(1090, 'browser_version', NULL, 2955),
	(1091, 'repo_manager', NULL, 2956),
	(1092, 'repo_path', NULL, 2956),
	(1093, 'repo_credentials', NULL, 2956),
	(1094, 'branch_name', NULL, 2956),
	(1095, 'git_browser_type', NULL, 2956),
	(1096, 'browser_url', NULL, 2956),
	(1097, 'browser_version', NULL, 2956),
	(1098, 'repo_manager', NULL, 2957),
	(1099, 'repo_path', NULL, 2957),
	(1100, 'repo_credentials', NULL, 2957),
	(1101, 'branch_name', NULL, 2957),
	(1102, 'git_browser_type', NULL, 2957),
	(1103, 'browser_url', NULL, 2957),
	(1104, 'browser_version', NULL, 2957),
	(1105, 'repo_manager', NULL, 2958),
	(1106, 'repo_path', NULL, 2958),
	(1107, 'repo_credentials', NULL, 2958),
	(1108, 'branch_name', NULL, 2958),
	(1109, 'git_browser_type', NULL, 2958),
	(1110, 'browser_url', NULL, 2958),
	(1111, 'browser_version', NULL, 2958),
	(1112, 'repo_manager', NULL, 2959),
	(1113, 'repo_path', NULL, 2959),
	(1114, 'repo_credentials', NULL, 2959),
	(1115, 'branch_name', NULL, 2959),
	(1116, 'git_browser_type', NULL, 2959),
	(1117, 'browser_url', NULL, 2959),
	(1118, 'browser_version', NULL, 2959),
	(1119, 'repo_manager', NULL, 2960),
	(1120, 'repo_path', NULL, 2960),
	(1121, 'repo_credentials', NULL, 2960),
	(1122, 'branch_name', NULL, 2960),
	(1123, 'git_browser_type', NULL, 2960),
	(1124, 'browser_url', NULL, 2960),
	(1125, 'browser_version', NULL, 2960),
	(1126, 'repo_manager', NULL, 2961),
	(1127, 'repo_path', NULL, 2961),
	(1128, 'repo_credentials', NULL, 2961),
	(1129, 'branch_name', NULL, 2961),
	(1130, 'git_browser_type', NULL, 2961),
	(1131, 'browser_url', NULL, 2961),
	(1132, 'browser_version', NULL, 2961);
/*!40000 ALTER TABLE `module_subjob_jenkins_parameters` ENABLE KEYS */;


-- Dumping structure for table plato_db.node_master
CREATE TABLE IF NOT EXISTS `node_master` (
  `node_id` int(10) NOT NULL AUTO_INCREMENT,
  `node_name` varchar(100) NOT NULL DEFAULT '',
  PRIMARY KEY (`node_name`),
  UNIQUE KEY `node_master_unique_index` (`node_id`)
) ENGINE=InnoDB AUTO_INCREMENT=119 DEFAULT CHARSET=utf8 COMMENT='has names of all jenkins nodes';

-- Dumping data for table plato_db.node_master: ~22 rows (approximately)
DELETE FROM `node_master`;
/*!40000 ALTER TABLE `node_master` DISABLE KEYS */;
INSERT INTO `node_master` (`node_id`, `node_name`) VALUES
	(1, 'master'),
	(23, 'fast_112_node'),
	(72, 'LIP_node'),
	(88, 'Appium-Node-2'),
	(89, 'Appium-Node-3'),
	(91, 'PostPerformance_Node'),
	(92, 'LIP_node_1'),
	(93, 'LIP-Node-2'),
	(94, 'Fast-Node-1'),
	(95, 'Fast-Node-Machine-111'),
	(97, 'FSTI-Node'),
	(103, 'ViacomAppium'),
	(105, 'infpu09337'),
	(106, 'Machine_112'),
	(107, 'VeryFast'),
	(111, 'Machine112'),
	(112, 'Test_30052019'),
	(113, 'Build_50413'),
	(115, 'jyomachine'),
	(116, 'jyomachine2'),
	(117, 'new node'),
	(118, 'jyo node');
/*!40000 ALTER TABLE `node_master` ENABLE KEYS */;


-- Dumping structure for table plato_db.permission_module_master
CREATE TABLE IF NOT EXISTS `permission_module_master` (
  `permission_module_id` int(10) NOT NULL AUTO_INCREMENT,
  `permission_module_name` varchar(50) DEFAULT NULL,
  `module_checked` varchar(50) NOT NULL DEFAULT 'N',
  PRIMARY KEY (`permission_module_id`)
) ENGINE=InnoDB AUTO_INCREMENT=5 DEFAULT CHARSET=utf8;

-- Dumping data for table plato_db.permission_module_master: ~4 rows (approximately)
DELETE FROM `permission_module_master`;
/*!40000 ALTER TABLE `permission_module_master` DISABLE KEYS */;
INSERT INTO `permission_module_master` (`permission_module_id`, `permission_module_name`, `module_checked`) VALUES
	(1, 'Dashboard Module', 'N'),
	(2, 'Configuration Module', 'N'),
	(3, 'Project Module', 'N'),
	(4, 'Report Module', 'N');
/*!40000 ALTER TABLE `permission_module_master` ENABLE KEYS */;


-- Dumping structure for table plato_db.permission_screen_master
CREATE TABLE IF NOT EXISTS `permission_screen_master` (
  `screen_id` int(10) NOT NULL AUTO_INCREMENT,
  `screen_name` varchar(50) DEFAULT NULL,
  `permission_module_id` int(10) NOT NULL,
  `screen_checked` varchar(50) NOT NULL DEFAULT 'N',
  PRIMARY KEY (`screen_id`),
  KEY `permission_module_id_fk` (`permission_module_id`),
  CONSTRAINT `permission_module_id_fk` FOREIGN KEY (`permission_module_id`) REFERENCES `permission_module_master` (`permission_module_id`)
) ENGINE=InnoDB AUTO_INCREMENT=25 DEFAULT CHARSET=utf8 COMMENT='contains names of tabs for which permissions are to be asgne';

-- Dumping data for table plato_db.permission_screen_master: ~24 rows (approximately)
DELETE FROM `permission_screen_master`;
/*!40000 ALTER TABLE `permission_screen_master` DISABLE KEYS */;
INSERT INTO `permission_screen_master` (`screen_id`, `screen_name`, `permission_module_id`, `screen_checked`) VALUES
	(1, 'Dashboard Screen', 1, 'N'),
	(2, 'User Details Screen', 1, 'N'),
	(3, 'Portfolio Screen', 2, 'N'),
	(4, 'Account Screen', 2, 'N'),
	(5, 'Build Configuration Screen', 3, 'N'),
	(6, 'Project Screen', 2, 'N'),
	(7, 'Roles Screen', 2, 'N'),
	(8, 'Users Screen', 2, 'N'),
	(9, 'Permissions Screen', 2, 'N'),
	(10, 'Tool List Screen', 2, 'N'),
	(11, 'Project-Tools Mapping', 2, 'N'),
	(12, 'Environment Screen', 2, 'N'),
	(13, 'Node Screen', 2, 'N'),
	(14, 'Project Screen', 3, 'N'),
	(15, 'Environment Readiness Screen', 3, 'N'),
	(16, 'Impact Change Screen', 3, 'N'),
	(17, 'Pre-Build Check Screen', 4, 'N'),
	(18, 'DIAT Screen', 4, 'N'),
	(19, 'Live Build Console Screen', 4, 'N'),
	(20, 'Build Screen', 4, 'N'),
	(21, 'Automation Testing Screen', 4, 'N'),
	(22, 'Data Testing Screen', 4, 'N'),
	(23, 'Performance Testing Screen', 4, 'N'),
	(24, 'Security Testing Screen', 4, 'N');
/*!40000 ALTER TABLE `permission_screen_master` ENABLE KEYS */;


-- Dumping structure for table plato_db.portfolio_master
CREATE TABLE IF NOT EXISTS `portfolio_master` (
  `portfolio_id` int(10) NOT NULL AUTO_INCREMENT,
  `portfolio_name` varchar(50) NOT NULL DEFAULT '0',
  PRIMARY KEY (`portfolio_id`)
) ENGINE=InnoDB AUTO_INCREMENT=218 DEFAULT CHARSET=utf8;

-- Dumping data for table plato_db.portfolio_master: ~39 rows (approximately)
DELETE FROM `portfolio_master`;
/*!40000 ALTER TABLE `portfolio_master` DISABLE KEYS */;
INSERT INTO `portfolio_master` (`portfolio_id`, `portfolio_name`) VALUES
	(5, 'MFG Portfolio'),
	(29, 'Viacom'),
	(31, 'Apple'),
	(32, 'Insurance'),
	(107, 'TestRight'),
	(113, 'demo121'),
	(116, 'SFDC Portfolio'),
	(119, 'Bajaj'),
	(120, 'Powertest'),
	(121, 'MnE'),
	(123, 'Portfolio_MnE'),
	(124, 'Tmnas_Portfolio'),
	(125, 'CitiBank'),
	(127, 'Taining Portfolio'),
	(128, 'WealthManagement'),
	(130, 'WhiteHorse'),
	(138, 'Wealth Mng Test'),
	(140, 'LifeInsurance'),
	(141, 'Broad'),
	(145, 'Finance'),
	(146, 'Unicorn_Portfolio'),
	(147, 'E-Commerce'),
	(149, 'Life Insurance'),
	(152, 'Wealth Management_10649492'),
	(153, 'LTI_Income_Tax'),
	(154, 'WealthManagementPortfolioShru'),
	(160, 'WealthManagement(10652041)'),
	(161, 'WealthManagment(10653894)'),
	(162, 'Tamaghna_Portfolio'),
	(163, 'tourism_webApp'),
	(166, 'Wealth Management_10654201'),
	(187, 'Financial Portfolio'),
	(188, 'BFSI'),
	(189, 'Apple'),
	(190, 'Sample_Portfolio'),
	(193, 'test_portfolio'),
	(213, 'check'),
	(215, 'newCheck'),
	(216, 'check1');
/*!40000 ALTER TABLE `portfolio_master` ENABLE KEYS */;


-- Dumping structure for table plato_db.project_master
CREATE TABLE IF NOT EXISTS `project_master` (
  `project_id` int(10) NOT NULL AUTO_INCREMENT,
  `project_name` varchar(100) NOT NULL,
  `project_status` varchar(50) DEFAULT NULL,
  `project_creation_date` datetime DEFAULT NULL,
  `account_id` int(10) DEFAULT NULL,
  PRIMARY KEY (`project_id`),
  UNIQUE KEY `project_unique_index` (`project_name`),
  KEY `account_id_fk` (`account_id`),
  CONSTRAINT `account_id_fk` FOREIGN KEY (`account_id`) REFERENCES `account_master` (`account_id`)
) ENGINE=InnoDB AUTO_INCREMENT=368 DEFAULT CHARSET=utf8 COMMENT='stores information of a project.';

-- Dumping data for table plato_db.project_master: ~58 rows (approximately)
DELETE FROM `project_master`;
/*!40000 ALTER TABLE `project_master` DISABLE KEYS */;
INSERT INTO `project_master` (`project_id`, `project_name`, `project_status`, `project_creation_date`, `account_id`) VALUES
	(1, 'Honda-Global Assembly Line Control', 'In-Progress', '2017-11-07 12:11:05', 1),
	(2, 'Honda-PDDA', 'In-Progress', '2017-11-07 12:11:48', 1),
	(5, 'Honda-Development', 'Planned', '2017-11-15 12:23:50', 1),
	(6, 'HONDA-GSR', 'Planned', '2017-11-16 13:47:50', 1),
	(26, 'Sales', 'In-Progress', '2018-03-01 10:22:01', 27),
	(27, 'Non-Sales', 'In-Progress', '2018-03-01 10:22:14', 27),
	(28, 'RMP', 'In-progress', '2018-03-01 11:30:48', 28),
	(29, 'PARIS', 'In-Progress', '2018-03-01 11:44:08', 29),
	(30, 'OnlineStore', 'In-Progress', '2018-03-30 12:55:46', 31),
	(31, 'liberty_project', 'not started', '2018-03-30 13:03:50', 1),
	(33, 'viacom project', 'started', '2018-03-30 13:08:33', 1),
	(34, 'newTestProject', 'newTestProject', '2018-03-30 13:08:59', 1),
	(50, 'new11', 'new11', '2018-03-31 11:17:05', 27),
	(57, 'proj2', 'planned', '2018-04-02 00:00:00', 31),
	(72, 'Duck Creek', 'In-progress', '2018-07-25 00:00:00', 41),
	(76, 'Customer Care Portal', 'In-Progress', '2018-04-01 00:00:00', 45),
	(268, 'UTICA_Automation', NULL, '2018-07-18 17:16:11', 45),
	(269, 'Selenium_Automation', 'Active', '2018-07-18 17:17:03', 45),
	(270, 'CarInsurance', 'In-Progress', '2018-08-01 00:00:00', 259),
	(274, 'pro', 'In-progress', '2018-08-13 16:25:35', 264),
	(276, 'demoProject', 'inProgress', '2018-08-21 15:47:13', 266),
	(278, 'SDFC Project', 'In_Progress', '2018-08-29 12:00:37', 269),
	(279, 'Bajaj-Allianz', 'In-Progress', '2018-10-23 16:04:08', 276),
	(280, 'Energy Saving Plan', 'In-progress', '2018-10-24 21:10:46', 277),
	(281, 'MIDAS', 'In-Progress', '2018-10-26 16:04:57', 278),
	(282, 'Viacom_proj', 'In Progress', '2018-11-16 18:09:12', 279),
	(283, 'phly.com', 'inprogress', '2018-11-21 16:38:15', 280),
	(284, 'CitiBank_Project', 'In Progress', '2018-12-07 15:04:44', 281),
	(285, 'Training Project', 'In-Progress', '2018-12-19 14:05:54', 282),
	(286, 'BD', 'initial', '2019-01-11 13:55:35', 282),
	(290, 'BDa', 'initial', '2019-01-11 13:56:27', 281),
	(293, 'AutomationDemo', 'Initial Stage', '2019-01-16 13:05:26', 283),
	(297, 'Unicor007', 'Initial', '2019-01-16 15:18:18', 285),
	(299, 'uniTin', 'initial', '2019-01-16 15:19:04', 285),
	(304, 'Bimal LTI', 'in progress', '2019-01-17 11:31:37', 294),
	(307, 'OppotunityFund_Policy', 'Initial', '2019-01-21 15:25:10', 296),
	(308, 'Broad_proj', 'Pass', '2019-01-21 15:25:42', 298),
	(314, 'UNICORN_BR', 'Initial', '2019-01-22 17:40:19', 302),
	(315, 'Unicorn_Project', 'Initial', '2019-01-22 19:42:32', 303),
	(316, 'Amazon.in', 'Under Development', '2019-01-23 11:23:44', 306),
	(317, 'Life Insurance Policy(LIP)', 'Initial', '2019-01-23 14:56:13', 311),
	(320, 'Unicorn_10649492', 'Stratch', '2019-01-23 16:07:20', 314),
	(321, 'Income_Tax_Proj', 'Initial', '2019-01-23 18:48:51', 315),
	(322, 'UnicornProjectShru', 'Initial Stage', '2019-01-23 18:59:33', 316),
	(330, 'Automation Demo', 'Initial Stage', '2019-01-24 14:34:58', 334),
	(331, 'myProject', 'live', '2019-01-24 16:12:28', 335),
	(332, 'Tamaghna_project', 'In Progress', '2019-01-24 16:13:00', 336),
	(335, 'search_functionality', 'initial', '2019-01-24 19:41:50', 337),
	(336, 'login_module', 'ongoing', '2019-01-24 19:42:12', 338),
	(337, 'Automation_10654201', 'Active', '2019-01-25 16:18:11', 341),
	(345, 'POCO', 'In Progress', '2019-01-28 19:53:05', 283),
	(355, 'Viacom_Proj1', 'In-Progress', '2019-02-04 12:43:06', 355),
	(356, 'FSTI', 'In_Progress', '2019-02-06 11:07:04', 356),
	(357, 'Performance Engineering CITI', 'In-Progress', '2019-02-15 00:00:00', 357),
	(358, 'Sample_Project', 'In-Progress', '2018-02-07 00:00:00', 358),
	(361, 'CBOL', 'In-progress', '2019-04-03 11:11:24', 357),
	(362, 'test_project', 'in-progress', '2019-04-09 16:39:58', 360),
	(367, 'just', 'inactive', '2019-06-26 12:58:46', 367);
/*!40000 ALTER TABLE `project_master` ENABLE KEYS */;


-- Dumping structure for table plato_db.project_tool_mapping
CREATE TABLE IF NOT EXISTS `project_tool_mapping` (
  `tool_project_mapping_id` int(10) NOT NULL AUTO_INCREMENT,
  `tool_id` int(10) DEFAULT NULL,
  `project_id` int(10) DEFAULT NULL,
  `command_to_execute` varchar(500) DEFAULT NULL,
  `report_path` varchar(200) DEFAULT NULL,
  `node_name` varchar(100) NOT NULL,
  PRIMARY KEY (`tool_project_mapping_id`),
  UNIQUE KEY `project_tool_mapping_unique_index` (`tool_id`,`project_id`),
  KEY `project_id_fk_3` (`project_id`),
  KEY `node_name_fk2` (`node_name`),
  CONSTRAINT `node_name_fk2` FOREIGN KEY (`node_name`) REFERENCES `node_master` (`node_name`) ON UPDATE CASCADE,
  CONSTRAINT `project_id_fk_3` FOREIGN KEY (`project_id`) REFERENCES `project_master` (`project_id`),
  CONSTRAINT `tool_id_fk` FOREIGN KEY (`tool_id`) REFERENCES `tool_master` (`tool_id`)
) ENGINE=InnoDB AUTO_INCREMENT=938 DEFAULT CHARSET=utf8 COMMENT='mapping of tools and project';

-- Dumping data for table plato_db.project_tool_mapping: ~129 rows (approximately)
DELETE FROM `project_tool_mapping`;
/*!40000 ALTER TABLE `project_tool_mapping` DISABLE KEYS */;
INSERT INTO `project_tool_mapping` (`tool_project_mapping_id`, `tool_id`, `project_id`, `command_to_execute`, `report_path`, `node_name`) VALUES
	(54, 1, 5, 'java -jar D:/FAST/Libraries/FAST-Java.jar', 'D:/FAST_Reports', 'master'),
	(59, 7, 5, 'd:/jmeter.exe', 'd:jmeter_reports', 'master'),
	(73, 1, 1, 'java -jar D:/FAST/Libraries/FAST-Java.jar', 'D:/FAST_Reports', 'master'),
	(76, 8, 1, 'd:/Selenium', 'd:/Selenium_Reports', 'master'),
	(80, 1, 2, 'java -jar D:/FAST/Libraries/FAST-Java.jar', 'D:/FAST_Reports', 'master'),
	(81, 8, 2, 'd:/Selenium', 'd:/Selenium_Reports', 'master'),
	(93, 12, 27, 'cd C:\\Program Files (x86)\\UiPath Platform\nstart /wait UiRobot.exe -f "C:\\Users\\10607889\\Documents\\Back_Up\\Contract_Creation_Final\\Contract_creation_excel_1\\Excel.xaml"  ', 'd:/Uipath', 'master'),
	(94, 8, 28, 'd:/Selenium', 'd:/Selenium_Reports', 'master'),
	(123, 21, 29, 'sonar,junit,maven,svn', 'ddd', 'master'),
	(124, 1, 29, 'java -jar D:/FAST/Libraries/FAST-Java.jar', 'D:/FAST_Reports', 'master'),
	(127, 8, 29, 'd:/Selenium', 'd:/Selenium_Reports', 'master'),
	(129, 7, 29, 'd:/jmeter.exe', 'd:jmeter_reports', 'master'),
	(151, 1, 30, 'd:\ncd D:\\Automation\\FAST\\00baseline\\Libraries\njava -jar FAST-Java.jar D:\\Automation\\FAST\\00baseline\\ControlFile\\ControlFile_apple.xls\npause\nexit', 'D:\\Automation\\FAST\\00baseline\\ExecutionReports', 'master'),
	(162, 21, 6, 'sonar,junit,maven,svn', 'ddd', 'master'),
	(165, 11, 30, '', 'D:\\Software\\DIAT\\RecentReport', 'master'),
	(168, 11, 57, 'java -Xmx1024m -Xss20m -jar DIAT.jar "D:\\DIAT\\Carrier_Property_Data_US_10_1_0_0.xml" "D:\\DIAT\\Carrier_Property_Data_US_10_2_0_0.xml" "D:\\DIAT\\Regression Mapping V1.0.xlsx"', 'D:\\Software\\DIAT\\RecentReport', 'master'),
	(170, 1, 6, 'java -jar D:/FAST/Libraries/FAST-Java.jar', 'D:/FAST_Reports', 'master'),
	(171, 12, 6, 'path.txt', 'd:/Uipath', 'master'),
	(172, 8, 6, 'd:/Selenium', 'd:/Selenium_Reports', 'master'),
	(180, 12, 28, 'path.txt', 'd:/Uipath', 'master'),
	(182, 8, 30, 'd:/Selenium', 'd:/Selenium_Reports', 'master'),
	(183, 17, 30, '', 'D:\\DataAssuranceRelease\\Release_DataAssuranceRelease~2017-09-28_07.15.38.853', 'master'),
	(184, 7, 30, 'd:/jmeter.exe', 'd:jmeter_reports', 'master'),
	(212, 1, 28, 'd:\ncd D:\\Automation\\FAST\\00baseline\\Libraries\njava -jar FAST-Java.jar D:\\Automation\\FAST\\00baseline\\ControlFile\\ControlFile_VIACOM.xls\npause\nexit', 'D:\\Automation\\FAST\\00baseline\\ExecutionReports', 'master'),
	(213, 21, 28, 'sonar,junit,maven,svn', 'ddd', 'master'),
	(214, 17, 28, 'D:\ncd D:\\DTF_Workspace\\Project\nRD /S /Q report\nMD report\nD:\ncd D:\\DTF\njava -Xmx1024m -Xss20m -jar DTF.jar "-relExecution" "D:\\DTF_Workspace" "Project" "Release"', 'D:\\DTF_Workspace\\Project\\report', 'master'),
	(215, 11, 28, 'java -Xmx1024m -Xss20m -jar DIAT.jar "D:\\Software\\DIAT\\Carrier_Property_Data_US_10_1_0_0.xml" "D:\\Software\\DIAT\\Carrier_Property_Data_US_10_2_0_0.xml" "D:\\Software\\DIAT\\Regression Mapping V1.0.xlsx"', 'D:\\Software\\DIAT\\RecentReport', 'master'),
	(217, 1, 72, 'd:\ncd D:\\Automation\\FAST\\00baseline\\Libraries\njava -jar FAST-Java.jar D:\\Automation\\FAST\\00baseline\\ControlFile\\ControlFile_RSA.xls\npause\nexit', 'D:\\Automation\\FAST\\00baseline\\ExecutionReports', 'master'),
	(220, 21, 72, 'sonar,junit,maven,svn', 'ddd', 'master'),
	(222, 7, 28, 'cd D:\\Performance\\Jmeter\\apache-jmeter-2.13\\bin\njmeter -n -t D:\\Performance\\Jmeter\\WODH_Prasana.jmx -l D:\\Performance\\Jmeter\\report\\scriptresults.csv\npause ', 'D:\\Performance\\Jmeter\\report', 'master'),
	(234, 18, 30, 'pdfdiff.txt', 'd:/pdfdiff_report', 'master'),
	(268, 8, 72, 'd:/Selenium', 'd:/Selenium_Reports', 'master'),
	(272, 21, 30, 'sonar,junit,maven,svn', 'ddd', 'master'),
	(282, 19, 30, 'D:\r\ncd D:\\ZAP_WEEKLY_D-2018-02-12\\ZAP_D-2018-02-12\r\nzap.bat -quickurl %url% -quickout C:\\Users\\PTLab\\.jenkins\\workspace\\BlackBoxTest\\reports\\ZAP-Report-%BUILD_ID%.xml -cmd', 'eee', 'master'),
	(284, 21, 76, 'sonar,junit,maven,svn', 'ddd', 'master'),
	(286, 7, 76, 'cd D:\\Performance\\Jmeter\\apache-jmeter-2.13\\bin\r\njmeter -n -t D:\\Performance\\Jmeter\\WODH_Prasana.jmx -l D:\\Performance\\Jmeter\\scriptresults.csv\r\npause ', 'D:\\Performance\\Jmeter', 'master'),
	(287, 1, 76, 'd:\ncd D:\\Automation\\FAST\\00baseline\\Libraries\njava -jar FAST-Java.jar D:\\Automation\\FAST\\00baseline\\ControlFile\\ControlFile_UTICA.xls\npause\nexit', 'D:\\Automation\\FAST\\00baseline\\ExecutionReports', 'master'),
	(302, 24, 76, 'java -jar D:/FAST/Libraries/FAST-Java.jar', 'D:\\Automation\\FAST\\00baseline\\ExecutionReports', 'fast_112_node'),
	(308, 25, 76, 'd: cd D:\\Automation\\FAST\\00baseline\\Libraries java -jar FAST-Java.jar D:\\Automation\\FAST\\00baseline\\ControlFile\\ControlFile_UTICA.xls pause exit', 'D:\\Automation\\FAST\\00baseline\\ExecutionReports', 'master'),
	(309, 26, 72, 'c:', 'c:', 'master'),
	(330, 24, 29, 'java -jar D:/FAST/Libraries/FAST-Java.jar', 'D:\\Automation\\FAST\\00baseline\\ExecutionReports', 'fast_112_node'),
	(331, 11, 29, 'java -Xmx1024m -Xss20m -jar DIAT.jar "D:\\DIAT\\Carrier_Property_Data_US_10_1_0_0.xml" "D:\\DIAT\\Carrier_Property_Data_US_10_2_0_0.xml" "D:\\DIAT\\Regression Mapping V1.0.xlsx"', 'D:\\Software\\DIAT\\RecentReport', 'master'),
	(332, 12, 29, 'path.txt', 'd:/Uipath', 'master'),
	(334, 18, 29, 'pdfdiff.txt', 'd:/pdfdiff_report', 'master'),
	(335, 17, 29, 'D:\r\ncd D:\\DTF_Workspace\\Project\r\nRD /S /Q report\r\nMD report\r\nD:\r\ncd D:\\DTF\r\njava -Xmx1024m -Xss20m -jar DTF.jar "-relExecution" "D:\\DTF_Workspace" "Project" "Release"', 'D:\\DTF_Workspace\\Project\\report', 'master'),
	(336, 19, 29, 'D:\r\ncd D:\\ZAP_WEEKLY_D-2018-02-12\\ZAP_D-2018-02-12\r\nzap.bat -quickurl %url% -quickout C:\\Users\\PTLab\\.jenkins\\workspace\\BlackBoxTest\\reports\\ZAP-Report-%BUILD_ID%.xml -cmd', 'eee', 'master'),
	(337, 20, 29, 'C:\ncd "C:\\Program Files\\IBM\\AppScan Standard"\nappscancmd EXEC  /starting_url http://demo.testfire.net /report_type Html /report_file D:\\appscan_test_report\\appscan_report /min_severity Informational /test_type All /rt CliDefault /eo', 'D:\\Appscan', 'master'),
	(339, 1, 270, 'java -jar D:/FAST/Libraries/FAST-Java.jar', 'D:\\Automation\\FAST\\00baseline\\ExecutionReports', 'master'),
	(353, 11, 72, 'C:\\Users\\10643380\\Desktop\\PLATO-Impact sheet.xlsx', 'D:\\Software\\DIAT\\RecentReport', 'master'),
	(354, 18, 72, 'pdfdiff.txt', 'd:/pdfdiff_report', 'master'),
	(355, 19, 72, 'D:\r\ncd D:\\ZAP_WEEKLY_D-2018-02-12\\ZAP_D-2018-02-12\r\nzap.bat -quickurl %url% -quickout C:\\Users\\PTLab\\.jenkins\\workspace\\BlackBoxTest\\reports\\ZAP-Report-%BUILD_ID%.xml -cmd', 'eee', 'master'),
	(357, 29, 72, 'D:\ncd D:\\xmlsetup\nXML_Sync.bat\npause\nexit 0', 'D:\\xmlsetup\\Report', 'master'),
	(358, 17, 72, 'D:\r\ncd D:\\DTF_Workspace\\Project\r\nRD /S /Q report\r\nMD report\r\nD:\r\ncd D:\\DTF\r\njava -Xmx1024m -Xss20m -jar DTF.jar "-relExecution" "D:\\DTF_Workspace" "Project" "Release"', 'D:\\DTF_Workspace\\Project\\report', 'master'),
	(360, 8, 274, 'd:/Selenium', 'd:/Selenium_Reports', 'master'),
	(361, 1, 274, 'java -jar D:/FAST/Libraries/FAST-Java.jar', 'D:\\Automation\\FAST\\00baseline\\ExecutionReports', 'master'),
	(363, 7, 274, 'cd D:\\Performance\\Jmeter\\apache-jmeter-2.13\\bin\r\njmeter -n -t D:\\Performance\\Jmeter\\WODH_Prasana.jmx -l D:\\Performance\\Jmeter\\scriptresults.csv\r\npause ', 'D:\\Performance\\Jmeter', 'master'),
	(364, 20, 274, 'C:\ncd "C:\\Program Files\\IBM\\AppScan Standard"\nappscancmd EXEC  /starting_url http://demo.testfire.net /report_type Html /report_file D:\\appscan_test_report\\appscan_report /min_severity Informational /test_type All /rt CliDefault /eo', 'D:\\Appscan', 'master'),
	(365, 21, 274, 'sonar,junit,maven,svn', 'ddd', 'master'),
	(366, 12, 274, 'path.txt', 'd:/Uipath', 'master'),
	(367, 18, 274, 'pdfdiff.txt', 'd:/pdfdiff_report', 'master'),
	(368, 25, 274, 'cmd', 'cmd', 'master'),
	(369, 11, 274, 'java -Xmx1024m -Xss20m -jar DIAT.jar "D:\\DIAT\\Carrier_Property_Data_US_10_1_0_0.xml" "D:\\DIAT\\Carrier_Property_Data_US_10_2_0_0.xml" "D:\\DIAT\\Regression Mapping V1.0.xlsx"', 'D:\\Software\\DIAT\\RecentReport', 'master'),
	(372, 18, 276, 'pdfdiff.txt', 'd:/pdfdiff_report', 'master'),
	(373, 17, 276, 'D:\r\ncd D:\\DTF_Workspace\\Project\r\nRD /S /Q report\r\nMD report\r\nD:\r\ncd D:\\DTF\r\njava -Xmx1024m -Xss20m -jar DTF.jar "-relExecution" "D:\\DTF_Workspace" "Project" "Release"', 'D:\\DTF_Workspace\\Project\\report', 'master'),
	(374, 7, 276, 'cd D:\\Performance\\Jmeter\\apache-jmeter-2.13\\bin\r\njmeter -n -t D:\\Performance\\Jmeter\\WODH_Prasana.jmx -l D:\\Performance\\Jmeter\\scriptresults.csv\r\npause ', 'D:\\Performance\\Jmeter', 'master'),
	(375, 24, 276, 'java -jar D:/FAST/Libraries/FAST-Java.jar', 'D:\\Automation\\FAST\\00baseline\\ExecutionReports', 'fast_112_node'),
	(376, 1, 276, 'java -jar D:/FAST/Libraries/FAST-Java.jar', 'D:\\Automation\\FAST\\00baseline\\ExecutionReports', 'master'),
	(377, 20, 276, 'C:\ncd "C:\\Program Files\\IBM\\AppScan Standard"\nappscancmd EXEC  /starting_url http://demo.testfire.net /report_type Html /report_file D:\\appscan_test_report\\appscan_report /min_severity Informational /test_type All /rt CliDefault /eo', 'D:\\Appscan', 'master'),
	(385, 26, 276, 'c:', 'c:', 'master'),
	(392, 7, 72, 'cd D:\\Performance\\Jmeter\\apache-jmeter-2.13\\bin\r\njmeter -n -t D:\\Performance\\Jmeter\\WODH_Prasana.jmx -l D:\\Performance\\Jmeter\\scriptresults.csv\r\npause ', 'D:\\Performance\\Jmeter', 'master'),
	(394, 21, 278, 'sonar,junit,maven,svn', 'ddd', 'master'),
	(395, 7, 278, 'cd D:\\Performance\\Jmeter\\apache-jmeter-2.13\\bin\r\njmeter -n -t D:\\Performance\\Jmeter\\WODH_Prasana.jmx -l D:\\Performance\\Jmeter\\scriptresults.csv\r\npause ', 'D:\\Performance\\Jmeter', 'master'),
	(396, 18, 278, 'pdfdiff.txt', 'd:/pdfdiff_report', 'master'),
	(397, 17, 278, 'D:\r\ncd D:\\DTF_Workspace\\Project\r\nRD /S /Q report\r\nMD report\r\nD:\r\ncd D:\\DTF\r\njava -Xmx1024m -Xss20m -jar DTF.jar "-relExecution" "D:\\DTF_Workspace" "Project" "Release"', 'D:\\DTF_Workspace\\Project\\report', 'master'),
	(398, 1, 278, 'java -jar D:/FAST/Libraries/FAST-Java.jar', 'D:\\Automation\\FAST\\00baseline\\ExecutionReports', 'master'),
	(409, 11, 278, 'java -Xmx1024m -Xss20m -jar DIAT.jar "D:\\DIAT\\Carrier_Property_Data_US_10_1_0_0.xml" "D:\\DIAT\\Carrier_Property_Data_US_10_2_0_0.xml" "D:\\DIAT\\Regression Mapping V1.0.xlsx"', 'D:\\Software\\DIAT\\RecentReport', 'master'),
	(411, 29, 278, 'D:\ncd D:\\xmlsetup\nXML_Sync.bat\npause\nexit 0', 'D:\\xmlsetup\\Report', 'master'),
	(414, 8, 278, 'd:/Selenium', 'd:/Selenium_Reports', 'master'),
	(418, 34, 278, 'exit 0', 'D:\\report,result,', 'master'),
	(423, 7, 280, 'cd D:\\Performance\\Jmeter\\apache-jmeter-2.13\\bin\r\njmeter -n -t D:\\Performance\\Jmeter\\WODH_Prasana.jmx -l D:\\Performance\\Jmeter\\scriptresults.csv\r\npause ', 'D:\\Performance\\Jmeter', 'master'),
	(425, 8, 280, 'd:/Selenium', 'd:/Selenium_Reports', 'master'),
	(427, 1, 280, 'java -jar D:/FAST/Libraries/FAST-Java.jar', 'D:\\Automation\\FAST\\00baseline\\ExecutionReports', 'master'),
	(428, 21, 280, 'sonar,junit,maven,svn', 'ddd', 'master'),
	(429, 12, 280, 'path.txt', 'd:/Uipath', 'master'),
	(431, 24, 280, 'java -jar D:/FAST/Libraries/FAST-Java.jar', 'D:\\Automation\\FAST\\00baseline\\ExecutionReports', 'fast_112_node'),
	(433, 26, 280, 'c:', 'c:', 'master'),
	(434, 25, 280, 'cmd', 'cmd', 'master'),
	(435, 11, 280, 'java -Xmx1024m -Xss20m -jar DIAT.jar "D:\\DIAT\\Carrier_Property_Data_US_10_1_0_0.xml" "D:\\DIAT\\Carrier_Property_Data_US_10_2_0_0.xml" "D:\\DIAT\\Regression Mapping V1.0.xlsx"', 'D:\\Software\\DIAT\\RecentReport', 'master'),
	(436, 17, 280, 'D:\r\ncd D:\\DTF_Workspace\\Project\r\nRD /S /Q report\r\nMD report\r\nD:\r\ncd D:\\DTF\r\njava -Xmx1024m -Xss20m -jar DTF.jar "-relExecution" "D:\\DTF_Workspace" "Project" "Release"', 'D:\\DTF_Workspace\\Project\\report', 'master'),
	(437, 18, 280, 'pdfdiff.txt', 'd:/pdfdiff_report', 'master'),
	(438, 29, 280, 'D:\ncd D:\\xmlsetup\nXML_Sync.bat\npause\nexit 0', 'D:\\xmlsetup\\Report', 'master'),
	(442, 20, 280, 'C:\ncd "C:\\Program Files\\IBM\\AppScan Standard"\nappscancmd EXEC  /starting_url http://demo.testfire.net /report_type Html /report_file D:\\appscan_test_report\\appscan_report /min_severity Informational /test_type All /rt CliDefault /eo', 'D:\\Appscan', 'master'),
	(443, 19, 280, 'D:\r\ncd D:\\ZAP_WEEKLY_D-2018-02-12\\ZAP_D-2018-02-12\r\nzap.bat -quickurl %url% -quickout C:\\Users\\PTLab\\.jenkins\\workspace\\BlackBoxTest\\reports\\ZAP-Report-%BUILD_ID%.xml -cmd', 'eee', 'master'),
	(444, 34, 280, 'exit 0', 'D:\\report,result,', 'master'),
	(446, 40, 280, 'http://172.25.14.111:8080/plato', 'gotourl', 'master'),
	(451, 42, 280, 'exit 0', 'reportPath', 'master'),
	(473, 7, 282, 'cd D:\\Performance\\Jmeter\\apache-jmeter-2.13\\bin\r\njmeter -n -t D:\\Performance\\Jmeter\\WODH_Prasana.jmx -l D:\\Performance\\Jmeter\\scriptresults.csv\r\npause ', 'D:\\Performance\\Jmeter', 'master'),
	(474, 8, 282, 'd:/Selenium', 'd:/Selenium_Reports', 'master'),
	(476, 21, 282, 'sonar,junit,maven,svn', 'ddd', 'master'),
	(477, 1, 282, 'd:\ncd D:\\Automation\\FAST\\00baseline\\Libraries\njava -jar FAST-Java.jar D:\\Automation\\FAST\\00baseline\\ControlFile\\ControlFile_RSA.xls\npause\nexit', 'D:\\Automation\\FAST\\00baseline\\ExecutionReports\\MostRecent', 'master'),
	(480, 24, 282, 'java -jar D:/FAST/Libraries/FAST-Java.jar', 'D:\\Automation\\FAST\\00baseline\\ExecutionReports', 'fast_112_node'),
	(483, 26, 282, 'c:', 'c:', 'master'),
	(484, 25, 282, 'cmd', 'cmd', 'master'),
	(485, 34, 282, 'exit 0', 'D:\\report,result,', 'master'),
	(486, 42, 282, 'exit 0', 'reportPath', 'master'),
	(487, 40, 282, 'http://172.25.14.111:8080/plato', 'gotourl', 'master'),
	(489, 29, 282, 'D:\ncd D:\\xmlsetup\nXML_Sync.bat\npause\nexit 0', 'D:\\xmlsetup\\Report', 'master'),
	(490, 11, 282, 'java -Xmx1024m -Xss20m -jar DIAT.jar "D:\\DIAT\\Carrier_Property_Data_US_10_1_0_0.xml" "D:\\DIAT\\Carrier_Property_Data_US_10_2_0_0.xml" "D:\\DIAT\\Regression Mapping V1.0.xlsx"', 'D:\\Software\\DIAT\\RecentReport', 'master'),
	(491, 18, 282, 'pdfdiff.txt', 'd:/pdfdiff_report', 'master'),
	(492, 17, 282, 'D:\r\ncd D:\\DTF_Workspace\\Project\r\nRD /S /Q report\r\nMD report\r\nD:\r\ncd D:\\DTF\r\njava -Xmx1024m -Xss20m -jar DTF.jar "-relExecution" "D:\\DTF_Workspace" "Project" "Release"', 'D:\\DTF_Workspace\\Project\\report', 'master'),
	(493, 20, 282, 'C:\ncd "C:\\Program Files\\IBM\\AppScan Standard"\nappscancmd EXEC  /starting_url http://demo.testfire.net /report_type Html /report_file D:\\appscan_test_report\\appscan_report /min_severity Informational /test_type All /rt CliDefault /eo', 'D:\\Appscan', 'master'),
	(494, 19, 282, 'D:\r\ncd D:\\ZAP_WEEKLY_D-2018-02-12\\ZAP_D-2018-02-12\r\nzap.bat -quickurl %url% -quickout C:\\Users\\PTLab\\.jenkins\\workspace\\BlackBoxTest\\reports\\ZAP-Report-%BUILD_ID%.xml -cmd', 'eee', 'master'),
	(495, 12, 72, 'path.txt', 'd:/Uipath', 'master'),
	(497, 7, 283, 'cd D:\\Performance\\Jmeter\\apache-jmeter-2.13\\bin\r\njmeter -n -t D:\\Performance\\Jmeter\\WODH_Prasana.jmx -l D:\\Performance\\Jmeter\\scriptresults.csv\r\npause ', 'D:\\Performance\\Jmeter', 'master'),
	(498, 26, 283, 'c:', 'c:', 'master'),
	(499, 8, 283, 'd:/Selenium', 'd:/Selenium_Reports', 'master'),
	(500, 8, 76, 'd:/Selenium', 'd:/Selenium_Reports', 'master'),
	(512, 1, 284, 'exit 0', 'D:\\AllReports\\CITI\\FAST\\MostRecent', 'master'),
	(514, 21, 284, 'sonar,junit,maven,svn', 'ddd', 'master'),
	(516, 25, 284, 'cmd', 'cmd', 'master'),
	(517, 34, 284, 'exit 0', 'D:\\report,result,', 'master'),
	(518, 20, 284, 'C:\ncd "C:\\Program Files\\IBM\\AppScan Standard"\nappscancmd EXEC  /starting_url http://demo.testfire.net /report_type Html /report_file D:\\appscan_test_report\\appscan_report /min_severity Informational /test_type All /rt CliDefault /eo', 'D:\\Appscan', 'master'),
	(519, 7, 285, 'cd D:\\Performance\\Jmeter\\apache-jmeter-2.13\\bin\r\njmeter -n -t D:\\Performance\\Jmeter\\WODH_Prasana.jmx -l D:\\Performance\\Jmeter\\scriptresults.csv\r\npause ', 'D:\\Performance\\Jmeter', 'master'),
	(521, 12, 285, 'path.txt', 'd:/Uipath', 'master'),
	(522, 1, 285, 'd:\ncd D:\\Automation\\FAST\\00baseline\\Libraries\njava -jar FAST-Java.jar D:\\Automation\\FAST\\00baseline\\ControlFile\\ControlFile_RSA.xls\npause\nexit', 'D:\\Automation\\FAST\\00baseline\\ExecutionReports\\MostRecent', 'master'),
	(523, 24, 285, 'java -jar D:/FAST/Libraries/FAST-Java.jar', 'D:\\Automation\\FAST\\00baseline\\ExecutionReports', 'fast_112_node'),
	(525, 26, 285, 'c:', 'c:', 'master'),
	(526, 34, 285, 'exit 0', 'D:\\report,result,', 'master'),
	(527, 25, 285, 'cmd', 'cmd', 'master'),
	(528, 18, 285, 'pdfdiff.txt', 'd:/pdfdiff_report', 'master'),
	(529, 11, 285, 'java -Xmx1024m -Xss20m -jar DIAT.jar "D:\\DIAT\\Carrier_Property_Data_US_10_1_0_0.xml" "D:\\DIAT\\Carrier_Property_Data_US_10_2_0_0.xml" "D:\\DIAT\\Regression Mapping V1.0.xlsx"', 'D:\\Software\\DIAT\\RecentReport', 'master'),
	(530, 20, 285, 'C:\ncd "C:\\Program Files\\IBM\\AppScan Standard"\nappscancmd EXEC  /starting_url http://demo.testfire.net /report_type Html /report_file D:\\appscan_test_report\\appscan_report /min_severity Informational /test_type All /rt CliDefault /eo', 'D:\\Appscan', 'master'),
	(531, 43, 282, 'exit 0', 'D:\\PLATO_COMPLETE\\AllReports\\QTP', 'master'),
	(533, 26, 284, 'c:', 'c:', 'master'),
	(536, 44, 282, 'exit 0', 'D:\\PLATO_COMPLETE\\AllReports\\BURP', 'master'),
	(539, 21, 285, 'sonar,junit,maven,svn', 'ddd', 'master'),
	(541, 8, 285, 'd:/Selenium', 'd:/Selenium_Reports', 'master'),
	(542, 17, 285, 'D:\r\ncd D:\\DTF_Workspace\\Project\r\nRD /S /Q report\r\nMD report\r\nD:\r\ncd D:\\DTF\r\njava -Xmx1024m -Xss20m -jar DTF.jar "-relExecution" "D:\\DTF_Workspace" "Project" "Release"', 'D:\\DTF_Workspace\\Project\\report', 'master'),
	(543, 7, 286, 'cd D:\\Performance\\Jmeter\\apache-jmeter-2.13\\bin\r\njmeter -n -t D:\\Performance\\Jmeter\\WODH_Prasana.jmx -l D:\\Performance\\Jmeter\\scriptresults.csv\r\npause ', 'D:\\Performance\\Jmeter', 'master'),
	(545, 21, 286, 'sonar,junit,maven,svn', 'ddd', 'master'),
	(546, 8, 286, 'd:/Selenium', 'd:/Selenium_Reports', 'master'),
	(547, 26, 286, 'c:', 'c:', 'master'),
	(551, 17, 286, 'D:\r\ncd D:\\DTF_Workspace\\Project\r\nRD /S /Q report\r\nMD report\r\nD:\r\ncd D:\\DTF\r\njava -Xmx1024m -Xss20m -jar DTF.jar "-relExecution" "D:\\DTF_Workspace" "Project" "Release"', 'D:\\DTF_Workspace\\Project\\report', 'master'),
	(552, 44, 286, 'exit 0', 'D:\\PLATO_COMPLETE\\AllReports\\BURP', 'master'),
	(554, 7, 290, 'cd D:\\Performance\\Jmeter\\apache-jmeter-2.13\\bin\r\njmeter -n -t D:\\Performance\\Jmeter\\WODH_Prasana.jmx -l D:\\Performance\\Jmeter\\scriptresults.csv\r\npause ', 'D:\\Performance\\Jmeter', 'master'),
	(555, 8, 290, 'd:/Selenium', 'd:/Selenium_Reports', 'master'),
	(564, 45, 285, 'exit 0', 'D:\\PLATO_COMPLETE\\AllReports\\Performance_Center', 'master'),
	(565, 43, 285, 'exit 0', 'D:\\PLATO_COMPLETE\\AllReports\\QTP', 'master'),
	(570, 44, 72, 'exit 0', 'D:\\PLATO_COMPLETE\\AllReports\\BURP', 'master'),
	(571, 7, 293, 'cd D:\\Performance\\Jmeter\\apache-jmeter-2.13\\bin\r\njmeter -n -t D:\\Performance\\Jmeter\\WODH_Prasana.jmx -l D:\\Performance\\Jmeter\\scriptresults.csv\r\npause ', 'D:\\Performance\\Jmeter', 'master'),
	(572, 21, 293, 'sonar,junit,maven,svn', 'ddd', 'master'),
	(573, 18, 293, 'pdfdiff.txt', 'd:/pdfdiff_report', 'master'),
	(575, 20, 293, 'C:\ncd "C:\\Program Files\\IBM\\AppScan Standard"\nappscancmd EXEC  /starting_url http://demo.testfire.net /report_type Html /report_file D:\\appscan_test_report\\appscan_report /min_severity Informational /test_type All /rt CliDefault /eo', 'D:\\Appscan', 'master'),
	(587, 11, 293, 'java -Xmx1024m -Xss20m -jar DIAT.jar "D:\\DIAT\\Carrier_Property_Data_US_10_1_0_0.xml" "D:\\DIAT\\Carrier_Property_Data_US_10_2_0_0.xml" "D:\\DIAT\\Regression Mapping V1.0.xlsx"', 'D:\\Software\\DIAT\\RecentReport', 'master'),
	(602, 49, 285, 'abd', 'D://loadrunner', 'master'),
	(603, 40, 285, 'http://172.25.14.111:8080/plato', 'gotourl', 'master'),
	(614, 8, 293, 'd:/Selenium', 'd:/Selenium_Reports', 'master'),
	(615, 26, 293, 'c:', 'c:', 'master'),
	(620, 45, 307, 'exit 0', 'D:\\PLATO_COMPLETE\\AllReports\\Performance_Center', 'master'),
	(621, 8, 307, 'd:/Selenium', 'd:/Selenium_Reports', 'master'),
	(624, 17, 307, 'D:\r\ncd D:\\DTF_Workspace\\Project\r\nRD /S /Q report\r\nMD report\r\nD:\r\ncd D:\\DTF\r\njava -Xmx1024m -Xss20m -jar DTF.jar "-relExecution" "D:\\DTF_Workspace" "Project" "Release"', 'D:\\DTF_Workspace\\Project\\report', 'master'),
	(625, 18, 307, 'pdfdiff.txt', 'd:/pdfdiff_report', 'master'),
	(626, 44, 307, 'exit 0', 'D:\\PLATO_COMPLETE\\AllReports\\BURP', 'master'),
	(627, 21, 307, 'sonar,junit,maven,svn', 'ddd', 'master'),
	(628, 7, 307, 'cd D:\\Performance\\Jmeter\\apache-jmeter-2.13\\bin\r\njmeter -n -t D:\\Performance\\Jmeter\\WODH_Prasana.jmx -l D:\\Performance\\Jmeter\\scriptresults.csv\r\npause ', 'D:\\Performance\\Jmeter', 'master'),
	(649, 17, 293, 'D:\r\ncd D:\\DTF_Workspace\\Project\r\nRD /S /Q report\r\nMD report\r\nD:\r\ncd D:\\DTF\r\njava -Xmx1024m -Xss20m -jar DTF.jar "-relExecution" "D:\\DTF_Workspace" "Project" "Release"', 'D:\\DTF_Workspace\\Project\\report', 'master'),
	(653, 19, 293, 'D:\r\ncd D:\\ZAP_WEEKLY_D-2018-02-12\\ZAP_D-2018-02-12\r\nzap.bat -quickurl %url% -quickout C:\\Users\\PTLab\\.jenkins\\workspace\\BlackBoxTest\\reports\\ZAP-Report-%BUILD_ID%.xml -cmd', 'eee', 'master'),
	(658, 8, 317, 'd:/Selenium', 'd:/Selenium_Reports', 'master'),
	(661, 7, 315, 'cd D:\\Performance\\Jmeter\\apache-jmeter-2.13\\bin\r\njmeter -n -t D:\\Performance\\Jmeter\\WODH_Prasana.jmx -l D:\\Performance\\Jmeter\\scriptresults.csv\r\npause ', 'D:\\Performance\\Jmeter', 'master'),
	(662, 1, 315, 'd:\ncd D:\\Automation\\FAST\\00baseline\\Libraries\njava -jar FAST-Java.jar D:\\Automation\\FAST\\00baseline\\ControlFile\\ControlFile_RSA.xls\npause\nexit', 'D:\\Automation\\FAST\\00baseline\\ExecutionReports\\MostRecent', 'master'),
	(671, 7, 320, 'cd D:\\Performance\\Jmeter\\apache-jmeter-2.13\\bin\r\njmeter -n -t D:\\Performance\\Jmeter\\WODH_Prasana.jmx -l D:\\Performance\\Jmeter\\scriptresults.csv\r\npause ', 'D:\\Performance\\Jmeter', 'master'),
	(672, 8, 320, 'd:/Selenium', 'd:/Selenium_Reports', 'master'),
	(674, 17, 320, 'D:\r\ncd D:\\DTF_Workspace\\Project\r\nRD /S /Q report\r\nMD report\r\nD:\r\ncd D:\\DTF\r\njava -Xmx1024m -Xss20m -jar DTF.jar "-relExecution" "D:\\DTF_Workspace" "Project" "Release"', 'D:\\DTF_Workspace\\Project\\report', 'master'),
	(697, 17, 330, 'D:\r\ncd D:\\DTF_Workspace\\Project\r\nRD /S /Q report\r\nMD report\r\nD:\r\ncd D:\\DTF\r\njava -Xmx1024m -Xss20m -jar DTF.jar "-relExecution" "D:\\DTF_Workspace" "Project" "Release"', 'D:\\DTF_Workspace\\Project\\report', 'master'),
	(698, 7, 330, 'cd D:\\Performance\\Jmeter\\apache-jmeter-2.13\\bin\r\njmeter -n -t D:\\Performance\\Jmeter\\WODH_Prasana.jmx -l D:\\Performance\\Jmeter\\scriptresults.csv\r\npause ', 'D:\\Performance\\Jmeter', 'master'),
	(700, 21, 330, 'sonar,junit,maven,svn', 'ddd', 'master'),
	(701, 19, 330, 'D:\r\ncd D:\\ZAP_WEEKLY_D-2018-02-12\\ZAP_D-2018-02-12\r\nzap.bat -quickurl %url% -quickout C:\\Users\\PTLab\\.jenkins\\workspace\\BlackBoxTest\\reports\\ZAP-Report-%BUILD_ID%.xml -cmd', 'eee', 'master'),
	(704, 44, 293, 'exit 0', 'D:\\PLATO_COMPLETE\\AllReports\\BURP', 'master'),
	(728, 8, 332, 'D:/Selenium', 'D:/Selenium_Reports', 'master'),
	(732, 17, 331, 'D:\r\ncd D:\\DTF_Workspace\\Project\r\nRD /S /Q report\r\nMD report\r\nD:\r\ncd D:\\DTF\r\njava -Xmx1024m -Xss20m -jar DTF.jar "-relExecution" "D:\\DTF_Workspace" "Project" "Release"', 'D:\\DTF_Workspace\\Project\\report', 'master'),
	(733, 8, 331, 'D:/Selenium', 'D:/Selenium_Reports', 'master'),
	(737, 18, 331, 'pdfdiff.txt', 'd:/pdfdiff_report', 'master'),
	(738, 34, 331, 'exit 0', 'D:\\report,result,', 'master'),
	(739, 7, 331, 'cd D:\\Performance\\Jmeter\\apache-jmeter-2.13\\bin\r\njmeter -n -t D:\\Performance\\Jmeter\\WODH_Prasana.jmx -l D:\\Performance\\Jmeter\\scriptresults.csv\r\npause ', 'D:\\Performance\\Jmeter', 'master'),
	(742, 1, 293, 'd:\ncd D:\\Automation\\FAST\\00baseline\\Libraries\njava -jar FAST-Java.jar D:\\Automation\\FAST\\00baseline\\ControlFile\\ControlFile_RSA.xls\npause\nexit', 'D:\\Automation\\FAST\\00baseline\\ExecutionReports\\MostRecent', 'master'),
	(747, 8, 315, 'D:/Selenium', 'D:/Selenium_Reports', 'master'),
	(753, 43, 72, 'exit 0', 'D:\\PLATO_COMPLETE\\AllReports\\QTP', 'master'),
	(754, 7, 317, 'cd D:\\Performance\\Jmeter\\apache-jmeter-2.13\\bin\r\njmeter -n -t D:\\Performance\\Jmeter\\WODH_Prasana.jmx -l D:\\Performance\\Jmeter\\scriptresults.csv\r\npause ', 'D:\\Performance\\Jmeter', 'master'),
	(757, 43, 293, 'exit 0', 'D:\\PLATO_COMPLETE\\AllReports\\QTP', 'master'),
	(779, 103, 293, 'cd c:\\', 'c:\\', 'master'),
	(792, 1, 355, 'd:\ncd D:\\Automation\\FAST\\00baseline\\Libraries\njava -jar FAST-Java.jar D:\\Automation\\FAST\\00baseline\\ControlFile\\ControlFile_RSA.xls\npause\nexit', 'D:\\Automation\\FAST\\00baseline\\ExecutionReports\\MostRecent', 'master'),
	(793, 34, 355, 'exit 0', 'D:\\report,result,', 'master'),
	(794, 25, 355, 'cmd', 'cmd', 'master'),
	(795, 43, 355, 'exit 0', 'D:\\PLATO_COMPLETE\\AllReports\\QTP', 'master'),
	(796, 8, 355, 'D:/Selenium', 'D:/Selenium_Reports', 'master'),
	(797, 11, 355, 'java -Xmx1024m -Xss20m -jar DIAT.jar "D:\\DIAT\\Carrier_Property_Data_US_10_1_0_0.xml" "D:\\DIAT\\Carrier_Property_Data_US_10_2_0_0.xml" "D:\\DIAT\\Regression Mapping V1.0.xlsx"', 'D:\\Software\\DIAT\\RecentReport', 'master'),
	(798, 17, 355, 'D:\r\ncd D:\\DTF_Workspace\\Project\r\nRD /S /Q report\r\nMD report\r\nD:\r\ncd D:\\DTF\r\njava -Xmx1024m -Xss20m -jar DTF.jar "-relExecution" "D:\\DTF_Workspace" "Project" "Release"', 'D:\\DTF_Workspace\\Project\\report', 'master'),
	(800, 42, 355, 'exit 0', 'reportPath', 'master'),
	(801, 18, 355, 'pdfdiff.txt', 'd:/pdfdiff_report', 'master'),
	(802, 40, 355, 'http://172.25.14.111:8080/plato', 'gotourl', 'master'),
	(803, 20, 355, 'C:\ncd "C:\\Program Files\\IBM\\AppScan Standard"\nappscancmd EXEC  /starting_url http://demo.testfire.net /report_type Html /report_file D:\\appscan_test_report\\appscan_report /min_severity Informational /test_type All /rt CliDefault /eo', 'D:\\Appscan', 'master'),
	(804, 7, 355, 'cd D:\\Performance\\Jmeter\\apache-jmeter-2.13\\bin\r\njmeter -n -t D:\\Performance\\Jmeter\\WODH_Prasana.jmx -l D:\\Performance\\Jmeter\\scriptresults.csv\r\npause ', 'D:\\Performance\\Jmeter', 'master'),
	(805, 25, 356, 'cmd', 'cmd', 'master'),
	(806, 24, 356, 'java -jar D:/FAST/Libraries/FAST-Java.jar', 'D:\\Automation\\FAST\\00baseline\\ExecutionReports', 'fast_112_node'),
	(807, 8, 356, 'D:/Selenium', 'D:/Selenium_Reports', 'master'),
	(808, 1, 356, 'd:\ncd D:\\Automation\\FAST\\00baseline\\Libraries\njava -jar FAST-Java.jar D:\\Automation\\FAST\\00baseline\\ControlFile\\ControlFile_RSA.xls\npause\nexit', 'D:\\Automation\\FAST\\00baseline\\ExecutionReports\\MostRecent', 'master'),
	(810, 26, 356, 'c:', 'c:', 'master'),
	(811, 21, 356, 'sonar,junit,maven,svn', 'ddd', 'master'),
	(812, 7, 356, 'cd D:\\Performance\\Jmeter\\apache-jmeter-2.13\\bin\r\njmeter -n -t D:\\Performance\\Jmeter\\WODH_Prasana.jmx -l D:\\Performance\\Jmeter\\scriptresults.csv\r\npause ', 'D:\\Performance\\Jmeter', 'master'),
	(813, 18, 356, 'pdfdiff.txt', 'd:/pdfdiff_report', 'master'),
	(814, 11, 356, 'java -Xmx1024m -Xss20m -jar DIAT.jar "D:\\DIAT\\Carrier_Property_Data_US_10_1_0_0.xml" "D:\\DIAT\\Carrier_Property_Data_US_10_2_0_0.xml" "D:\\DIAT\\Regression Mapping V1.0.xlsx"', 'D:\\Software\\DIAT\\RecentReport', 'master'),
	(815, 17, 356, 'D:\r\ncd D:\\DTF_Workspace\\Project\r\nRD /S /Q report\r\nMD report\r\nD:\r\ncd D:\\DTF\r\njava -Xmx1024m -Xss20m -jar DTF.jar "-relExecution" "D:\\DTF_Workspace" "Project" "Release"', 'D:\\DTF_Workspace\\Project\\report', 'master'),
	(816, 19, 356, 'D:\r\ncd D:\\ZAP_WEEKLY_D-2018-02-12\\ZAP_D-2018-02-12\r\nzap.bat -quickurl %url% -quickout C:\\Users\\PTLab\\.jenkins\\workspace\\BlackBoxTest\\reports\\ZAP-Report-%BUILD_ID%.xml -cmd', 'eee', 'master'),
	(817, 20, 356, 'C:\ncd "C:\\Program Files\\IBM\\AppScan Standard"\nappscancmd EXEC  /starting_url http://demo.testfire.net /report_type Html /report_file D:\\appscan_test_report\\appscan_report /min_severity Informational /test_type All /rt CliDefault /eo', 'D:\\Appscan', 'master'),
	(818, 43, 356, 'exit 0', 'D:\\PLATO_COMPLETE\\AllReports\\QTP', 'master'),
	(819, 45, 282, 'exit 0', 'D:\\PLATO_COMPLETE\\AllReports\\Performance_Center', 'master'),
	(820, 21, 357, 'sonar,junit,maven,svn', 'ddd', 'master'),
	(821, 7, 357, 'cd D:\\Performance\\Jmeter\\apache-jmeter-2.13\\bin\r\njmeter -n -t D:\\Performance\\Jmeter\\WODH_Prasana.jmx -l D:\\Performance\\Jmeter\\scriptresults.csv\r\npause ', 'D:\\Performance\\Jmeter', 'master'),
	(822, 45, 357, 'exit 0', 'D:\\PLATO_COMPLETE\\AllReports\\Performance_Center', 'master'),
	(823, 1, 357, 'd:\ncd D:\\Automation\\FAST\\00baseline\\Libraries\njava -jar FAST-Java.jar D:\\Automation\\FAST\\00baseline\\ControlFile\\ControlFile_RSA.xls\npause\nexit', 'D:\\Automation\\FAST\\00baseline\\ExecutionReports\\MostRecent', 'master'),
	(824, 17, 357, 'D:\r\ncd D:\\DTF_Workspace\\Project\r\nRD /S /Q report\r\nMD report\r\nD:\r\ncd D:\\DTF\r\njava -Xmx1024m -Xss20m -jar DTF.jar "-relExecution" "D:\\DTF_Workspace" "Project" "Release"', 'D:\\DTF_Workspace\\Project\\report', 'master'),
	(825, 34, 357, 'exit 0', 'D:\\report,result,', 'master'),
	(826, 18, 357, 'pdfdiff.txt', 'd:/pdfdiff_report', 'master'),
	(830, 109, 357, 'exit 0', 'D:\\Framework', 'master'),
	(831, 110, 282, 'exit 0', 'D:\\AllReports\\', 'master'),
	(832, 109, 358, 'exit 0', 'D:\\Framework', 'master'),
	(833, 21, 358, 'sonar,junit,maven,svn', 'ddd', 'master'),
	(834, 7, 358, 'cd D:\\Performance\\Jmeter\\apache-jmeter-2.13\\bin\r\njmeter -n -t D:\\Performance\\Jmeter\\WODH_Prasana.jmx -l D:\\Performance\\Jmeter\\scriptresults.csv\r\npause ', 'D:\\Performance\\Jmeter', 'master'),
	(835, 45, 358, 'exit 0', 'D:\\PLATO_COMPLETE\\AllReports\\Performance_Center', 'master'),
	(836, 1, 358, 'D:\ncd D:\\AllReports\nmainJobExec.bat\necho pass', 'D:\\AllReports\\General\\FAST\\MostRecent', 'master'),
	(837, 8, 358, 'D:/Selenium', 'D:/Selenium_Reports', 'master'),
	(839, 12, 358, 'path.txt', 'd:/Uipath', 'master'),
	(841, 34, 358, 'exit 0', 'D:\\report,result,', 'master'),
	(842, 25, 358, 'cmd', 'cmd', 'master'),
	(843, 11, 358, 'java -Xmx1024m -Xss20m -jar DIAT.jar "D:\\DIAT\\Carrier_Property_Data_US_10_1_0_0.xml" "D:\\DIAT\\Carrier_Property_Data_US_10_2_0_0.xml" "D:\\DIAT\\Regression Mapping V1.0.xlsx"', 'D:\\Software\\DIAT\\RecentReport', 'master'),
	(844, 26, 358, 'c:', 'c:', 'master'),
	(845, 110, 358, 'exit 0', 'D:\\AllReports\\', 'master'),
	(846, 17, 358, 'D:\r\ncd D:\\DTF_Workspace\\Project\r\nRD /S /Q report\r\nMD report\r\nD:\r\ncd D:\\DTF\r\njava -Xmx1024m -Xss20m -jar DTF.jar "-relExecution" "D:\\DTF_Workspace" "Project" "Release"', 'D:\\DTF_Workspace\\Project\\report', 'master'),
	(847, 18, 358, 'pdfdiff.txt', 'd:/pdfdiff_report', 'master'),
	(849, 19, 358, 'D:\r\ncd D:\\ZAP_WEEKLY_D-2018-02-12\\ZAP_D-2018-02-12\r\nzap.bat -quickurl %url% -quickout C:\\Users\\PTLab\\.jenkins\\workspace\\BlackBoxTest\\reports\\ZAP-Report-%BUILD_ID%.xml -cmd', 'eee', 'master'),
	(850, 20, 358, 'C:\ncd "C:\\Program Files\\IBM\\AppScan Standard"\nappscancmd EXEC  /starting_url http://demo.testfire.net /report_type Html /report_file D:\\appscan_test_report\\appscan_report /min_severity Informational /test_type All /rt CliDefault /eo', 'D:\\Appscan', 'master'),
	(851, 42, 358, 'exit 0', 'reportPath', 'master'),
	(852, 44, 358, 'exit 0', 'D:\\PLATO_COMPLETE\\AllReports\\BURP', 'master'),
	(853, 21, 361, 'sonar,junit,maven,svn', 'ddd', 'master'),
	(854, 12, 361, 'path.txt', 'd:/Uipath', 'master'),
	(855, 1, 361, 'd:\ncd D:\\Automation\\FAST\\00baseline\\Libraries\njava -jar FAST-Java.jar D:\\Automation\\FAST\\00baseline\\ControlFile\\ControlFile_RSA.xls\npause\nexit', 'D:\\Automation\\FAST\\00baseline\\ExecutionReports\\MostRecent', 'master'),
	(856, 45, 361, 'exit 0', 'D:\\PLATO_COMPLETE\\AllReports\\Performance_Center', 'master'),
	(857, 7, 361, 'cd D:\\Performance\\Jmeter\\apache-jmeter-2.13\\bin\r\njmeter -n -t D:\\Performance\\Jmeter\\WODH_Prasana.jmx -l D:\\Performance\\Jmeter\\scriptresults.csv\r\npause ', 'D:\\Performance\\Jmeter', 'master'),
	(858, 8, 361, 'D:/Selenium', 'D:/Selenium_Reports', 'master'),
	(859, 43, 361, 'exit 0', 'D:\\PLATO_COMPLETE\\AllReports\\QTP', 'master'),
	(860, 11, 361, 'java -Xmx1024m -Xss20m -jar DIAT.jar "D:\\DIAT\\Carrier_Property_Data_US_10_1_0_0.xml" "D:\\DIAT\\Carrier_Property_Data_US_10_2_0_0.xml" "D:\\DIAT\\Regression Mapping V1.0.xlsx"', 'D:\\Software\\DIAT\\RecentReport', 'master'),
	(861, 17, 361, 'D:\r\ncd D:\\DTF_Workspace\\Project\r\nRD /S /Q report\r\nMD report\r\nD:\r\ncd D:\\DTF\r\njava -Xmx1024m -Xss20m -jar DTF.jar "-relExecution" "D:\\DTF_Workspace" "Project" "Release"', 'D:\\DTF_Workspace\\Project\\report', 'master'),
	(862, 25, 361, 'cmd', 'cmd', 'master'),
	(863, 34, 361, 'exit 0', 'D:\\report,result,', 'master'),
	(864, 18, 361, 'pdfdiff.txt', 'd:/pdfdiff_report', 'master'),
	(865, 40, 361, 'http://172.25.14.111:8080/plato', 'gotourl', 'master'),
	(866, 19, 361, 'D:\r\ncd D:\\ZAP_WEEKLY_D-2018-02-12\\ZAP_D-2018-02-12\r\nzap.bat -quickurl %url% -quickout C:\\Users\\PTLab\\.jenkins\\workspace\\BlackBoxTest\\reports\\ZAP-Report-%BUILD_ID%.xml -cmd', 'eee', 'master'),
	(867, 20, 361, 'C:\ncd "C:\\Program Files\\IBM\\AppScan Standard"\nappscancmd EXEC  /starting_url http://demo.testfire.net /report_type Html /report_file D:\\appscan_test_report\\appscan_report /min_severity Informational /test_type All /rt CliDefault /eo', 'D:\\Appscan', 'master'),
	(869, 109, 279, 'exit 0', 'D:\\Framework', 'master'),
	(870, 45, 279, 'exit 0', 'D:\\PLATO_COMPLETE\\AllReports\\Performance_Center', 'master'),
	(871, 1, 279, 'd:\ncd D:\\Automation\\FAST\\00baseline\\Libraries\njava -jar FAST-Java.jar D:\\Automation\\FAST\\00baseline\\ControlFile\\ControlFile_RSA.xls\npause\nexit', 'D:\\Automation\\FAST\\00baseline\\ExecutionReports\\MostRecent', 'master'),
	(872, 8, 279, 'D:/Selenium', 'D:/Selenium_Reports', 'master'),
	(873, 12, 279, 'path.txt', 'd:/Uipath', 'master'),
	(874, 7, 279, 'cd D:\\Performance\\Jmeter\\apache-jmeter-2.13\\bin\r\njmeter -n -t D:\\Performance\\Jmeter\\WODH_Prasana.jmx -l D:\\Performance\\Jmeter\\scriptresults.csv\r\npause ', 'D:\\Performance\\Jmeter', 'master'),
	(875, 21, 279, 'sonar,junit,maven,svn', 'ddd', 'master'),
	(876, 26, 279, 'c:', 'c:', 'master'),
	(877, 11, 279, 'java -Xmx1024m -Xss20m -jar DIAT.jar "D:\\DIAT\\Carrier_Property_Data_US_10_1_0_0.xml" "D:\\DIAT\\Carrier_Property_Data_US_10_2_0_0.xml" "D:\\DIAT\\Regression Mapping V1.0.xlsx"', 'D:\\Software\\DIAT\\RecentReport', 'master'),
	(878, 34, 279, 'exit 0', 'D:\\report,result,', 'master'),
	(879, 17, 279, 'D:\r\ncd D:\\DTF_Workspace\\Project\r\nRD /S /Q report\r\nMD report\r\nD:\r\ncd D:\\DTF\r\njava -Xmx1024m -Xss20m -jar DTF.jar "-relExecution" "D:\\DTF_Workspace" "Project" "Release"', 'D:\\DTF_Workspace\\Project\\report', 'master'),
	(880, 19, 279, 'D:\r\ncd D:\\ZAP_WEEKLY_D-2018-02-12\\ZAP_D-2018-02-12\r\nzap.bat -quickurl %url% -quickout C:\\Users\\PTLab\\.jenkins\\workspace\\BlackBoxTest\\reports\\ZAP-Report-%BUILD_ID%.xml -cmd', 'eee', 'master'),
	(882, 40, 279, 'http://172.25.14.111:8080/plato', 'gotourl', 'master'),
	(883, 20, 279, 'C:\ncd "C:\\Program Files\\IBM\\AppScan Standard"\nappscancmd EXEC  /starting_url http://demo.testfire.net /report_type Html /report_file D:\\appscan_test_report\\appscan_report /min_severity Informational /test_type All /rt CliDefault /eo', 'D:\\Appscan', 'master'),
	(884, 111, 362, 'exit 0', 'D:\\PLATO_COMPLETE\\AllReports\\Broadridge', 'master'),
	(887, 1, 362, 'd:\ncd D:\\Automation\\FAST\\00baseline\\Libraries\njava -jar FAST-Java.jar D:\\Automation\\FAST\\00baseline\\ControlFile\\ControlFile_RSA.xls\npause\nexit', 'D:\\Automation\\FAST\\00baseline\\ExecutionReports\\MostRecent', 'master'),
	(888, 18, 362, 'pdfdiff.txt', 'd:/pdfdiff_report', 'master'),
	(891, 7, 362, 'cd D:\\Performance\\Jmeter\\apache-jmeter-2.13\\bin\r\njmeter -n -t D:\\Performance\\Jmeter\\WODH_Prasana.jmx -l D:\\Performance\\Jmeter\\scriptresults.csv\r\npause ', 'D:\\Performance\\Jmeter', 'master'),
	(893, 21, 362, 'sonar,junit,maven,svn', 'ddd', 'master'),
	(899, 122, 362, 'exit 0', 'C:\\openscript', 'master'),
	(900, 122, 358, 'exit 0', 'C:\\openscript', 'master'),
	(903, 123, 358, 'cmd', 'c:/', 'master'),
	(905, 111, 358, 'exit 0', 'D:\\PLATO_COMPLETE\\AllReports\\Broadridge', 'master'),
	(906, 8, 362, 'D:/Selenium', 'D:/Selenium_Reports', 'master'),
	(907, 45, 362, 'exit 0', 'D:\\PLATO_COMPLETE\\AllReports\\Performance_Center', 'master'),
	(908, 97, 362, 'C:\\gd map', 'D:\\reports', 'master'),
	(910, 109, 362, 'exit 0', 'D:\\Framework', 'master'),
	(912, 49, 362, 'abd', 'D://loadrunner', 'master'),
	(913, 106, 362, 'exot 0', 'c://testright/report', 'master'),
	(916, 12, 362, 'path.txt', 'd:/Uipath', 'master'),
	(917, 25, 362, 'cmd', 'cmd', 'master'),
	(918, 24, 362, 'java -jar D:/FAST/Libraries/FAST-Java.jar', 'D:\\Automation\\FAST\\00baseline\\ExecutionReports', 'fast_112_node'),
	(919, 26, 362, 'c:', 'c:/', 'master'),
	(920, 34, 362, 'exit 0 ', 'D:\\report,result,', 'master'),
	(921, 90, 362, 'Client_View', 'D/User', 'master'),
	(922, 43, 362, 'pause\nexit 0\n', 'D:\\PLATO_COMPLETE\\AllReports\\QTP', 'master'),
	(923, 110, 362, 'exit 0', 'D:\\AllReports\\', 'master'),
	(926, 126, 362, 'cmd', 'report', 'master'),
	(927, 123, 362, 'cmd', 'c:/', 'master'),
	(928, 125, 362, 'cmd', 'report path', 'master'),
	(930, 17, 362, 'D:\r\ncd D:\\DTF_Workspace\\Project\r\nRD /S /Q report\r\nMD report\r\nD:\r\ncd D:\\DTF\r\njava -Xmx1024m -Xss20m -jar DTF.jar "-relExecution" "D:\\DTF_Workspace" "Project" "Release"', 'D:\\DTF_Workspace\\Project\\report', 'master'),
	(931, 29, 362, 'D:\ncd D:\\xmlsetup\nXML_Sync.bat\npause\nexit 0', 'D:\\xmlsetup\\Report', 'master'),
	(932, 11, 362, 'java -Xmx1024m -Xss20m -jar DIAT.jar "D:\\DIAT\\Carrier_Property_Data_US_10_1_0_0.xml" "D:\\DIAT\\Carrier_Property_Data_US_10_2_0_0.xml" "D:\\DIAT\\Regression Mapping V1.0.xlsx"', 'D:\\Software\\DIAT\\RecentReport', 'master'),
	(933, 20, 362, 'C:\ncd "C:\\Program Files\\IBM\\AppScan Standard"\nappscancmd EXEC  /starting_url http://demo.testfire.net /report_type Html /report_file D:\\appscan_test_report\\appscan_report /min_severity Informational /test_type All /rt CliDefault /eo', 'D:\\Appscan', 'master'),
	(934, 19, 362, 'D:\r\ncd D:\\ZAP_WEEKLY_D-2018-02-12\\ZAP_D-2018-02-12\r\nzap.bat -quickurl %url% -quickout C:\\Users\\PTLab\\.jenkins\\workspace\\BlackBoxTest\\reports\\ZAP-Report-%BUILD_ID%.xml -cmd', 'eee', 'master'),
	(935, 42, 362, 'exit 0', 'reportPath', 'master'),
	(936, 40, 362, 'http://172.25.14.111:8080/plato', 'gotourl', 'master'),
	(937, 44, 362, 'exit 0', 'D:\\PLATO_COMPLETE\\AllReports\\BURP', 'master');
/*!40000 ALTER TABLE `project_tool_mapping` ENABLE KEYS */;


-- Dumping structure for table plato_db.role_master
CREATE TABLE IF NOT EXISTS `role_master` (
  `role_id` int(10) NOT NULL AUTO_INCREMENT,
  `role_name` varchar(100) NOT NULL,
  PRIMARY KEY (`role_id`),
  UNIQUE KEY `role_master_unique_index` (`role_name`)
) ENGINE=InnoDB AUTO_INCREMENT=184 DEFAULT CHARSET=utf8 COMMENT='contains names of various roles';

-- Dumping data for table plato_db.role_master: ~17 rows (approximately)
DELETE FROM `role_master`;
/*!40000 ALTER TABLE `role_master` DISABLE KEYS */;
INSERT INTO `role_master` (`role_id`, `role_name`) VALUES
	(22, 'Admin'),
	(131, 'ALL'),
	(183, 'check'),
	(17, 'Developer'),
	(182, 'fff'),
	(118, 'Governer1'),
	(36, 'Guest'),
	(6, 'Manager'),
	(133, 'Performnce Tester'),
	(139, 'Policy Planner'),
	(134, 'Policy Test'),
	(180, 'rrole4'),
	(117, 'Scrum Master'),
	(137, 'Test Assurance'),
	(21, 'Test Engineer'),
	(3, 'Tester'),
	(33, 'UX');
/*!40000 ALTER TABLE `role_master` ENABLE KEYS */;


-- Dumping structure for table plato_db.role_permission_mapping
CREATE TABLE IF NOT EXISTS `role_permission_mapping` (
  `id` int(10) NOT NULL AUTO_INCREMENT,
  `role_id` int(10) DEFAULT NULL,
  `screen_functionality_id` int(10) DEFAULT NULL,
  `permission` tinyint(4) DEFAULT '0',
  PRIMARY KEY (`id`),
  KEY `role_id_fk_2` (`role_id`),
  KEY `screen_functionality_id_fk` (`screen_functionality_id`),
  CONSTRAINT `role_id_fk_2` FOREIGN KEY (`role_id`) REFERENCES `role_master` (`role_id`),
  CONSTRAINT `screen_functionality_id_fk` FOREIGN KEY (`screen_functionality_id`) REFERENCES `screen_functionality` (`screen_functionality_id`)
) ENGINE=InnoDB AUTO_INCREMENT=15904 DEFAULT CHARSET=utf8;

-- Dumping data for table plato_db.role_permission_mapping: ~1,390 rows (approximately)
DELETE FROM `role_permission_mapping`;
/*!40000 ALTER TABLE `role_permission_mapping` DISABLE KEYS */;
INSERT INTO `role_permission_mapping` (`id`, `role_id`, `screen_functionality_id`, `permission`) VALUES
	(7434, 33, 3, 0),
	(7435, 33, 2, 0),
	(7436, 33, 1, 0),
	(7437, 33, 90, 0),
	(7438, 33, 94, 0),
	(7439, 33, 4, 0),
	(7440, 33, 32, 0),
	(7441, 33, 31, 0),
	(7442, 33, 30, 0),
	(7443, 33, 95, 0),
	(7444, 33, 96, 0),
	(7445, 33, 36, 0),
	(7446, 33, 35, 0),
	(7447, 33, 34, 0),
	(7448, 33, 33, 0),
	(7449, 33, 37, 0),
	(7451, 33, 41, 0),
	(7452, 33, 40, 0),
	(7453, 33, 39, 0),
	(7454, 33, 38, 0),
	(7455, 33, 42, 0),
	(7456, 33, 99, 0),
	(7457, 33, 44, 0),
	(7458, 33, 43, 0),
	(7459, 33, 48, 0),
	(7460, 33, 47, 0),
	(7461, 33, 100, 0),
	(7462, 33, 46, 0),
	(7463, 33, 52, 0),
	(7464, 33, 45, 0),
	(7465, 33, 51, 0),
	(7466, 33, 50, 0),
	(7467, 33, 49, 0),
	(7468, 33, 53, 1),
	(7469, 33, 101, 0),
	(7470, 33, 54, 1),
	(7471, 33, 58, 0),
	(7472, 33, 57, 0),
	(7473, 33, 56, 0),
	(7474, 33, 55, 0),
	(7475, 33, 102, 0),
	(7476, 33, 64, 0),
	(7477, 33, 63, 0),
	(7478, 33, 62, 0),
	(7479, 33, 61, 0),
	(7480, 33, 60, 0),
	(7481, 33, 103, 0),
	(7482, 33, 59, 0),
	(7483, 33, 65, 0),
	(7484, 33, 76, 0),
	(7485, 33, 69, 0),
	(7486, 33, 75, 0),
	(7487, 33, 68, 0),
	(7488, 33, 74, 0),
	(7489, 33, 67, 0),
	(7490, 33, 73, 0),
	(7491, 33, 66, 0),
	(7492, 33, 72, 0),
	(7493, 33, 104, 0),
	(7494, 33, 71, 0),
	(7495, 33, 77, 0),
	(7496, 33, 70, 0),
	(7497, 33, 105, 0),
	(7498, 33, 80, 0),
	(7499, 33, 79, 0),
	(7500, 33, 78, 0),
	(7501, 33, 28, 0),
	(7502, 33, 27, 0),
	(7503, 33, 26, 0),
	(7504, 33, 25, 0),
	(7505, 33, 24, 0),
	(7506, 33, 23, 0),
	(7507, 33, 97, 0),
	(7508, 33, 21, 0),
	(7509, 33, 20, 0),
	(7510, 33, 19, 0),
	(7511, 33, 7, 0),
	(7512, 33, 6, 0),
	(7514, 33, 5, 0),
	(7515, 33, 22, 0),
	(7516, 33, 107, 0),
	(7517, 33, 81, 0),
	(7518, 33, 108, 0),
	(7519, 33, 29, 0),
	(7520, 33, 109, 0),
	(7521, 33, 82, 0),
	(7522, 33, 110, 0),
	(7523, 33, 83, 0),
	(7524, 33, 111, 0),
	(7525, 33, 84, 0),
	(7526, 33, 85, 0),
	(7527, 33, 112, 0),
	(7528, 33, 113, 0),
	(7529, 33, 86, 0),
	(7530, 33, 114, 0),
	(7531, 33, 87, 0),
	(7532, 33, 88, 0),
	(7533, 33, 115, 0),
	(7534, 33, 116, 0),
	(7535, 33, 89, 0),
	(7536, 17, 90, 0),
	(7537, 17, 3, 0),
	(7538, 17, 2, 0),
	(7539, 17, 1, 0),
	(7540, 17, 4, 0),
	(7541, 17, 94, 0),
	(7542, 17, 95, 0),
	(7543, 17, 32, 0),
	(7544, 17, 31, 0),
	(7545, 17, 30, 0),
	(7546, 17, 33, 0),
	(7547, 17, 96, 0),
	(7548, 17, 36, 0),
	(7549, 17, 35, 0),
	(7550, 17, 34, 0),
	(7551, 17, 39, 0),
	(7552, 17, 38, 0),
	(7553, 17, 37, 0),
	(7555, 17, 41, 0),
	(7556, 17, 40, 0),
	(7557, 17, 44, 0),
	(7558, 17, 43, 0),
	(7559, 17, 42, 0),
	(7560, 17, 99, 0),
	(7561, 17, 50, 0),
	(7562, 17, 49, 0),
	(7563, 17, 48, 0),
	(7564, 17, 47, 0),
	(7565, 17, 100, 0),
	(7566, 17, 46, 0),
	(7567, 17, 52, 0),
	(7568, 17, 45, 0),
	(7569, 17, 51, 0),
	(7570, 17, 101, 1),
	(7571, 17, 54, 1),
	(7572, 17, 53, 1),
	(7573, 17, 102, 0),
	(7574, 17, 58, 0),
	(7575, 17, 57, 0),
	(7576, 17, 56, 0),
	(7577, 17, 55, 0),
	(7578, 17, 103, 0),
	(7579, 17, 59, 0),
	(7580, 17, 65, 0),
	(7581, 17, 64, 0),
	(7582, 17, 63, 0),
	(7583, 17, 62, 0),
	(7584, 17, 61, 0),
	(7585, 17, 60, 0),
	(7586, 17, 104, 0),
	(7587, 17, 71, 0),
	(7588, 17, 77, 0),
	(7589, 17, 70, 0),
	(7590, 17, 76, 0),
	(7591, 17, 69, 0),
	(7592, 17, 75, 0),
	(7593, 17, 68, 0),
	(7594, 17, 74, 0),
	(7595, 17, 67, 0),
	(7596, 17, 73, 0),
	(7597, 17, 66, 0),
	(7598, 17, 72, 0),
	(7599, 17, 105, 0),
	(7600, 17, 80, 0),
	(7601, 17, 79, 0),
	(7602, 17, 78, 0),
	(7603, 17, 24, 0),
	(7604, 17, 23, 0),
	(7605, 17, 97, 0),
	(7606, 17, 28, 0),
	(7607, 17, 27, 0),
	(7608, 17, 26, 0),
	(7609, 17, 25, 0),
	(7611, 17, 5, 0),
	(7612, 17, 22, 0),
	(7613, 17, 21, 0),
	(7614, 17, 20, 0),
	(7615, 17, 19, 0),
	(7616, 17, 7, 0),
	(7617, 17, 6, 0),
	(7618, 17, 107, 0),
	(7619, 17, 81, 0),
	(7620, 17, 108, 0),
	(7621, 17, 29, 0),
	(7622, 17, 109, 0),
	(7623, 17, 82, 0),
	(7624, 17, 110, 0),
	(7625, 17, 83, 0),
	(7626, 17, 111, 0),
	(7627, 17, 84, 0),
	(7628, 17, 112, 0),
	(7629, 17, 85, 0),
	(7630, 17, 86, 0),
	(7631, 17, 113, 0),
	(7632, 17, 114, 0),
	(7633, 17, 87, 0),
	(7634, 17, 115, 0),
	(7635, 17, 88, 0),
	(7636, 17, 89, 0),
	(7637, 17, 116, 0),
	(8964, 21, 2, 1),
	(8965, 21, 1, 1),
	(8966, 21, 90, 1),
	(8967, 21, 3, 1),
	(8968, 21, 94, 0),
	(8969, 21, 4, 0),
	(8970, 21, 32, 1),
	(8971, 21, 31, 1),
	(8972, 21, 30, 1),
	(8973, 21, 95, 1),
	(8974, 21, 96, 1),
	(8975, 21, 36, 1),
	(8976, 21, 35, 1),
	(8977, 21, 34, 1),
	(8978, 21, 33, 1),
	(8980, 21, 41, 1),
	(8981, 21, 40, 1),
	(8982, 21, 39, 1),
	(8983, 21, 38, 1),
	(8984, 21, 37, 1),
	(8985, 21, 99, 1),
	(8986, 21, 44, 1),
	(8987, 21, 43, 1),
	(8988, 21, 42, 1),
	(8989, 21, 47, 1),
	(8990, 21, 100, 1),
	(8991, 21, 46, 1),
	(8992, 21, 52, 1),
	(8993, 21, 45, 1),
	(8994, 21, 51, 1),
	(8995, 21, 50, 1),
	(8996, 21, 49, 1),
	(8997, 21, 48, 1),
	(8998, 21, 101, 1),
	(8999, 21, 54, 1),
	(9000, 21, 53, 1),
	(9001, 21, 58, 1),
	(9002, 21, 57, 1),
	(9003, 21, 56, 1),
	(9004, 21, 55, 1),
	(9005, 21, 102, 1),
	(9006, 21, 63, 1),
	(9007, 21, 62, 1),
	(9008, 21, 61, 1),
	(9009, 21, 60, 1),
	(9010, 21, 103, 1),
	(9011, 21, 59, 1),
	(9012, 21, 65, 1),
	(9013, 21, 64, 1),
	(9014, 21, 75, 1),
	(9015, 21, 68, 1),
	(9016, 21, 74, 1),
	(9017, 21, 67, 1),
	(9018, 21, 73, 1),
	(9019, 21, 66, 1),
	(9020, 21, 72, 1),
	(9021, 21, 104, 1),
	(9022, 21, 71, 1),
	(9023, 21, 77, 1),
	(9024, 21, 70, 1),
	(9025, 21, 76, 1),
	(9026, 21, 69, 1),
	(9027, 21, 80, 1),
	(9028, 21, 79, 1),
	(9029, 21, 78, 1),
	(9030, 21, 105, 1),
	(9031, 21, 28, 1),
	(9032, 21, 27, 1),
	(9033, 21, 26, 1),
	(9034, 21, 25, 1),
	(9035, 21, 24, 1),
	(9036, 21, 23, 1),
	(9037, 21, 97, 1),
	(9038, 21, 20, 1),
	(9039, 21, 19, 1),
	(9040, 21, 7, 1),
	(9041, 21, 6, 1),
	(9043, 21, 5, 1),
	(9044, 21, 22, 1),
	(9045, 21, 21, 1),
	(9046, 21, 107, 1),
	(9047, 21, 81, 1),
	(9048, 21, 29, 1),
	(9049, 21, 108, 1),
	(9050, 21, 109, 1),
	(9051, 21, 82, 1),
	(9052, 21, 110, 1),
	(9053, 21, 83, 1),
	(9054, 21, 111, 1),
	(9055, 21, 84, 1),
	(9056, 21, 112, 1),
	(9057, 21, 85, 1),
	(9058, 21, 113, 1),
	(9059, 21, 86, 1),
	(9060, 21, 114, 1),
	(9061, 21, 87, 1),
	(9062, 21, 115, 1),
	(9063, 21, 88, 1),
	(9064, 21, 116, 1),
	(9065, 21, 89, 1),
	(11412, 134, 2, 0),
	(11413, 134, 1, 0),
	(11414, 134, 90, 0),
	(11415, 134, 3, 0),
	(11416, 134, 94, 0),
	(11417, 134, 4, 0),
	(11418, 134, 32, 0),
	(11419, 134, 31, 0),
	(11420, 134, 30, 0),
	(11421, 134, 95, 0),
	(11422, 134, 96, 0),
	(11423, 134, 36, 0),
	(11424, 134, 35, 0),
	(11425, 134, 34, 0),
	(11426, 134, 33, 0),
	(11428, 134, 41, 0),
	(11429, 134, 40, 0),
	(11430, 134, 39, 0),
	(11431, 134, 38, 0),
	(11432, 134, 37, 0),
	(11433, 134, 99, 0),
	(11434, 134, 44, 0),
	(11435, 134, 43, 0),
	(11436, 134, 42, 0),
	(11437, 134, 47, 0),
	(11438, 134, 100, 0),
	(11439, 134, 46, 0),
	(11440, 134, 52, 0),
	(11441, 134, 45, 0),
	(11442, 134, 51, 0),
	(11443, 134, 50, 0),
	(11444, 134, 49, 0),
	(11445, 134, 48, 0),
	(11446, 134, 101, 0),
	(11447, 134, 54, 0),
	(11448, 134, 53, 0),
	(11449, 134, 58, 0),
	(11450, 134, 57, 0),
	(11451, 134, 56, 0),
	(11452, 134, 55, 0),
	(11453, 134, 102, 0),
	(11454, 134, 63, 0),
	(11455, 134, 62, 0),
	(11456, 134, 61, 0),
	(11457, 134, 60, 0),
	(11458, 134, 103, 0),
	(11459, 134, 59, 0),
	(11460, 134, 65, 0),
	(11461, 134, 64, 0),
	(11462, 134, 75, 0),
	(11463, 134, 68, 0),
	(11464, 134, 74, 0),
	(11465, 134, 67, 0),
	(11466, 134, 73, 0),
	(11467, 134, 66, 0),
	(11468, 134, 72, 0),
	(11469, 134, 104, 0),
	(11470, 134, 71, 0),
	(11471, 134, 77, 0),
	(11472, 134, 70, 0),
	(11473, 134, 76, 0),
	(11474, 134, 69, 0),
	(11475, 134, 80, 0),
	(11476, 134, 79, 0),
	(11477, 134, 78, 0),
	(11478, 134, 105, 0),
	(11479, 134, 28, 0),
	(11480, 134, 27, 0),
	(11481, 134, 26, 0),
	(11482, 134, 25, 0),
	(11483, 134, 24, 0),
	(11484, 134, 23, 0),
	(11485, 134, 97, 0),
	(11486, 134, 20, 0),
	(11487, 134, 19, 0),
	(11488, 134, 7, 0),
	(11489, 134, 6, 0),
	(11491, 134, 5, 0),
	(11492, 134, 22, 0),
	(11493, 134, 21, 0),
	(11494, 134, 107, 0),
	(11495, 134, 81, 0),
	(11496, 134, 29, 0),
	(11497, 134, 108, 0),
	(11498, 134, 109, 0),
	(11499, 134, 82, 0),
	(11500, 134, 110, 0),
	(11501, 134, 83, 0),
	(11502, 134, 111, 0),
	(11503, 134, 84, 0),
	(11504, 134, 112, 0),
	(11505, 134, 85, 0),
	(11506, 134, 113, 0),
	(11507, 134, 86, 0),
	(11508, 134, 114, 0),
	(11509, 134, 87, 0),
	(11510, 134, 115, 0),
	(11511, 134, 88, 0),
	(11512, 134, 116, 0),
	(11513, 134, 89, 0),
	(11616, 137, 2, 0),
	(11617, 137, 1, 0),
	(11618, 137, 90, 0),
	(11619, 137, 3, 0),
	(11620, 137, 94, 0),
	(11621, 137, 4, 0),
	(11622, 137, 32, 0),
	(11623, 137, 31, 0),
	(11624, 137, 30, 0),
	(11625, 137, 95, 0),
	(11626, 137, 96, 0),
	(11627, 137, 36, 0),
	(11628, 137, 35, 0),
	(11629, 137, 34, 0),
	(11630, 137, 33, 0),
	(11632, 137, 41, 1),
	(11633, 137, 40, 1),
	(11634, 137, 39, 1),
	(11635, 137, 38, 1),
	(11636, 137, 37, 1),
	(11637, 137, 99, 1),
	(11638, 137, 44, 1),
	(11639, 137, 43, 1),
	(11640, 137, 42, 1),
	(11641, 137, 47, 1),
	(11642, 137, 100, 1),
	(11643, 137, 46, 1),
	(11644, 137, 52, 1),
	(11645, 137, 45, 1),
	(11646, 137, 51, 1),
	(11647, 137, 50, 1),
	(11648, 137, 49, 1),
	(11649, 137, 48, 1),
	(11650, 137, 101, 1),
	(11651, 137, 54, 1),
	(11652, 137, 53, 1),
	(11653, 137, 58, 1),
	(11654, 137, 57, 1),
	(11655, 137, 56, 1),
	(11656, 137, 55, 1),
	(11657, 137, 102, 1),
	(11658, 137, 63, 1),
	(11659, 137, 62, 1),
	(11660, 137, 61, 1),
	(11661, 137, 60, 1),
	(11662, 137, 103, 1),
	(11663, 137, 59, 1),
	(11664, 137, 65, 1),
	(11665, 137, 64, 1),
	(11666, 137, 75, 1),
	(11667, 137, 68, 1),
	(11668, 137, 74, 1),
	(11669, 137, 67, 1),
	(11670, 137, 73, 1),
	(11671, 137, 66, 1),
	(11672, 137, 72, 1),
	(11673, 137, 104, 1),
	(11674, 137, 71, 1),
	(11675, 137, 77, 1),
	(11676, 137, 70, 1),
	(11677, 137, 76, 1),
	(11678, 137, 69, 1),
	(11679, 137, 80, 1),
	(11680, 137, 79, 1),
	(11681, 137, 78, 1),
	(11682, 137, 105, 1),
	(11683, 137, 28, 1),
	(11684, 137, 27, 1),
	(11685, 137, 26, 0),
	(11686, 137, 25, 1),
	(11687, 137, 24, 0),
	(11688, 137, 23, 0),
	(11689, 137, 97, 0),
	(11690, 137, 20, 0),
	(11691, 137, 19, 0),
	(11692, 137, 7, 0),
	(11693, 137, 6, 0),
	(11695, 137, 5, 0),
	(11696, 137, 22, 0),
	(11697, 137, 21, 0),
	(11698, 137, 107, 1),
	(11699, 137, 81, 1),
	(11700, 137, 29, 1),
	(11701, 137, 108, 1),
	(11702, 137, 109, 1),
	(11703, 137, 82, 0),
	(11704, 137, 110, 0),
	(11705, 137, 83, 1),
	(11706, 137, 111, 0),
	(11707, 137, 84, 0),
	(11708, 137, 112, 1),
	(11709, 137, 85, 1),
	(11710, 137, 113, 1),
	(11711, 137, 86, 1),
	(11712, 137, 114, 1),
	(11713, 137, 87, 1),
	(11714, 137, 115, 1),
	(11715, 137, 88, 1),
	(11716, 137, 116, 1),
	(11717, 137, 89, 1),
	(11820, 3, 2, 0),
	(11821, 3, 1, 0),
	(11822, 3, 90, 0),
	(11823, 3, 3, 0),
	(11824, 3, 94, 0),
	(11825, 3, 4, 0),
	(11826, 3, 32, 1),
	(11827, 3, 31, 1),
	(11828, 3, 30, 1),
	(11829, 3, 95, 1),
	(11830, 3, 96, 1),
	(11831, 3, 36, 1),
	(11832, 3, 35, 1),
	(11833, 3, 34, 1),
	(11834, 3, 33, 1),
	(11836, 3, 41, 1),
	(11837, 3, 40, 1),
	(11838, 3, 39, 1),
	(11839, 3, 38, 1),
	(11840, 3, 37, 1),
	(11841, 3, 99, 1),
	(11842, 3, 44, 1),
	(11843, 3, 43, 1),
	(11844, 3, 42, 1),
	(11845, 3, 47, 1),
	(11846, 3, 100, 1),
	(11847, 3, 46, 1),
	(11848, 3, 52, 1),
	(11849, 3, 45, 1),
	(11850, 3, 51, 1),
	(11851, 3, 50, 1),
	(11852, 3, 49, 1),
	(11853, 3, 48, 1),
	(11854, 3, 101, 1),
	(11855, 3, 54, 1),
	(11856, 3, 53, 1),
	(11857, 3, 58, 1),
	(11858, 3, 57, 1),
	(11859, 3, 56, 1),
	(11860, 3, 55, 1),
	(11861, 3, 102, 1),
	(11862, 3, 63, 1),
	(11863, 3, 62, 1),
	(11864, 3, 61, 1),
	(11865, 3, 60, 1),
	(11866, 3, 103, 1),
	(11867, 3, 59, 1),
	(11868, 3, 65, 1),
	(11869, 3, 64, 1),
	(11870, 3, 75, 1),
	(11871, 3, 68, 1),
	(11872, 3, 74, 1),
	(11873, 3, 67, 1),
	(11874, 3, 73, 1),
	(11875, 3, 66, 1),
	(11876, 3, 72, 1),
	(11877, 3, 104, 1),
	(11878, 3, 71, 1),
	(11879, 3, 77, 1),
	(11880, 3, 70, 1),
	(11881, 3, 76, 1),
	(11882, 3, 69, 1),
	(11883, 3, 80, 1),
	(11884, 3, 79, 1),
	(11885, 3, 78, 1),
	(11886, 3, 105, 1),
	(11887, 3, 28, 1),
	(11888, 3, 27, 1),
	(11889, 3, 26, 1),
	(11890, 3, 25, 1),
	(11891, 3, 24, 1),
	(11892, 3, 23, 1),
	(11893, 3, 97, 1),
	(11894, 3, 20, 1),
	(11895, 3, 19, 1),
	(11896, 3, 7, 1),
	(11897, 3, 6, 1),
	(11899, 3, 5, 1),
	(11900, 3, 22, 1),
	(11901, 3, 21, 1),
	(11902, 3, 107, 1),
	(11903, 3, 81, 1),
	(11904, 3, 29, 1),
	(11905, 3, 108, 1),
	(11906, 3, 109, 1),
	(11907, 3, 82, 1),
	(11908, 3, 110, 1),
	(11909, 3, 83, 1),
	(11910, 3, 111, 1),
	(11911, 3, 84, 1),
	(11912, 3, 112, 1),
	(11913, 3, 85, 1),
	(11914, 3, 113, 1),
	(11915, 3, 86, 1),
	(11916, 3, 114, 1),
	(11917, 3, 87, 1),
	(11918, 3, 115, 1),
	(11919, 3, 88, 1),
	(11920, 3, 116, 1),
	(11921, 3, 89, 1),
	(11922, 139, 2, 0),
	(11923, 139, 1, 0),
	(11924, 139, 90, 0),
	(11925, 139, 3, 0),
	(11926, 139, 94, 0),
	(11927, 139, 4, 0),
	(11928, 139, 32, 0),
	(11929, 139, 31, 0),
	(11930, 139, 30, 0),
	(11931, 139, 95, 0),
	(11932, 139, 96, 0),
	(11933, 139, 36, 0),
	(11934, 139, 35, 0),
	(11935, 139, 34, 0),
	(11936, 139, 33, 0),
	(11938, 139, 41, 1),
	(11939, 139, 40, 1),
	(11940, 139, 39, 1),
	(11941, 139, 38, 1),
	(11942, 139, 37, 1),
	(11943, 139, 99, 1),
	(11944, 139, 44, 1),
	(11945, 139, 43, 1),
	(11946, 139, 42, 1),
	(11947, 139, 47, 1),
	(11948, 139, 100, 1),
	(11949, 139, 46, 1),
	(11950, 139, 52, 1),
	(11951, 139, 45, 1),
	(11952, 139, 51, 1),
	(11953, 139, 50, 1),
	(11954, 139, 49, 1),
	(11955, 139, 48, 1),
	(11956, 139, 101, 1),
	(11957, 139, 54, 1),
	(11958, 139, 53, 1),
	(11959, 139, 58, 1),
	(11960, 139, 57, 1),
	(11961, 139, 56, 1),
	(11962, 139, 55, 1),
	(11963, 139, 102, 1),
	(11964, 139, 63, 1),
	(11965, 139, 62, 1),
	(11966, 139, 61, 1),
	(11967, 139, 60, 1),
	(11968, 139, 103, 1),
	(11969, 139, 59, 1),
	(11970, 139, 65, 1),
	(11971, 139, 64, 1),
	(11972, 139, 75, 1),
	(11973, 139, 68, 1),
	(11974, 139, 74, 1),
	(11975, 139, 67, 1),
	(11976, 139, 73, 1),
	(11977, 139, 66, 1),
	(11978, 139, 72, 1),
	(11979, 139, 104, 1),
	(11980, 139, 71, 1),
	(11981, 139, 77, 1),
	(11982, 139, 70, 1),
	(11983, 139, 76, 1),
	(11984, 139, 69, 1),
	(11985, 139, 80, 1),
	(11986, 139, 79, 1),
	(11987, 139, 78, 1),
	(11988, 139, 105, 1),
	(11989, 139, 28, 0),
	(11990, 139, 27, 0),
	(11991, 139, 26, 0),
	(11992, 139, 25, 0),
	(11993, 139, 24, 0),
	(11994, 139, 23, 0),
	(11995, 139, 97, 0),
	(11996, 139, 20, 1),
	(11997, 139, 19, 1),
	(11998, 139, 7, 1),
	(11999, 139, 6, 1),
	(12001, 139, 5, 1),
	(12002, 139, 22, 1),
	(12003, 139, 21, 1),
	(12004, 139, 107, 1),
	(12005, 139, 81, 1),
	(12006, 139, 29, 1),
	(12007, 139, 108, 1),
	(12008, 139, 109, 0),
	(12009, 139, 82, 0),
	(12010, 139, 110, 0),
	(12011, 139, 83, 0),
	(12012, 139, 111, 1),
	(12013, 139, 84, 1),
	(12014, 139, 112, 1),
	(12015, 139, 85, 1),
	(12016, 139, 113, 1),
	(12017, 139, 86, 1),
	(12018, 139, 114, 1),
	(12019, 139, 87, 1),
	(12020, 139, 115, 1),
	(12021, 139, 88, 1),
	(12022, 139, 116, 1),
	(12023, 139, 89, 1),
	(12636, 6, 2, 0),
	(12637, 6, 1, 1),
	(12638, 6, 90, 0),
	(12639, 6, 3, 0),
	(12640, 6, 94, 1),
	(12641, 6, 4, 1),
	(12642, 6, 32, 1),
	(12643, 6, 31, 1),
	(12644, 6, 30, 1),
	(12645, 6, 95, 1),
	(12646, 6, 96, 1),
	(12647, 6, 36, 1),
	(12648, 6, 35, 1),
	(12649, 6, 34, 1),
	(12650, 6, 33, 1),
	(12652, 6, 41, 1),
	(12653, 6, 40, 1),
	(12654, 6, 39, 1),
	(12655, 6, 38, 1),
	(12656, 6, 37, 1),
	(12657, 6, 99, 1),
	(12658, 6, 44, 1),
	(12659, 6, 43, 1),
	(12660, 6, 42, 1),
	(12661, 6, 47, 1),
	(12662, 6, 100, 1),
	(12663, 6, 46, 1),
	(12664, 6, 52, 1),
	(12665, 6, 45, 1),
	(12666, 6, 51, 1),
	(12667, 6, 50, 1),
	(12668, 6, 49, 1),
	(12669, 6, 48, 1),
	(12670, 6, 101, 1),
	(12671, 6, 54, 1),
	(12672, 6, 53, 1),
	(12673, 6, 58, 1),
	(12674, 6, 57, 1),
	(12675, 6, 56, 1),
	(12676, 6, 55, 1),
	(12677, 6, 102, 1),
	(12678, 6, 63, 1),
	(12679, 6, 62, 1),
	(12680, 6, 61, 1),
	(12681, 6, 60, 1),
	(12682, 6, 103, 1),
	(12683, 6, 59, 1),
	(12684, 6, 65, 1),
	(12685, 6, 64, 1),
	(12686, 6, 75, 1),
	(12687, 6, 68, 1),
	(12688, 6, 74, 1),
	(12689, 6, 67, 1),
	(12690, 6, 73, 1),
	(12691, 6, 66, 1),
	(12692, 6, 72, 1),
	(12693, 6, 104, 1),
	(12694, 6, 71, 1),
	(12695, 6, 77, 1),
	(12696, 6, 70, 1),
	(12697, 6, 76, 1),
	(12698, 6, 69, 1),
	(12699, 6, 80, 1),
	(12700, 6, 79, 1),
	(12701, 6, 78, 1),
	(12702, 6, 105, 1),
	(12703, 6, 28, 1),
	(12704, 6, 27, 1),
	(12705, 6, 26, 1),
	(12706, 6, 25, 1),
	(12707, 6, 24, 1),
	(12708, 6, 23, 1),
	(12709, 6, 97, 1),
	(12710, 6, 20, 0),
	(12711, 6, 19, 0),
	(12712, 6, 7, 0),
	(12713, 6, 6, 0),
	(12715, 6, 5, 1),
	(12716, 6, 22, 1),
	(12717, 6, 21, 1),
	(12718, 6, 107, 1),
	(12719, 6, 81, 1),
	(12720, 6, 29, 1),
	(12721, 6, 108, 1),
	(12722, 6, 109, 1),
	(12723, 6, 82, 1),
	(12724, 6, 110, 1),
	(12725, 6, 83, 1),
	(12726, 6, 111, 1),
	(12727, 6, 84, 1),
	(12728, 6, 112, 1),
	(12729, 6, 85, 1),
	(12730, 6, 113, 1),
	(12731, 6, 86, 1),
	(12732, 6, 114, 1),
	(12733, 6, 87, 1),
	(12734, 6, 115, 1),
	(12735, 6, 88, 1),
	(12736, 6, 116, 1),
	(12737, 6, 89, 1),
	(14676, 36, 3, 1),
	(14677, 36, 2, 1),
	(14678, 36, 1, 1),
	(14679, 36, 90, 1),
	(14680, 36, 94, 1),
	(14681, 36, 4, 1),
	(14682, 36, 95, 1),
	(14683, 36, 32, 1),
	(14684, 36, 31, 1),
	(14685, 36, 30, 1),
	(14686, 36, 96, 1),
	(14687, 36, 36, 1),
	(14688, 36, 35, 1),
	(14689, 36, 34, 1),
	(14690, 36, 33, 1),
	(14691, 36, 37, 1),
	(14693, 36, 41, 1),
	(14694, 36, 40, 1),
	(14695, 36, 39, 1),
	(14696, 36, 38, 1),
	(14697, 36, 43, 1),
	(14698, 36, 42, 1),
	(14699, 36, 99, 1),
	(14700, 36, 44, 1),
	(14701, 36, 48, 1),
	(14702, 36, 47, 1),
	(14703, 36, 100, 1),
	(14704, 36, 46, 1),
	(14705, 36, 52, 1),
	(14706, 36, 45, 1),
	(14707, 36, 51, 1),
	(14708, 36, 50, 1),
	(14709, 36, 49, 1),
	(14710, 36, 53, 1),
	(14711, 36, 101, 1),
	(14712, 36, 54, 1),
	(14713, 36, 102, 1),
	(14714, 36, 58, 1),
	(14715, 36, 57, 1),
	(14716, 36, 56, 1),
	(14717, 36, 55, 1),
	(14718, 36, 64, 1),
	(14719, 36, 63, 1),
	(14720, 36, 62, 1),
	(14721, 36, 61, 1),
	(14722, 36, 60, 1),
	(14723, 36, 103, 1),
	(14724, 36, 59, 1),
	(14725, 36, 65, 1),
	(14726, 36, 70, 1),
	(14727, 36, 76, 1),
	(14728, 36, 69, 1),
	(14729, 36, 75, 1),
	(14730, 36, 68, 1),
	(14731, 36, 74, 1),
	(14732, 36, 67, 1),
	(14733, 36, 73, 1),
	(14734, 36, 66, 1),
	(14735, 36, 72, 1),
	(14736, 36, 104, 1),
	(14737, 36, 71, 1),
	(14738, 36, 77, 1),
	(14739, 36, 105, 1),
	(14740, 36, 80, 1),
	(14741, 36, 79, 1),
	(14742, 36, 78, 1),
	(14743, 36, 97, 1),
	(14744, 36, 28, 1),
	(14745, 36, 27, 1),
	(14746, 36, 26, 1),
	(14747, 36, 25, 1),
	(14748, 36, 24, 1),
	(14749, 36, 23, 1),
	(14750, 36, 21, 1),
	(14751, 36, 20, 1),
	(14752, 36, 19, 1),
	(14753, 36, 7, 1),
	(14754, 36, 6, 1),
	(14756, 36, 5, 1),
	(14757, 36, 22, 1),
	(14758, 36, 107, 1),
	(14759, 36, 81, 1),
	(14760, 36, 108, 1),
	(14761, 36, 29, 1),
	(14762, 36, 82, 1),
	(14763, 36, 109, 1),
	(14764, 36, 110, 1),
	(14765, 36, 83, 1),
	(14766, 36, 111, 1),
	(14767, 36, 84, 1),
	(14768, 36, 85, 1),
	(14769, 36, 112, 1),
	(14770, 36, 113, 1),
	(14771, 36, 86, 1),
	(14772, 36, 114, 1),
	(14773, 36, 87, 1),
	(14774, 36, 88, 1),
	(14775, 36, 115, 1),
	(14776, 36, 116, 1),
	(14777, 36, 89, 1),
	(15595, 22, 117, 0),
	(15596, 22, 90, 0),
	(15597, 22, 3, 0),
	(15598, 22, 2, 0),
	(15599, 22, 1, 0),
	(15600, 22, 4, 0),
	(15601, 22, 94, 0),
	(15602, 22, 95, 0),
	(15603, 22, 32, 0),
	(15604, 22, 31, 0),
	(15605, 22, 30, 0),
	(15606, 22, 34, 0),
	(15607, 22, 33, 0),
	(15608, 22, 96, 0),
	(15609, 22, 36, 0),
	(15610, 22, 35, 0),
	(15611, 22, 39, 0),
	(15612, 22, 38, 0),
	(15613, 22, 37, 0),
	(15615, 22, 41, 0),
	(15616, 22, 40, 0),
	(15617, 22, 44, 0),
	(15618, 22, 43, 0),
	(15619, 22, 42, 0),
	(15620, 22, 99, 0),
	(15621, 22, 50, 0),
	(15622, 22, 49, 0),
	(15623, 22, 48, 0),
	(15624, 22, 47, 0),
	(15625, 22, 100, 0),
	(15626, 22, 46, 0),
	(15627, 22, 52, 0),
	(15628, 22, 45, 0),
	(15629, 22, 51, 0),
	(15630, 22, 101, 0),
	(15631, 22, 54, 0),
	(15632, 22, 53, 0),
	(15633, 22, 102, 0),
	(15634, 22, 58, 0),
	(15635, 22, 57, 0),
	(15636, 22, 56, 0),
	(15637, 22, 55, 0),
	(15638, 22, 60, 0),
	(15639, 22, 103, 0),
	(15640, 22, 59, 0),
	(15641, 22, 65, 0),
	(15642, 22, 64, 0),
	(15643, 22, 63, 0),
	(15644, 22, 62, 0),
	(15645, 22, 61, 0),
	(15646, 22, 104, 0),
	(15647, 22, 71, 0),
	(15648, 22, 77, 0),
	(15649, 22, 70, 0),
	(15650, 22, 76, 0),
	(15651, 22, 69, 0),
	(15652, 22, 75, 0),
	(15653, 22, 68, 0),
	(15654, 22, 74, 0),
	(15655, 22, 67, 0),
	(15656, 22, 73, 0),
	(15657, 22, 66, 0),
	(15658, 22, 72, 0),
	(15659, 22, 105, 0),
	(15660, 22, 80, 0),
	(15661, 22, 79, 0),
	(15662, 22, 78, 0),
	(15663, 22, 24, 0),
	(15664, 22, 23, 0),
	(15665, 22, 97, 0),
	(15666, 22, 28, 0),
	(15667, 22, 27, 0),
	(15668, 22, 26, 0),
	(15669, 22, 25, 0),
	(15670, 22, 6, 0),
	(15672, 22, 5, 0),
	(15673, 22, 22, 0),
	(15674, 22, 21, 0),
	(15675, 22, 20, 0),
	(15676, 22, 19, 0),
	(15677, 22, 7, 0),
	(15678, 22, 107, 0),
	(15679, 22, 81, 0),
	(15680, 22, 108, 0),
	(15681, 22, 29, 0),
	(15682, 22, 109, 0),
	(15683, 22, 82, 0),
	(15684, 22, 110, 0),
	(15685, 22, 83, 0),
	(15686, 22, 111, 0),
	(15687, 22, 84, 0),
	(15688, 22, 112, 0),
	(15689, 22, 85, 0),
	(15690, 22, 86, 0),
	(15691, 22, 113, 0),
	(15692, 22, 114, 0),
	(15693, 22, 87, 0),
	(15694, 22, 115, 0),
	(15695, 22, 88, 0),
	(15696, 22, 89, 0),
	(15697, 22, 116, 0),
	(15698, 118, 117, 1),
	(15699, 118, 90, 0),
	(15700, 118, 3, 0),
	(15701, 118, 2, 0),
	(15702, 118, 1, 0),
	(15703, 118, 4, 1),
	(15704, 118, 94, 1),
	(15705, 118, 95, 1),
	(15706, 118, 32, 1),
	(15707, 118, 31, 1),
	(15708, 118, 30, 1),
	(15709, 118, 34, 1),
	(15710, 118, 33, 1),
	(15711, 118, 96, 1),
	(15712, 118, 36, 1),
	(15713, 118, 35, 1),
	(15714, 118, 39, 1),
	(15715, 118, 38, 1),
	(15716, 118, 37, 1),
	(15718, 118, 41, 1),
	(15719, 118, 40, 1),
	(15720, 118, 44, 1),
	(15721, 118, 43, 1),
	(15722, 118, 42, 1),
	(15723, 118, 99, 1),
	(15724, 118, 50, 1),
	(15725, 118, 49, 1),
	(15726, 118, 48, 1),
	(15727, 118, 47, 1),
	(15728, 118, 100, 1),
	(15729, 118, 46, 1),
	(15730, 118, 52, 1),
	(15731, 118, 45, 1),
	(15732, 118, 51, 1),
	(15733, 118, 101, 1),
	(15734, 118, 54, 1),
	(15735, 118, 53, 1),
	(15736, 118, 102, 1),
	(15737, 118, 58, 1),
	(15738, 118, 57, 1),
	(15739, 118, 56, 1),
	(15740, 118, 55, 1),
	(15741, 118, 60, 1),
	(15742, 118, 103, 1),
	(15743, 118, 59, 1),
	(15744, 118, 65, 1),
	(15745, 118, 64, 1),
	(15746, 118, 63, 1),
	(15747, 118, 62, 1),
	(15748, 118, 61, 1),
	(15749, 118, 104, 1),
	(15750, 118, 71, 1),
	(15751, 118, 77, 1),
	(15752, 118, 70, 1),
	(15753, 118, 76, 1),
	(15754, 118, 69, 1),
	(15755, 118, 75, 1),
	(15756, 118, 68, 1),
	(15757, 118, 74, 1),
	(15758, 118, 67, 1),
	(15759, 118, 73, 1),
	(15760, 118, 66, 1),
	(15761, 118, 72, 1),
	(15762, 118, 105, 1),
	(15763, 118, 80, 1),
	(15764, 118, 79, 1),
	(15765, 118, 78, 1),
	(15766, 118, 24, 0),
	(15767, 118, 23, 0),
	(15768, 118, 97, 0),
	(15769, 118, 28, 0),
	(15770, 118, 27, 0),
	(15771, 118, 26, 0),
	(15772, 118, 25, 0),
	(15773, 118, 6, 1),
	(15775, 118, 5, 1),
	(15776, 118, 22, 1),
	(15777, 118, 21, 1),
	(15778, 118, 20, 1),
	(15779, 118, 19, 1),
	(15780, 118, 7, 1),
	(15781, 118, 107, 1),
	(15782, 118, 81, 1),
	(15783, 118, 108, 1),
	(15784, 118, 29, 1),
	(15785, 118, 109, 0),
	(15786, 118, 82, 0),
	(15787, 118, 110, 0),
	(15788, 118, 83, 0),
	(15789, 118, 111, 0),
	(15790, 118, 84, 0),
	(15791, 118, 112, 0),
	(15792, 118, 85, 0),
	(15793, 118, 86, 0),
	(15794, 118, 113, 0),
	(15795, 118, 114, 0),
	(15796, 118, 87, 0),
	(15797, 118, 115, 0),
	(15798, 118, 88, 0),
	(15799, 118, 89, 0),
	(15800, 118, 116, 0),
	(15801, 183, 2, 0),
	(15802, 183, 1, 0),
	(15803, 183, 117, 0),
	(15804, 183, 90, 0),
	(15805, 183, 3, 0),
	(15806, 183, 94, 0),
	(15807, 183, 4, 0),
	(15808, 183, 30, 0),
	(15809, 183, 95, 0),
	(15810, 183, 32, 0),
	(15811, 183, 31, 0),
	(15812, 183, 36, 0),
	(15813, 183, 35, 0),
	(15814, 183, 34, 0),
	(15815, 183, 33, 0),
	(15816, 183, 96, 0),
	(15817, 183, 41, 0),
	(15818, 183, 40, 0),
	(15819, 183, 39, 0),
	(15820, 183, 38, 0),
	(15821, 183, 37, 0),
	(15823, 183, 99, 0),
	(15824, 183, 44, 0),
	(15825, 183, 43, 0),
	(15826, 183, 42, 0),
	(15827, 183, 52, 0),
	(15828, 183, 45, 0),
	(15829, 183, 51, 0),
	(15830, 183, 50, 0),
	(15831, 183, 49, 0),
	(15832, 183, 48, 0),
	(15833, 183, 47, 0),
	(15834, 183, 100, 0),
	(15835, 183, 46, 0),
	(15836, 183, 101, 0),
	(15837, 183, 54, 0),
	(15838, 183, 53, 0),
	(15839, 183, 56, 0),
	(15840, 183, 55, 0),
	(15841, 183, 102, 0),
	(15842, 183, 58, 0),
	(15843, 183, 57, 0),
	(15844, 183, 62, 0),
	(15845, 183, 61, 0),
	(15846, 183, 60, 0),
	(15847, 183, 103, 0),
	(15848, 183, 59, 0),
	(15849, 183, 65, 0),
	(15850, 183, 64, 0),
	(15851, 183, 63, 0),
	(15852, 183, 67, 0),
	(15853, 183, 73, 0),
	(15854, 183, 66, 0),
	(15855, 183, 72, 0),
	(15856, 183, 104, 0),
	(15857, 183, 71, 0),
	(15858, 183, 77, 0),
	(15859, 183, 70, 0),
	(15860, 183, 76, 0),
	(15861, 183, 69, 0),
	(15862, 183, 75, 0),
	(15863, 183, 68, 0),
	(15864, 183, 74, 0),
	(15865, 183, 79, 0),
	(15866, 183, 78, 0),
	(15867, 183, 105, 0),
	(15868, 183, 80, 0),
	(15869, 183, 26, 1),
	(15870, 183, 25, 1),
	(15871, 183, 24, 1),
	(15872, 183, 23, 1),
	(15873, 183, 97, 1),
	(15874, 183, 28, 1),
	(15875, 183, 27, 1),
	(15876, 183, 19, 1),
	(15877, 183, 7, 1),
	(15878, 183, 6, 1),
	(15880, 183, 5, 1),
	(15881, 183, 22, 1),
	(15882, 183, 21, 1),
	(15883, 183, 20, 1),
	(15884, 183, 107, 1),
	(15885, 183, 81, 1),
	(15886, 183, 108, 1),
	(15887, 183, 29, 1),
	(15888, 183, 109, 1),
	(15889, 183, 82, 1),
	(15890, 183, 110, 1),
	(15891, 183, 83, 1),
	(15892, 183, 111, 1),
	(15893, 183, 84, 1),
	(15894, 183, 112, 1),
	(15895, 183, 85, 1),
	(15896, 183, 113, 1),
	(15897, 183, 86, 1),
	(15898, 183, 87, 1),
	(15899, 183, 114, 1),
	(15900, 183, 115, 1),
	(15901, 183, 88, 1),
	(15902, 183, 116, 1),
	(15903, 183, 89, 1);
/*!40000 ALTER TABLE `role_permission_mapping` ENABLE KEYS */;


-- Dumping structure for table plato_db.screen_functionality
CREATE TABLE IF NOT EXISTS `screen_functionality` (
  `screen_functionality_id` int(10) NOT NULL AUTO_INCREMENT,
  `func_name` varchar(50) DEFAULT NULL,
  `func_checked` varchar(50) NOT NULL DEFAULT 'N',
  `func_btn` varchar(50) DEFAULT NULL,
  `screen_id` int(10) DEFAULT NULL,
  PRIMARY KEY (`screen_functionality_id`),
  KEY `screen_id_fk2` (`screen_id`),
  CONSTRAINT `screen_id_fk2` FOREIGN KEY (`screen_id`) REFERENCES `permission_screen_master` (`screen_id`)
) ENGINE=InnoDB AUTO_INCREMENT=118 DEFAULT CHARSET=utf8;

-- Dumping data for table plato_db.screen_functionality: ~103 rows (approximately)
DELETE FROM `screen_functionality`;
/*!40000 ALTER TABLE `screen_functionality` DISABLE KEYS */;
INSERT INTO `screen_functionality` (`screen_functionality_id`, `func_name`, `func_checked`, `func_btn`, `screen_id`) VALUES
	(1, 'Create Build', 'N', 'create_build', 1),
	(2, 'Delete Build', 'N', 'delete_build', 1),
	(3, 'Show Report', 'N', 'sahow_report', 1),
	(4, 'Edit Profile', 'N', 'edit_profile', 2),
	(5, 'Create Build', 'N', 'create_build', 14),
	(6, 'Build Configuration', 'N', 'build_configuration', 14),
	(7, 'Environment Readiness', 'N', 'environment_readiness', 14),
	(19, 'Impact Change', 'N', 'impact_change', 14),
	(20, 'Execute Build', 'N', 'execute_build', 14),
	(21, 'Delete Build', 'N', 'delete_build', 14),
	(22, 'Build History', 'N', 'build_history', 14),
	(23, 'Create Jobs', 'N', 'create_jobs', 5),
	(24, 'Cancel All Changes', 'N', 'cancel_all_changes', 5),
	(25, 'Minimize Job Card', 'N', 'minimize_job_card', 5),
	(26, 'Delete Job', 'N', 'delete_job', 5),
	(27, 'Report Configuration', 'N', 'report_configuration', 5),
	(28, 'Tool Box', 'N', 'tool_box', 5),
	(29, 'Compare', 'N', 'compare', 16),
	(30, 'Create Portfolio', 'N', 'create_portfolio', 3),
	(31, 'Edit Portfolio', 'N', 'edit_portfolio', 3),
	(32, 'Delete Portfolio', 'N', 'delete_portfolio', 3),
	(33, 'Create Account', 'N', 'create_account', 4),
	(34, 'Edit Account', 'N', 'edit_account', 4),
	(35, 'Delete Account', 'N', 'delete_account', 4),
	(36, 'Select Portfolio', 'N', 'select_portfolio', 4),
	(37, 'Create Project', 'N', 'create_project', 6),
	(38, 'Edit Project', 'N', 'edit_project', 6),
	(39, 'Delete Project', 'N', 'delete_project', 6),
	(40, 'Select Portfolio', 'N', 'select_portfolio', 6),
	(41, 'Select Account', 'N', 'select_account', 6),
	(42, 'Create Role', 'N', 'create_role', 7),
	(43, 'Edit Role', 'N', 'edit_role', 7),
	(44, 'Delete Role', 'N', 'delete_role', 7),
	(45, 'Select Portfolio', 'N', 'select_portfolio', 8),
	(46, 'Select Account', 'N', 'select_account', 8),
	(47, 'Select Project', 'N', 'select_project', 8),
	(48, 'Show All Users', 'N', 'show_all_users', 8),
	(49, 'Create User', 'N', 'create_user', 8),
	(50, 'Edit User', 'N', 'edit_user', 8),
	(51, 'Delete User', 'N', 'delete_user', 8),
	(52, 'Multiple Allocation', 'N', 'multiple_allocation', 8),
	(53, 'Select Role', 'N', 'select_role', 9),
	(54, 'Save Permission', 'N', 'save_permission', 9),
	(55, 'Select Tool Category', 'N', 'select_tool_category', 10),
	(56, 'Create Tool', 'N', 'create_tool', 10),
	(57, 'Edit Tool', 'N', 'edit_tool', 10),
	(58, 'Delete Tool', 'N', 'delete_tool', 10),
	(59, 'Select Portfolio', 'N', 'select_portfolio', 11),
	(60, 'Select Account', 'N', 'select_account', 11),
	(61, 'Select Project', 'N', 'select_project', 11),
	(62, 'Create Tool Mapping', 'N', 'create_tool_mapping', 11),
	(63, 'Edit Tool Mapping', 'N', 'edit_tool_mapping', 11),
	(64, 'Delete Tool Mapping', 'N', 'delete_tool_mapping', 11),
	(65, 'Live Build Checkpoints', 'N', 'live_build_checkpoints', 11),
	(66, 'Select Portfolio', 'N', 'select_portfolio', 12),
	(67, 'Select Account', 'N', 'select_account', 12),
	(68, 'Select Project', 'N', 'select_project', 12),
	(69, 'Create Application', 'N', 'create_application', 12),
	(70, 'Edit Application', 'N', 'edit_application', 12),
	(71, 'Delete Application', 'N', 'delete_application', 12),
	(72, 'Create Server', 'N', 'create_server', 12),
	(73, 'Edit Server', 'N', 'edit_server', 12),
	(74, 'Delete Server', 'N', 'delete_server', 12),
	(75, 'Create Database', 'N', 'create_database', 12),
	(76, 'Edit Database', 'N', 'edit_database', 12),
	(77, 'Delete Database', 'N', 'delete_database', 12),
	(78, 'Create Node', 'N', 'create_node', 13),
	(79, 'Edit Node', 'N', 'edit_node', 13),
	(80, 'Delete Node', 'N', 'delete_node', 13),
	(81, 'Full Page', 'N', 'full_page', 15),
	(82, 'Full Page', 'N', 'full_page', 17),
	(83, 'Full Page', 'N', 'full_page', 18),
	(84, 'Full Page', 'N', 'full_page', 19),
	(85, 'Full Page', 'N', 'full_page', 20),
	(86, 'Full Page', 'N', 'full_page', 21),
	(87, 'Full Page', 'N', 'full_page', 22),
	(88, 'Full Page', 'N', 'full_page', 23),
	(89, 'Full Page', 'N', 'full_page', 24),
	(90, 'View Page', 'N', 'view_Page', 1),
	(94, 'View Page', 'N', 'view_Page', 2),
	(95, 'View Page', 'N', 'view_Page', 3),
	(96, 'View Page', 'N', 'view_Page', 4),
	(97, 'View Page', 'N', 'view_Page', 5),
	(98, 'View Page', 'N', 'view_Page', 6),
	(99, 'View Page', 'N', 'view_Page', 7),
	(100, 'View Page', 'N', 'view_Page', 8),
	(101, 'View Page', 'N', 'view_Page', 9),
	(102, 'View Page', 'N', 'view_Page', 10),
	(103, 'View Page', 'N', 'view_Page', 11),
	(104, 'View Page', 'N', 'view_Page', 12),
	(105, 'View Page', 'N', 'view_Page', 13),
	(106, 'View Page', 'N', 'view_Page', 14),
	(107, 'View Page', 'N', 'view_Page', 15),
	(108, 'View Page', 'N', 'view_Page', 16),
	(109, 'View Page', 'N', 'view_Page', 17),
	(110, 'View Page', 'N', 'view_Page', 18),
	(111, 'View Page', 'N', 'view_Page', 19),
	(112, 'View Page', 'N', 'view_Page', 20),
	(113, 'View Page', 'N', 'view_Page', 21),
	(114, 'View Page', 'N', 'view_Page', 22),
	(115, 'View Page', 'N', 'view_Page', 23),
	(116, 'View Page', 'N', 'view_Page', 24),
	(117, 'Execute Build', 'N', 'execute_build', 1);
/*!40000 ALTER TABLE `screen_functionality` ENABLE KEYS */;


-- Dumping structure for table plato_db.status_master
CREATE TABLE IF NOT EXISTS `status_master` (
  `status_id` int(10) NOT NULL DEFAULT '0',
  `status_name` varchar(50) DEFAULT NULL,
  PRIMARY KEY (`status_id`),
  UNIQUE KEY `status_name` (`status_name`)
) ENGINE=InnoDB DEFAULT CHARSET=utf8;

-- Dumping data for table plato_db.status_master: ~6 rows (approximately)
DELETE FROM `status_master`;
/*!40000 ALTER TABLE `status_master` DISABLE KEYS */;
INSERT INTO `status_master` (`status_id`, `status_name`) VALUES
	(6, 'Aborted'),
	(1, 'Completed'),
	(2, 'Failed'),
	(5, 'Failed-To-Start'),
	(4, 'In-Progress'),
	(3, 'On-Hold');
/*!40000 ALTER TABLE `status_master` ENABLE KEYS */;


-- Dumping structure for table plato_db.subjob_checkpoint
CREATE TABLE IF NOT EXISTS `subjob_checkpoint` (
  `subjob_checkpoint_id` int(10) NOT NULL AUTO_INCREMENT,
  `subjob_id` int(10) DEFAULT '0',
  `order_number` int(10) DEFAULT '0',
  `module_name` varchar(100) DEFAULT '0',
  PRIMARY KEY (`subjob_checkpoint_id`),
  KEY `subjob_id` (`subjob_id`),
  CONSTRAINT `subjob_id_fk` FOREIGN KEY (`subjob_id`) REFERENCES `module_subjob_jenkins_master` (`subjob_id`)
) ENGINE=InnoDB AUTO_INCREMENT=2100 DEFAULT CHARSET=utf8;

-- Dumping data for table plato_db.subjob_checkpoint: ~157 rows (approximately)
DELETE FROM `subjob_checkpoint`;
/*!40000 ALTER TABLE `subjob_checkpoint` DISABLE KEYS */;
INSERT INTO `subjob_checkpoint` (`subjob_checkpoint_id`, `subjob_id`, `order_number`, `module_name`) VALUES
	(1325, 1421, 4, 'Create Order'),
	(1326, 1421, 5, 'Edit Order'),
	(1327, 1421, 3, 'Login'),
	(1365, 1528, 4, 'Create Order'),
	(1366, 1528, 5, 'Edit Order'),
	(1367, 1528, 3, 'Login'),
	(1371, 1535, 4, 'Create Order'),
	(1372, 1535, 5, 'Edit Order'),
	(1373, 1535, 3, 'Login'),
	(1378, 1533, 3, 'Login'),
	(1379, 1533, 5, 'Edit Order'),
	(1380, 1533, 4, 'Create Order'),
	(1390, 1542, 4, 'Create Order'),
	(1391, 1542, 5, 'Edit Order'),
	(1392, 1542, 3, 'Login'),
	(1409, 1571, 6, 'Login(Android)'),
	(1410, 1571, 5, 'Login(Firefox)'),
	(1411, 1571, 4, 'Login(Chrome)'),
	(1412, 1571, 7, 'Login(Iphone)'),
	(1423, 1572, 1, 'Login'),
	(1424, 1572, 2, 'Create Order'),
	(1425, 1572, 3, 'Edit Order'),
	(1435, 1573, 4, 'Login(Chrome)'),
	(1436, 1573, 5, 'Login(Firefox)'),
	(1510, 1700, 6, 'Operations'),
	(1511, 1700, 5, 'Billing'),
	(1512, 1700, 7, 'Payment'),
	(1513, 1706, 9, 'TC01_Quote'),
	(1515, 1710, 10, 'TC02_NewBusiness'),
	(1516, 1714, 11, 'TC03_Endorsement'),
	(1517, 1715, 12, 'TC04_Renewal'),
	(1532, 1716, 11, 'TC03_Endorsement'),
	(1533, 1716, 12, 'TC04_Renewal'),
	(1534, 1716, 13, 'TC05_Cancellation'),
	(1535, 1716, 9, 'TC01_Quote'),
	(1536, 1716, 10, 'TC02_NewBusiness'),
	(1634, 1753, 13, 'TC05_Cancellation'),
	(1635, 1753, 10, 'TC02_NewBusiness'),
	(1636, 1753, 12, 'TC04_Renewal'),
	(1637, 1753, 9, 'TC01_Quote'),
	(1638, 1753, 11, 'TC03_Endorsement'),
	(1814, 1769, 1, 'cfhvfgjvj'),
	(1815, 1774, 1, 'cfhvfgjvj'),
	(1816, 1786, 1, 'BajajQuote'),
	(1818, 1833, 1, 'xyz'),
	(1822, 1844, 1, 'BajajQuote'),
	(1833, 2196, 2, 'Salesforce'),
	(1837, 2212, 2, 'Salesforce'),
	(1838, 2242, 16, 'harsh'),
	(1839, 2241, 1, 'genCheck'),
	(1844, 2247, 1, 'FUNDS TRANSFER'),
	(1858, 2258, 2, 'Login_Eversource'),
	(1859, 2258, 4, 'Utilities'),
	(1860, 2258, 5, 'Appliances'),
	(1861, 2258, 3, 'Personal_Details'),
	(1866, 2268, 8, 'Registration_ios'),
	(1867, 2268, 6, 'Registration_Chrome'),
	(1868, 2268, 2, 'Login_Eversource'),
	(1869, 2268, 3, 'Personal_Details'),
	(1870, 2268, 4, 'Utilities'),
	(1871, 2268, 7, 'Registration_FireFox'),
	(1872, 2268, 9, 'Registration_Android'),
	(1873, 2268, 1, 'Registration_Module'),
	(1874, 2268, 5, 'Appliances'),
	(1881, 2274, 3, 'Personal_Details'),
	(1882, 2274, 2, 'Login_Eversource'),
	(1883, 2274, 4, 'Utilities'),
	(1884, 2274, 5, 'Appliances'),
	(1885, 2274, 1, 'Registration_Module'),
	(1893, 1599, 1, 'Dashboard'),
	(1894, 1599, 3, 'Dashboard(Firefox)'),
	(1900, 2259, 2, 'Login_Eversource'),
	(1901, 2259, 1, 'Registration_Module'),
	(1902, 2259, 4, 'Utilities'),
	(1907, 2322, 3, 'Loreal_Android'),
	(1908, 2322, 2, 'Loreal_firefox'),
	(1909, 2322, 4, 'Loreal_ios'),
	(1910, 2322, 1, 'Loreal_Chrome'),
	(1927, 2388, 3, 'Apply For Citigold Account Package'),
	(1928, 2388, 2, 'Select State'),
	(1929, 2388, 1, 'HomePage'),
	(1930, 2389, 3, 'Apply For Citigold Account Package'),
	(1931, 2389, 2, 'Select State'),
	(1932, 2389, 1, 'HomePage'),
	(1944, 2321, 1, 'Home'),
	(1945, 2321, 2, 'Business'),
	(1950, 2741, 1, 'Credit Card Details'),
	(1951, 2741, 2, 'Mortgage Loan Details'),
	(1952, 2741, 4, 'Investing Insights'),
	(1953, 2741, 3, 'Home Equity'),
	(1962, 2758, 1, 'Credit Card Details'),
	(1963, 2758, 3, 'Home Equity'),
	(1964, 2758, 4, 'Investing Insights'),
	(1965, 2758, 2, 'Mortgage Loan Details'),
	(1966, 2779, 2, 'Business'),
	(1967, 2779, 1, 'Home'),
	(1976, 2781, 1, 'TC01_Quote'),
	(1977, 2781, 4, 'TC04_Renewal'),
	(1978, 2781, 2, 'TC02_NewBusiness'),
	(1979, 2781, 3, 'TC03_Endorsement'),
	(1984, 2783, 2, 'TC02_NewBusiness'),
	(1985, 2783, 4, 'TC04_Renewal'),
	(1986, 2783, 1, 'TC01_Quote'),
	(1987, 2783, 3, 'TC03_Endorsement'),
	(1988, 2786, 1, 'TC01_Quote'),
	(1989, 2786, 3, 'TC03_Endorsement'),
	(1990, 2786, 2, 'TC02_NewBusiness'),
	(1991, 2786, 5, 'TC04_Renewal'),
	(1992, 2751, 1, 'Credit Card Details'),
	(1993, 2751, 3, 'Home Equity'),
	(1994, 2751, 2, 'Mortgage Loan Details'),
	(1995, 2751, 4, 'Investing Insights'),
	(1996, 2362, 3, 'Registration_Chrome'),
	(1997, 2381, 1, 'Registration_Android'),
	(1998, 2381, 2, 'Registration_ios'),
	(1999, 2381, 4, 'Registration_FireFox'),
	(2009, 2630, 4, 'Registration_FireFox'),
	(2010, 2630, 2, 'Registration_ios'),
	(2011, 2630, 3, 'Registration_Chrome'),
	(2012, 2630, 1, 'Registration_Android'),
	(2013, 2803, 1, 'Registration_Android'),
	(2014, 2803, 2, 'Registration_ios'),
	(2015, 2803, 3, 'Registration_Chrome'),
	(2016, 2803, 4, 'Registration_FireFox'),
	(2024, 2816, 1, 'Registration_Android'),
	(2025, 2816, 2, 'Registration_ios'),
	(2026, 2816, 4, 'Registration_FireFox'),
	(2027, 2816, 3, 'Registration_Chrome'),
	(2028, 2815, 1, 'Homepage'),
	(2029, 2815, 4, 'Subscription'),
	(2030, 2815, 3, 'Form Submission'),
	(2031, 2815, 2, 'Primary details'),
	(2032, 2821, 2, 'Premium Calculation'),
	(2033, 2821, 1, 'Quote Creation'),
	(2034, 2821, 3, 'Verify Collection'),
	(2035, 2821, 4, 'Policy Issuance'),
	(2040, 2819, 1, 'Quote Creation'),
	(2041, 2819, 3, 'Verify Collection'),
	(2042, 2819, 4, 'Policy Issuance'),
	(2043, 2819, 2, 'Premium Calculation'),
	(2062, 2820, 2, 'Premium Calculation'),
	(2063, 2820, 4, 'Policy Issuance'),
	(2064, 2820, 1, 'Quote Creation'),
	(2065, 2820, 3, 'Verify Collection'),
	(2078, 2625, 3, 'Manage Cost & Energy'),
	(2079, 2625, 1, 'Login'),
	(2080, 2625, 2, 'Account Overview'),
	(2083, 2822, 1, 'Fast Execution'),
	(2084, 2822, 2, 'Website'),
	(2085, 2809, 4, 'Policy Issuance'),
	(2086, 2829, 3, 'Manage Cost & Energy'),
	(2087, 2829, 1, 'Login'),
	(2088, 2829, 2, 'Account Overview'),
	(2089, 2833, 1, 'Registration_android'),
	(2090, 2833, 3, 'Registration_chrome'),
	(2091, 2833, 4, 'Registration_firefox'),
	(2092, 2833, 2, 'Registration_ios');
/*!40000 ALTER TABLE `subjob_checkpoint` ENABLE KEYS */;


-- Dumping structure for table plato_db.subjob_checkpoint_details
CREATE TABLE IF NOT EXISTS `subjob_checkpoint_details` (
  `subjob_checkpoint_details_id` int(10) NOT NULL AUTO_INCREMENT,
  `order_number` int(10) NOT NULL DEFAULT '0',
  `checkpoint_name` varchar(100) DEFAULT NULL,
  `pass_criteria` varchar(100) DEFAULT NULL,
  `fail_criteria` varchar(100) DEFAULT NULL,
  `subjob_checkpoint_id` int(10) NOT NULL,
  PRIMARY KEY (`subjob_checkpoint_details_id`),
  UNIQUE KEY `subjob_checkpoint_details_unique` (`subjob_checkpoint_id`,`checkpoint_name`),
  CONSTRAINT `subjob_checkpoint_id_fk` FOREIGN KEY (`subjob_checkpoint_id`) REFERENCES `subjob_checkpoint` (`subjob_checkpoint_id`)
) ENGINE=InnoDB AUTO_INCREMENT=6609 DEFAULT CHARSET=utf8;

-- Dumping data for table plato_db.subjob_checkpoint_details: ~501 rows (approximately)
DELETE FROM `subjob_checkpoint_details`;
/*!40000 ALTER TABLE `subjob_checkpoint_details` DISABLE KEYS */;
INSERT INTO `subjob_checkpoint_details` (`subjob_checkpoint_details_id`, `order_number`, `checkpoint_name`, `pass_criteria`, `fail_criteria`, `subjob_checkpoint_id`) VALUES
	(3931, 1, 'Create Dashboard', 'createDashboard', 'Create Order Test Case Failed', 1325),
	(3932, 2, 'Main Info Set', 'mainInfoDetailsSet', 'Create Order Test Case Failed', 1325),
	(3933, 3, 'Linked To Details Set', 'linkedToDetailsSet', 'Create Order Test Case Failed', 1325),
	(3934, 4, 'Classification Details Set', 'classificationDetailsSet', 'Create Order Test Case Failed', 1325),
	(3935, 5, 'Deals Classification Set', 'dealsClassificationDetailsSet', 'Create Order Test Case Failed', 1325),
	(3936, 1, 'Edit Enabled', 'editEnabled', 'Edit Order Test Case Failed', 1326),
	(3937, 2, 'Rename Field', 'renameField', 'Edit Order Test Case Failed', 1326),
	(3938, 3, 'Saved Successfully', 'savedSuccessfully', 'Edit Order Test Case Failed', 1326),
	(3939, 1, 'Login Successfull', 'loginSuccessfull', 'Login Test Case Failed', 1327),
	(3940, 2, 'Password Modification', 'passwordModification', 'Login Test Case Failed', 1327),
	(4048, 1, 'Create Dashboard', 'createDashboard', 'Create Order Test Case Failed', 1365),
	(4049, 2, 'Main Info Set', 'mainInfoDetailsSet', 'Create Order Test Case Failed', 1365),
	(4050, 3, 'Linked To Details Set', 'linkedToDetailsSet', 'Create Order Test Case Failed', 1365),
	(4051, 4, 'Classification Details Set', 'classificationDetailsSet', 'Create Order Test Case Failed', 1365),
	(4052, 5, 'Deals Classification Set', 'dealsClassificationDetailsSet', 'Create Order Test Case Failed', 1365),
	(4053, 1, 'Edit Enabled', 'editEnabled', 'Edit Order Test Case Failed', 1366),
	(4054, 2, 'Rename Field', 'renameField', 'Edit Order Test Case Failed', 1366),
	(4055, 3, 'Saved Successfully', 'savedSuccessfully', 'Edit Order Test Case Failed', 1366),
	(4056, 1, 'Login Successfull', 'loginSuccessfull', 'Login Test Case Failed', 1367),
	(4057, 2, 'Password Modification', 'passwordModification', 'Login Test Case Failed', 1367),
	(4068, 1, 'Create Dashboard', 'createDashboard', 'Create Order Test Case Failed', 1371),
	(4069, 2, 'Main Info Set', 'mainInfoDetailsSet', 'Create Order Test Case Failed', 1371),
	(4070, 3, 'Linked To Details Set', 'linkedToDetailsSet', 'Create Order Test Case Failed', 1371),
	(4071, 4, 'Classification Details Set', 'classificationDetailsSet', 'Create Order Test Case Failed', 1371),
	(4072, 5, 'Deals Classification Set', 'dealsClassificationDetailsSet', 'Create Order Test Case Failed', 1371),
	(4073, 1, 'Edit Enabled', 'editEnabled', 'Edit Order Test Case Failed', 1372),
	(4074, 2, 'Rename Field', 'renameField', 'Edit Order Test Case Failed', 1372),
	(4075, 3, 'Saved Successfully', 'savedSuccessfully', 'Edit Order Test Case Failed', 1372),
	(4076, 1, 'Login Successfull', 'loginSuccessfull', 'Login Test Case Failed', 1373),
	(4077, 2, 'Password Modification', 'passwordModification', 'Login Test Case Failed', 1373),
	(4089, 1, 'Login Successfull', 'loginSuccessfull', 'Login Test Case Failed', 1378),
	(4090, 2, 'Password Modification', 'passwordModification', 'Login Test Case Failed', 1378),
	(4091, 1, 'Edit Enabled', 'editEnabled', 'Edit Order Test Case Failed', 1379),
	(4092, 2, 'Rename Field', 'renameField', 'Edit Order Test Case Failed', 1379),
	(4093, 3, 'Saved Successfully', 'savedSuccessfully', 'Edit Order Test Case Failed', 1379),
	(4094, 1, 'Create Dashboard', 'createDashboard', 'Create Order Test Case Failed', 1380),
	(4095, 2, 'Main Info Set', 'mainInfoDetailsSet', 'Create Order Test Case Failed', 1380),
	(4096, 3, 'Linked To Details Set', 'linkedToDetailsSet', 'Create Order Test Case Failed', 1380),
	(4097, 4, 'Classification Details Set', 'classificationDetailsSet', 'Create Order Test Case Failed', 1380),
	(4098, 5, 'Deals Classification Set', 'dealsClassificationDetailsSet', 'Create Order Test Case Failed', 1380),
	(4129, 1, 'Create Dashboard', 'createDashboard', 'Create Order Test Case Failed', 1390),
	(4130, 2, 'Main Info Set', 'mainInfoDetailsSet', 'Create Order Test Case Failed', 1390),
	(4131, 3, 'Linked To Details Set', 'linkedToDetailsSet', 'Create Order Test Case Failed', 1390),
	(4132, 4, 'Classification Details Set', 'classificationDetailsSet', 'Create Order Test Case Failed', 1390),
	(4133, 5, 'Deals Classification Set', 'dealsClassificationDetailsSet', 'Create Order Test Case Failed', 1390),
	(4134, 1, 'Edit Enabled', 'editEnabled', 'Edit Order Test Case Failed', 1391),
	(4135, 2, 'Rename Field', 'renameField', 'Edit Order Test Case Failed', 1391),
	(4136, 3, 'Saved Successfully', 'savedSuccessfully', 'Edit Order Test Case Failed', 1391),
	(4137, 1, 'Login Successfull', 'loginSuccessfull', 'Login Test Case Failed', 1392),
	(4138, 2, 'Password Modification', 'passwordModification', 'Login Test Case Failed', 1392),
	(4205, 1, 'Mobile Login Successful', 'mobileLoginSuccessfull', 'Viacom Mobile Test Case Failed', 1409),
	(4206, 2, 'Update Mobile Password', 'mobilePasswordModification', 'Viacom Mobile Test Case Failed', 1409),
	(4207, 1, 'Login Successfull', 'loginSuccessfull', 'Viacom Webapp Test Case Failed', 1410),
	(4208, 2, 'Update Password', 'passwordModification', 'Viacom Webapp Test Case Failed', 1410),
	(4209, 1, 'Login Successfull', 'loginSuccessfull', 'Viacom Webapp Test Case Failed', 1411),
	(4210, 2, 'Update Password', 'passwordModification', 'Viacom Webapp Test Case Failed', 1411),
	(4211, 1, 'Mobile Login Successful', 'mobileLoginSuccessfull', 'Viacom Mobile Test Case Failed', 1412),
	(4212, 2, 'Update  Mobile Password', 'mobilePasswordModification', 'Viacom Mobile Test Case Failed', 1412),
	(4241, 1, 'Login Successfull', 'loginSuccessfull', 'Login Test Case Failed', 1423),
	(4242, 2, 'Password Modification', 'passwordModification', 'Login Test Case Failed', 1423),
	(4243, 1, 'Create Dashboard', 'createDashboard', 'Create Order Test Case Failed', 1424),
	(4244, 2, 'Main Info Set', 'mainInfoDetailsSet', 'Create Order Test Case Failed', 1424),
	(4245, 3, 'Linked To Details Set', 'linkedToDetailsSet', 'Create Order Test Case Failed', 1424),
	(4246, 4, 'Classification Details Set', 'classificationDetailsSet', 'Create Order Test Case Failed', 1424),
	(4247, 5, 'Deals Classification Set', 'dealsClassificationDetailsSet', 'Create Order Test Case Failed', 1424),
	(4248, 1, 'Edit Enabled', 'editEnabled', 'Edit Order Test Case Failed', 1425),
	(4249, 2, 'Rename Field', 'renameField', 'Edit Order Test Case Failed', 1425),
	(4250, 3, 'Saved Successfully', 'savedSuccessfully', 'Edit Order Test Case Failed', 1425),
	(4273, 1, 'Login Successfull', 'loginSuccessfull', 'Viacom Webapp Test Case Failed', 1435),
	(4274, 2, 'Update Password', 'passwordModification', 'Viacom Webapp Test Case Failed', 1435),
	(4275, 1, 'Login Successfull', 'loginSuccessfull', 'Viacom Webapp Test Case Failed', 1436),
	(4276, 2, 'Update Password', 'passwordModification', 'Viacom Webapp Test Case Failed', 1436),
	(4558, 1, 'Batch Cash Management', 'Create Policy Documents Test Case Passed', 'Create Policy Documents Test Case Failed', 1510),
	(4559, 2, 'Tasks', 'Login Test Case Passed', 'Login Test Case Failed', 1510),
	(4560, 3, 'Notifications', 'Policy Search Test Case Passed', 'Policy Search Test Case Failed', 1510),
	(4561, 4, 'Reports', ' Renewal Test Case Passed', ' Renewal Test Case Failed', 1510),
	(4562, 1, 'Billing Dashboard', 'Login Test Case Passed', 'Login Test Case Failed', 1511),
	(4563, 2, 'Billing Admin', 'New Quote Test Case Passed', 'New Quote Test Case Failed', 1511),
	(4564, 3, 'Account', 'Account Test Case Passed', 'Account Test Case Failed', 1511),
	(4565, 4, 'Account Settings', 'Policy info Test Case Passed', 'Policy info Test Case Failed', 1511),
	(4566, 5, 'Account Task', 'New Business Test Case Passed', 'New Business Test Case Failed', 1511),
	(4567, 6, 'Billing Transactions', 'Issue Policy Test Case Passed', 'Issue Policy Test Case Failed', 1511),
	(4568, 1, 'EFT Maintenance', 'EFT Maintenance', 'Issuing Renewal Policy Test Case Failed', 1512),
	(4569, 2, 'Hold Activity', 'Hold Activity', 'Issuing Renewal Policy Test Case Failed', 1512),
	(4570, 3, 'Instalment Schedule', 'Instalment Schedule', 'Issuing Renewal Policy Test Case Failed', 1512),
	(4571, 4, 'Items in Suspense', 'Items in Suspense', 'Issuing Renewal Policy Test Case Failed', 1512),
	(4572, 5, 'Payment Processing', 'Payment Processing', 'Issuing Renewal Policy Test Case Failed', 1512),
	(4573, 1, 'Login', 'Login Test Case Passed.', 'Login Test Case Failed', 1513),
	(4574, 2, 'Account', 'Account Test Case Passed', 'Account Test Case Failed', 1513),
	(4575, 3, 'Policy Info', 'Policy info Test Case Passed', 'Policy info Test Case Failed', 1513),
	(4576, 4, 'Policy Coverage', 'Policy Coverage Test Case Passed', 'Policy Coverage Test Case Failed', 1513),
	(4577, 5, 'Manuscript', 'Manuscript End Test Case Passed', 'Manuscript End Test Case Failed', 1513),
	(4581, 1, 'Login', 'Login Test Case Passed', 'Login Test Case Failed', 1515),
	(4582, 2, 'Policy Search', 'Search Policy Test Case Passed', 'Search Policy Test Case Failed', 1515),
	(4583, 3, 'Issue Policy', 'Issue Policy Test Case Passed', 'Issue Policy Test Case Failed', 1515),
	(4584, 1, 'Login', 'Login Test Case Passed', 'Login Test Case Failed', 1516),
	(4585, 2, 'Search Policy', 'Policy Search Test Case Passed', 'Policy Search Test Case Failed', 1516),
	(4586, 3, 'Endorse Policy', 'Endorse Policy Test Case Passed', 'Endorse Policy Test Case Failed', 1516),
	(4587, 1, 'Login', 'Login Test Case Passed', 'Login Test Case Failed', 1517),
	(4588, 2, 'Policy Search', 'Policy Search Test Case Passed', 'Policy Search Test Case Failed', 1517),
	(4589, 3, 'Renew Policy', 'Renew Policy Test Case Passed', 'Renew Policy Test Case Failed', 1517),
	(4638, 1, 'Login', 'Login Test Case Passed', 'Login Test Case Failed', 1532),
	(4639, 2, 'Search Policy', 'Policy Search Test Case Passed', 'Policy Search Test Case Failed', 1532),
	(4640, 3, 'Endorse Policy', 'Endorse Policy Test Case Passed', 'Endorse Policy Test Case Failed', 1532),
	(4641, 1, 'Login', 'Login Test Case Passed', 'Login Test Case Failed', 1533),
	(4642, 2, 'Policy Search', 'Policy Search Test Case Passed', 'Policy Search Test Case Failed', 1533),
	(4643, 3, 'Renew Policy', 'Renew Policy Test Case Passed', 'Renew Policy Test Case Failed', 1533),
	(4644, 1, 'Login', 'Login Test Case Passed', 'Login Test Case Failed', 1534),
	(4645, 2, 'Policy Search', 'Policy Search Test Case Passed', 'Policy Search Test Case Failed', 1534),
	(4646, 3, 'Cancel Policy', 'Cancel Policy Test Case Passed', 'Cancel Policy Test Case Failed', 1534),
	(4647, 4, 'Reinstate Transaction', 'Reinstate Transaction Test Case Passed', 'Reinstate Transaction Test Case Failed', 1534),
	(4648, 1, 'Login', 'Login Test Case Passed.', 'Login Test Case Failed', 1535),
	(4649, 2, 'Account', 'Account Test Case Passed', 'Account Test Case Failed', 1535),
	(4650, 3, 'Policy Info', 'Policy info Test Case Passed', 'Policy info Test Case Failed', 1535),
	(4651, 4, 'Policy Coverage', 'Policy Coverage Test Case Passed', 'Policy Coverage Test Case Failed', 1535),
	(4652, 5, 'Manuscript', 'Manuscript End Test Case Passed', 'Manuscript End Test Case Failed', 1535),
	(4653, 1, 'Login', 'Login Test Case Passed', 'Login Test Case Failed', 1536),
	(4654, 2, 'Policy Search', 'Search Policy Test Case Passed', 'Search Policy Test Case Failed', 1536),
	(4655, 3, 'Issue Policy', 'Issue Policy Test Case Passed', 'Issue Policy Test Case Failed', 1536),
	(4999, 1, 'Login', 'Login Test Case Passed', 'Login Test Case Failed', 1634),
	(5000, 2, 'Policy Search', 'Policy Search Test Case Passed', 'Policy Search Test Case Failed', 1634),
	(5001, 3, 'Cancel Policy', 'Cancel Policy Test Case Passed', 'Cancel Policy Test Case Failed', 1634),
	(5002, 4, 'Reinstate Policy', 'Reinstate Transaction Test Case Passed', 'Reinstate Transaction Test Case Failed', 1634),
	(5003, 1, 'Login', 'Login Test Case Passed', 'Login Test Case Failed', 1635),
	(5004, 2, 'Policy Search', 'Search Policy Test Case Passed', 'Search Policy Test Case Failed', 1635),
	(5005, 3, 'Issue Policy', 'Issue Policy Test Case Passed', 'Issue Policy Test Case Failed', 1635),
	(5006, 1, 'Login', 'Login Test Case Passed', 'Login Test Case Failed', 1636),
	(5007, 2, 'Policy Search', 'Policy Search Test Case Passed', 'Policy Search Test Case Failed', 1636),
	(5008, 3, 'Renew Policy', 'Renew Policy Test Case Passed', 'Renew Policy Test Case Failed', 1636),
	(5009, 1, 'Login', 'Login Test Case Passed.', 'Login Test Case Failed', 1637),
	(5010, 2, 'Account', 'Account Test Case Passed', 'Account Test Case Failed', 1637),
	(5011, 3, 'Policy Info', 'Policy info Test Case Passed', 'Policy info Test Case Failed', 1637),
	(5012, 4, 'Policy Coverage', 'Policy Coverage Test Case Passed', 'Policy Coverage Test Case Failed', 1637),
	(5013, 5, 'Issue Quote', 'Manuscript End Test Case Passed', 'Manuscript End Test Case Failed', 1637),
	(5014, 1, 'Login', 'Login Test Case Passed', 'Login Test Case Failed', 1638),
	(5015, 2, 'Search Policy', 'Policy Search Test Case Passed', 'Policy Search Test Case Failed', 1638),
	(5016, 3, 'Endorse Policy', 'Endorse Policy Test Case Passed', 'Endorse Policy Test Case Failed', 1638),
	(5696, 1, 'bnkjbkj', 'cghc', 'chgchg', 1814),
	(5697, 1, 'bnkjbkj', 'cghc', 'chgchg', 1815),
	(5698, 1, 'Dashboard Loaded', 'CarInsuranceDashboard', 'Quote Test Case Failed', 1816),
	(5699, 2, 'Email Id Set', 'EmailIdSet', 'Quote Test Case Failed', 1816),
	(5700, 3, 'Vehicle Detials Set', 'VehicleDetialsSet', 'Quote Test Case Failed', 1816),
	(5701, 4, 'Choose Plan', 'ChoosePlan', 'Quote Test Case Failed', 1816),
	(5702, 5, 'Quote Generated', 'QuotGenerated', 'Quote Test Case Failed', 1816),
	(5707, 1, 'chekcpoint1', 'pass', 'fail', 1818),
	(5708, 2, 'checkpoint2', 'pass', 'fail', 1818),
	(5719, 1, 'Dashboard', 'CarInsuranceDashboard', 'Quote Test Case Failed', 1822),
	(5720, 2, 'Email id set', 'EmailIdSet', 'Quote Test Case Failed', 1822),
	(5721, 3, 'vehicle details set', 'VehicleDetialsSet', 'Quote Test Case Failed', 1822),
	(5722, 4, 'Choose Plan', 'ChoosePlan', 'Quote Test Case Failed', 1822),
	(5723, 5, 'Quote generated', 'QuotGenerated', 'Quote Test Case Failed', 1822),
	(5758, 1, 'Create Account', 'Create Account Test Case Passed', 'Create Account Test Case Failed', 1833),
	(5759, 2, 'Contact Creation', 'Contact Creation Test Case Passed', 'Contact Creation Test Case Failed', 1833),
	(5760, 3, 'Create Opportunity', 'Create Opportunity Test Case Passed', 'Create Opportunity Test Case Failed', 1833),
	(5770, 1, 'Create Account', 'Create Account Test Case Passed', 'Create Account Test Case Failed', 1837),
	(5771, 2, 'Contact Creation', 'Contact Creation Test Case Passed', 'Contact Creation Test Case Failed', 1837),
	(5772, 3, 'Create Opportunity', 'Create Opportunity Test Case Passed', 'Create Opportunity Test Case Failed', 1837),
	(5773, 1, 'fc', 'fcfv', 'fvcf', 1838),
	(5774, 2, 'jkj', 'kl', 'njhnj', 1838),
	(5775, 1, 'Set Test Case', 'SetTestCase', 'abc', 1839),
	(5776, 2, 'ClickObject', 'ClickObject', 'agd', 1839),
	(5777, 3, 'WaitSec', 'WaitSec', 'sds', 1839),
	(5778, 4, 'ReportResult', 'ReportResult', 'asdasfasf', 1839),
	(5790, 1, 'FTACCREATE', 'created FTACCREATE', 'not created FTACCREATE', 1844),
	(5791, 3, 'FTACENQ', 'created FTACENQ', 'not created FTACENQ', 1844),
	(5792, 4, 'FTACINTERNAL', 'created FTACINTERNAL', 'not created FTACINTERNAL', 1844),
	(5793, 5, 'FTACPLCREATE', 'created FTACPLCREATE', 'not created FTACPLCREATE', 1844),
	(5833, 1, 'Region Selection', 'stateSelected', 'not stateSelected', 1858),
	(5834, 2, 'Login Status', 'LoginSuccess', 'not LoginSuccess', 1858),
	(5835, 1, 'Heating tab visibility', 'HeatingSuccess', 'Not HeatingSuccess', 1859),
	(5836, 2, 'Water heating tab visibility', 'WaterSuccess', 'Not WaterSuccess', 1859),
	(5837, 3, 'Cooling tab visibility', 'CoolingSuccess', 'Not CoolingSuccess', 1859),
	(5838, 1, 'Washing tab visibility', 'WashingSuccess', 'Not WashingSuccess', 1860),
	(5839, 2, 'Kitchen tab visibility', 'KitchenSuccess', 'Not KitchenSuccess', 1860),
	(5840, 3, 'Lighting tab visibility', 'LightingSuccess', 'Not LightingSuccess', 1860),
	(5841, 4, 'Electronics tab visibility', 'ElectronicsSuccess', 'Not ElectronicsSuccess', 1860),
	(5842, 1, 'Home profile visible', 'HomeSuccess', 'Not HomeSuccess ', 1861),
	(5843, 2, 'Occupants tab visibility', 'OccupantsSuccess', 'Not OccupantsSuccess ', 1861),
	(5855, 1, 'Application Invoked', 'AsrLogin', 'EverSource Registration Test Case Failed', 1866),
	(5856, 2, 'Email ID Confirmed', 'emailConfirmed', 'EverSource Registration Test Case Failed', 1866),
	(5857, 3, 'Registrartion Successfull', 'reistrationSuccessful', 'EverSource Registration Test Case Failed', 1866),
	(5858, 4, 'T&C Accepted', 'checkboxSelected', 'EverSource Registration Test Case Failed', 1866),
	(5859, 1, 'Application Invoked', 'AsrLogin', 'EverSource Registration Test Case Failed', 1867),
	(5860, 2, 'Email ID Confirmed', 'emailConfirmed', 'EverSource Registration Test Case Failed', 1867),
	(5861, 3, 'Registrartion Successfull', 'reistrationSuccessful', 'EverSource Registration Test Case Failed', 1867),
	(5862, 4, 'T&C Accepted', 'checkboxSelected', 'EverSource Registration Test Case Failed', 1867),
	(5863, 1, 'Region Selection', 'stateSelected', 'not stateSelected', 1868),
	(5864, 2, 'Login Status', 'LoginSuccess', 'not LoginSuccess', 1868),
	(5865, 1, 'Home profile visible', 'HomeSuccess', 'Not HomeSuccess ', 1869),
	(5866, 2, 'Occupants tab visibility', 'OccupantsSuccess', 'Not OccupantsSuccess ', 1869),
	(5867, 1, 'Heating tab visibility', 'HeatingSuccess', 'Not HeatingSuccess', 1870),
	(5868, 2, 'Water heating tab visibility', 'WaterSuccess', 'Not WaterSuccess', 1870),
	(5869, 3, 'Cooling tab visibility', 'CoolingSuccess', 'Not CoolingSuccess', 1870),
	(5870, 1, 'Application Invoked', 'AsrLogin', 'EverSource Registration Test Case Failed', 1871),
	(5871, 2, 'Email ID Confirmed', 'emailConfirmed', 'EverSource Registration Test Case Failed', 1871),
	(5872, 3, 'Registrartion Successfull', 'reistrationSuccessful', 'EverSource Registration Test Case Failed', 1871),
	(5873, 4, 'T&C Accepted', 'checkboxSelected', 'EverSource Registration Test Case Failed', 1871),
	(5874, 1, 'Application Invoked', 'AsrLogin', 'EverSource Registration Test Case Failed', 1872),
	(5875, 2, 'Email ID Confirmed', 'emailConfirmed', 'EverSource Registration Test Case Failed', 1872),
	(5876, 3, 'Registrartion Successfull', 'reistrationSuccessful', 'EverSource Registration Test Case Failed', 1872),
	(5877, 4, 'T&C Accepted', 'checkboxSelected', 'EverSource Registration Test Case Failed', 1872),
	(5878, 1, 'Application Invoked', 'AsrLogin', 'EverSource Registration Test Case Failed', 1873),
	(5879, 2, 'Email ID Confirmed', 'emailConfirmed', 'EverSource Registration Test Case Failed', 1873),
	(5880, 3, 'T&C Accepted', 'checkboxSelected', 'EverSource Registration Test Case Failed', 1873),
	(5881, 4, 'Registrartion Successfull', 'reistrationSuccessful', 'EverSource Registration Test Case Failed', 1873),
	(5882, 1, 'Washing tab visibility', 'WashingSuccess', 'Not WashingSuccess', 1874),
	(5883, 2, 'Kitchen tab visibility', 'KitchenSuccess', 'Not KitchenSuccess', 1874),
	(5884, 3, 'Lighting tab visibility', 'LightingSuccess', 'Not LightingSuccess', 1874),
	(5885, 4, 'Electronics tab visibility', 'ElectronicsSuccess', 'Not ElectronicsSuccess', 1874),
	(5903, 1, 'Home profile visible', 'HomeSuccess', 'Not HomeSuccess ', 1881),
	(5904, 2, 'Occupants tab visibility', 'OccupantsSuccess', 'Not OccupantsSuccess ', 1881),
	(5905, 1, 'Region Selection', 'stateSelected', 'not stateSelected', 1882),
	(5906, 2, 'Login Status', 'LoginSuccess', 'not LoginSuccess', 1882),
	(5907, 1, 'Heating tab visibility', 'HeatingSuccess', 'Not HeatingSuccess', 1883),
	(5908, 2, 'Water heating tab visibility', 'WaterSuccess', 'Not WaterSuccess', 1883),
	(5909, 3, 'Cooling tab visibility', 'CoolingSuccess', 'Not CoolingSuccess', 1883),
	(5910, 1, 'Washing tab visibility', 'WashingSuccess', 'Not WashingSuccess', 1884),
	(5911, 2, 'Kitchen tab visibility', 'KitchenSuccess', 'Not KitchenSuccess', 1884),
	(5912, 3, 'Lighting tab visibility', 'LightingSuccess', 'Not LightingSuccess', 1884),
	(5913, 4, 'Electronics tab visibility', 'ElectronicsSuccess', 'Not ElectronicsSuccess', 1884),
	(5914, 1, 'Application Invoked', 'AsrLogin', 'EverSource Registration Test Case Failed', 1885),
	(5915, 2, 'Email ID Confirmed', 'emailConfirmed', 'EverSource Registration Test Case Failed', 1885),
	(5916, 3, 'T&C Accepted', 'checkboxSelected', 'EverSource Registration Test Case Failed', 1885),
	(5917, 4, 'Registrartion Successfull', 'reistrationSuccessful', 'EverSource Registration Test Case Failed', 1885),
	(5943, 1, 'Login', 'loginSuccess', 'Utica Login Test Case Failed', 1893),
	(5944, 2, 'Select Policy', 'selectPolicy', 'Utica Login Test Case Failed', 1893),
	(5945, 4, 'Verify Policy', 'verifyPolicy', 'Utica Login Test Case Failed', 1893),
	(5946, 1, 'Login', 'loginSuccess', 'Utica Login Test Case Failed', 1894),
	(5947, 2, 'Select Policy', 'selectPolicy', 'Utica Login Test Case Failed', 1894),
	(5962, 1, 'Region Selection', 'stateSelected', 'not stateSelected', 1900),
	(5963, 2, 'Login Status', 'LoginSuccess', 'not LoginSuccess', 1900),
	(5964, 1, 'Application Invoked', 'AsrLogin', 'EverSource Registration Test Case Failed', 1901),
	(5965, 2, 'Email ID Confirmed', 'emailConfirmed', 'EverSource Registration Test Case Failed', 1901),
	(5966, 3, 'T&C Accepted', 'checkboxSelected', 'EverSource Registration Test Case Failed', 1901),
	(5967, 4, 'Registrartion Successfull', 'reistrationSuccessful', 'EverSource Registration Test Case Failed', 1901),
	(5968, 1, 'Heating tab visibility', 'HeatingSuccess', 'Not HeatingSuccess', 1902),
	(5969, 2, 'Water heating tab visibility', 'WaterSuccess', 'Not WaterSuccess', 1902),
	(5970, 3, 'Cooling tab visibility', 'CoolingSuccess', 'Not CoolingSuccess', 1902),
	(5979, 1, 'Application Invoked', 'pass', 'not pass', 1907),
	(5980, 2, 'Email ID Confirmed', 'pass', 'not pass', 1907),
	(5981, 3, 'T&C Accepted', 'pass', 'not pass', 1907),
	(5982, 4, 'Registration Successful', 'pass', 'not pass', 1907),
	(5983, 1, 'Application Invoked', 'pass', 'not pass', 1908),
	(5984, 2, 'Email ID Confirmed', 'pass', 'not pass', 1908),
	(5985, 3, 'T&C Accepted', 'pass', 'not pass', 1908),
	(5986, 4, 'Registration Successful', 'pass', 'not pass', 1908),
	(5987, 1, 'Application Invoked', 'pass', 'fail', 1909),
	(5988, 2, 'Email ID Confirmed', 'pass', 'fail', 1909),
	(5989, 3, 'T&C Accepted', 'pass', 'fail', 1909),
	(5990, 4, 'Registration Successful', 'pass', 'fail', 1909),
	(5991, 1, 'Application Invoked', 'pass', 'not pass', 1910),
	(5992, 2, 'Email ID Confirmed', 'pass', 'not pass', 1910),
	(5993, 3, 'T&C Accepted', 'pass', 'not pass', 1910),
	(5994, 4, 'Registration Successful', 'pass', 'not pass', 1910),
	(6039, 1, 'Select Account', 'pass', 'fail', 1927),
	(6040, 2, 'Enter Details', 'pass', 'fail', 1927),
	(6041, 3, 'Agree T&C', 'pass', 'fail', 1927),
	(6042, 1, 'Select State', 'pass', 'fail', 1928),
	(6043, 2, 'Click Continue', 'pass', 'fail', 1928),
	(6044, 1, 'HomePage Displayed', 'pass', 'fail', 1929),
	(6045, 2, 'Click on Banking Tab', 'pass', 'fail', 1929),
	(6046, 1, 'Select Account', 'pass', 'fail', 1930),
	(6047, 2, 'Enter Details', 'pass', 'fail', 1930),
	(6048, 3, 'Agree T&C', 'pass', 'fail', 1930),
	(6049, 1, 'Select State', 'pass', 'fail', 1931),
	(6050, 2, 'Click Continue', 'pass', 'fail', 1931),
	(6051, 1, 'HomePage Displayed', 'pass', 'fail', 1932),
	(6052, 2, 'Click on Banking Tab', 'pass', 'fail', 1932),
	(6074, 1, 'Homepage Visible', 'pass', 'not homeSelected', 1944),
	(6075, 2, 'Mission Page Visible', 'pass', 'not missionSelected', 1944),
	(6076, 1, 'Modelpage visible', 'pass', 'not modelSelected', 1945),
	(6077, 2, 'SustainableProduce page', 'pass', 'not sustainableSelected', 1945),
	(6094, 1, 'Load Credit card page', 'pass', 'fail', 1950),
	(6095, 2, 'Validate Credit card details', 'pass', 'fail', 1950),
	(6096, 3, 'Check Interest rate', 'pass', 'fail', 1950),
	(6097, 1, 'Load Mortgage loan page', 'pass', 'fail', 1951),
	(6098, 2, 'Get Buying Rates', 'pass', 'fail', 1951),
	(6099, 3, 'Rate and payment details', 'pass', 'fail', 1951),
	(6100, 1, 'Load Investing insights rate', 'pass', 'fail', 1952),
	(6101, 2, 'Financial Planning Tools', 'pass', 'fail', 1952),
	(6102, 3, 'Financial Education Center', 'pass', 'fail', 1952),
	(6103, 1, 'Load Home Equity page', 'pass', 'fail', 1953),
	(6104, 2, 'home equity line of credit rate', 'pass', 'fail', 1953),
	(6105, 3, 'fixed rate home equity rate', 'pass', 'fail', 1953),
	(6130, 1, 'Load Credit card page', 'pass_1', 'fail', 1962),
	(6131, 2, 'Validate Credit card details', 'pass_2', 'fail', 1962),
	(6132, 3, 'Check Interest rate', 'pass_3', 'fail', 1962),
	(6133, 1, 'Load Home Equity page', 'pass_7', 'fail', 1963),
	(6134, 2, 'home equity line of credit rate', 'pass_8', 'fail', 1963),
	(6135, 3, 'fixed rate home equity rate', 'pass_9', 'fail', 1963),
	(6136, 1, 'Load Investing insights rate', 'pass_10', 'fail', 1964),
	(6137, 2, 'Financial Planning Tools', 'pass_11', 'fail_2', 1964),
	(6138, 3, 'Financial Education Center', 'pass_12', 'fail_3', 1964),
	(6139, 1, 'Load Mortgage loan page', 'pass_4', 'fail', 1965),
	(6140, 2, 'Get Buying Rates', 'pass_5', 'fail', 1965),
	(6141, 3, 'Rate and payment details', 'pass_6', 'fail', 1965),
	(6142, 1, 'Modelpage visible', 'pass', 'not modelSelected', 1966),
	(6143, 2, 'SustainableProduce page', 'pass', 'not sustainableSelected', 1966),
	(6144, 1, 'Homepage Visible', 'pass', 'not homeSelected', 1967),
	(6145, 2, 'Mission Page Visible', 'pass', 'not missionSelected', 1967),
	(6172, 1, 'Login', 'pass_1', 'fail', 1976),
	(6173, 2, 'Account', 'pass_2', 'fail', 1976),
	(6174, 3, 'Policy Info', 'pass_3', 'fail', 1976),
	(6175, 4, 'Policy Coverage', 'pass_4', 'fail', 1976),
	(6176, 1, 'Login', 'pass_11', 'fail', 1977),
	(6177, 2, 'Policy Search', 'pass_12', 'fail', 1977),
	(6178, 3, 'Renew Policy', 'pass', 'fail', 1977),
	(6179, 1, 'Login', 'pass_5', 'fail', 1978),
	(6180, 2, 'Policy Search', 'pass_6', 'fail', 1978),
	(6181, 3, 'Issue Policy', 'pass_7', 'fail', 1978),
	(6182, 1, 'Login', 'pass_8', 'fail', 1979),
	(6183, 2, 'Search Policy', 'pass_9', 'fail', 1979),
	(6184, 3, 'Endorse Policy', 'pass_10', 'fail', 1979),
	(6198, 1, 'Login', 'pass_5', 'fail', 1984),
	(6199, 2, 'Policy Search', 'pass_6', 'fail', 1984),
	(6200, 3, 'Issue Policy', 'pass_7', 'fail', 1984),
	(6201, 1, 'Login', 'pass_11', 'fail', 1985),
	(6202, 2, 'Policy Search', 'pass_12', 'fail', 1985),
	(6203, 3, 'Renew Policy', 'pass', 'fail', 1985),
	(6204, 1, 'Login', 'pass_1', 'fail', 1986),
	(6205, 2, 'Account', 'pass_2', 'fail', 1986),
	(6206, 3, 'Policy Info', 'pass_3', 'fail', 1986),
	(6207, 4, 'Policy Coverage', 'pass_4', 'fail', 1986),
	(6208, 1, 'Login', 'pass_8', 'fail', 1987),
	(6209, 2, 'Search Policy', 'pass_9', 'fail', 1987),
	(6210, 3, 'Endorse Policy', 'pass_10', 'fail', 1987),
	(6211, 1, 'Account', 'pass_1', 'fail', 1988),
	(6212, 2, 'Login', 'pass_2', 'fail', 1988),
	(6213, 3, 'Issue Quote', 'pass_3', 'fail', 1988),
	(6214, 1, 'Login', 'pass_7', 'fail', 1989),
	(6215, 2, 'Search Policy', 'pass_8', 'fail', 1989),
	(6216, 3, 'Endorse Policy', 'pass_9', 'fail', 1989),
	(6217, 1, 'Login', 'pass_4', 'fail', 1990),
	(6218, 2, 'Policy Search', 'pass_5', 'fail', 1990),
	(6219, 3, 'Issue Policy', 'pass_6', 'fail', 1990),
	(6220, 1, 'Login', 'pass_10', 'fail', 1991),
	(6221, 2, 'Policy Search', 'pass_11', 'fail', 1991),
	(6222, 3, 'Renew Policy', 'pass_12', 'fail', 1991),
	(6223, 1, 'Load Credit card page', 'pass_1', 'fail', 1992),
	(6224, 2, 'Validate Credit card details', 'pass_2', 'fail', 1992),
	(6225, 3, 'Check Interest rate', 'pass_3', 'fail', 1992),
	(6226, 1, 'Load Home Equity page', 'pass_7', 'fail', 1993),
	(6227, 2, 'home equity line of credit rate', 'pass_8', 'fail', 1993),
	(6228, 3, 'fixed rate home equity rate', 'pass_9', 'fail', 1993),
	(6229, 1, 'Load Mortgage loan page', 'pass_4', 'fail', 1994),
	(6230, 2, 'Get Buying Rates', 'pass_5', 'fail', 1994),
	(6231, 3, 'Rate and payment details', 'pass_6', 'fail', 1994),
	(6232, 1, 'Load Investing insights rate', 'pass_10', 'fail', 1995),
	(6233, 2, 'Financial Planning Tools', 'pass_11', 'fail_2', 1995),
	(6234, 3, 'Financial Education Center', 'pass_12', 'fail_3', 1995),
	(6235, 1, 'Application Invoked', 'pass_9', 'fail', 1996),
	(6236, 2, 'Email ID Confirmed', 'pass_10', 'fail', 1996),
	(6237, 3, 'Registrartion Successfull', 'pass_11', 'fail', 1996),
	(6238, 4, 'T&C Accepted', 'pass_12', 'fail', 1996),
	(6239, 1, 'Application Invoked', 'pass_1', 'fail', 1997),
	(6240, 2, 'Email ID Confirmed', 'pass_2', 'fail', 1997),
	(6241, 3, 'Registrartion Successfull', 'pass_3', 'fail', 1997),
	(6242, 4, 'T&C Accepted', 'pass_4', 'fail', 1997),
	(6243, 1, 'Application Invoked', 'pass_5', 'fail', 1998),
	(6244, 2, 'Email ID Confirmed', 'pass_6', 'fail', 1998),
	(6245, 3, 'Registrartion Successfull', 'pass_7', 'fail', 1998),
	(6246, 4, 'T&C Accepted', 'pass_8', 'fail', 1998),
	(6247, 1, 'Application Invoked', 'pass_13', 'fail', 1999),
	(6248, 2, 'Email ID Confirmed', 'pass_14', 'fail', 1999),
	(6249, 3, 'Registrartion Successfull', 'pass_15', 'fail', 1999),
	(6250, 4, 'T&C Accepted', 'pass_16', 'fail', 1999),
	(6287, 1, 'Application Invoked', 'pass_13', 'fail', 2009),
	(6288, 2, 'Email ID Confirmed', 'pass_14', 'fail', 2009),
	(6289, 3, 'Registrartion Successfull', 'pass_15', 'fail', 2009),
	(6290, 4, 'T&C Accepted', 'pass_16', 'fail', 2009),
	(6291, 1, 'Application Invoked', 'pass_5', 'fail', 2010),
	(6292, 2, 'Email ID Confirmed', 'pass_6', 'fail', 2010),
	(6293, 3, 'Registrartion Successfull', 'pass_7', 'fail', 2010),
	(6294, 4, 'T&C Accepted', 'pass_8', 'fail', 2010),
	(6295, 1, 'Application Invoked', 'pass_9', 'fail', 2011),
	(6296, 2, 'Email ID Confirmed', 'pass_10', 'fail', 2011),
	(6297, 3, 'Registrartion Successfull', 'pass_11', 'fail', 2011),
	(6298, 4, 'T&C Accepted', 'pass_12', 'fail', 2011),
	(6299, 1, 'Application Invoked', 'pass_1', 'fail', 2012),
	(6300, 2, 'Email ID Confirmed', 'pass_2', 'fail', 2012),
	(6301, 3, 'Registrartion Successfull', 'pass_3', 'fail', 2012),
	(6302, 4, 'T&C Accepted', 'pass_4', 'fail', 2012),
	(6303, 1, 'Application Invoked', 'pass_1', 'fail', 2013),
	(6304, 2, 'Email ID Confirmed', 'pass_2', 'fail', 2013),
	(6305, 4, 'Registrartion Successfull', 'pass_4', 'fail', 2013),
	(6306, 3, 'T&C Accepted', 'pass_3', 'fail', 2013),
	(6307, 1, 'Application Invoked', 'pass_5', 'fail', 2014),
	(6308, 2, 'Email ID Confirmed', 'pass_6', 'fail', 2014),
	(6309, 4, 'Registrartion Successfull', 'pass_8', 'fail', 2014),
	(6310, 3, 'T&C Accepted', 'pass_7', 'fail', 2014),
	(6311, 1, 'Application Invoked', 'pass_9', 'fail', 2015),
	(6312, 2, 'Email ID Confirmed', 'pass_10', 'fail', 2015),
	(6313, 4, 'Registrartion Successfull', 'pass_12', 'fail', 2015),
	(6314, 3, 'T&C Accepted', 'pass_11', 'fail', 2015),
	(6315, 1, 'Application Invoked', 'pass_13', 'fail', 2016),
	(6316, 2, 'Email ID Confirmed', 'pass_14', 'fail', 2016),
	(6317, 4, 'Registrartion Successfull', 'pass_16', 'fail', 2016),
	(6318, 3, 'T&C Accepted', 'pass_15', 'fail', 2016),
	(6341, 1, 'Application Invoked', 'pass_1', 'fail', 2024),
	(6342, 2, 'Email ID Confirmed', 'pass_2', 'fail', 2024),
	(6343, 3, 'Registrartion Successfull', 'pass_3', 'fail', 2024),
	(6344, 4, 'T&C Accepted', 'pass_4', 'fail', 2024),
	(6345, 1, 'Application Invoked', 'pass_5', 'fail', 2025),
	(6346, 2, 'Email ID Confirmed', 'pass_6', 'fail', 2025),
	(6347, 3, 'Registrartion Successfull', 'pass_7', 'fail', 2025),
	(6348, 4, 'T&C Accepted', 'pass_8', 'fail', 2025),
	(6349, 1, 'Application Invoked', 'pass_13', 'fail', 2026),
	(6350, 2, 'Email ID Confirmed', 'pass_14', 'fail', 2026),
	(6351, 3, 'Registrartion Successfull', 'pass_15', 'fail', 2026),
	(6352, 4, 'T&C Accepted', 'pass_16', 'fail', 2026),
	(6353, 1, 'Application Invoked', 'pass_9', 'fail', 2027),
	(6354, 2, 'Email ID Confirmed', 'pass_10', 'fail', 2027),
	(6355, 3, 'Registrartion Successfull', 'pass_11', 'fail', 2027),
	(6356, 4, 'T&C Accepted', 'pass_12', 'fail', 2027),
	(6357, 1, 'Application Invoked', 'Executing for Application: CITI', 'dfsdfa', 2028),
	(6358, 2, 'Page Loaded', 'InvokeApp : Setting desired capabilities', 'asdfasd', 2028),
	(6359, 1, 'Validating Email', 'Execution started for keyword: SetVariableValue', 'gdfgds', 2029),
	(6360, 2, 'Request submission', 'Execution started for keyword: ReportResult', 'dsfsfsd', 2029),
	(6361, 1, 'Form Input', 'Execution started for keyword: SetVariableValue', 'failsds', 2030),
	(6362, 2, 'Form Submission', 'Execution started for keyword: SetVariableValue', 'failsds', 2030),
	(6363, 1, 'Validating resource', 'Execution started for keyword: MaximizeApp', 'fail23', 2031),
	(6364, 2, 'URL Navigation', 'Execution ended for keyword: MaximizeApp', 'faiqwklm', 2031),
	(6365, 1, 'Select policy plan and type', 'pass', 'fail', 2032),
	(6366, 2, 'Add Insured details', 'pass', 'fail', 2032),
	(6367, 3, 'Add policy duration', 'pass', 'fail', 2032),
	(6368, 4, 'Calculate premium', 'pass', 'fail', 2032),
	(6369, 1, 'Login to BaNCS', 'pass', 'fail', 2033),
	(6370, 2, 'Add policy holder details', 'pass', 'fail', 2033),
	(6371, 3, 'Select policy type and plan', 'pass', 'fail', 2033),
	(6372, 4, 'Save and verify quote', 'pass', 'fail', 2033),
	(6373, 1, 'Verify calculated premium', 'pass', 'fail', 2034),
	(6374, 2, 'Select mode of payment', 'pass', 'fail', 2034),
	(6375, 3, 'Enter collection amount', 'pass', 'fail', 2034),
	(6376, 4, 'Save and post collection', 'pass', 'fail', 2034),
	(6377, 1, 'Verify quote creation', 'pass', 'fail', 2035),
	(6378, 2, 'Verify risk added', 'pass', 'fail', 2035),
	(6379, 3, 'Verify calculated premium', 'pass', 'fail', 2035),
	(6380, 4, 'Issue policy', 'pass', 'fail', 2035),
	(6397, 1, 'Login to BaNCS', 'pass', 'fail', 2040),
	(6398, 2, 'Add policy holder details', 'pass', 'fail', 2040),
	(6399, 3, 'Select policy type and plan', 'pass', 'fail', 2040),
	(6400, 4, 'Save and verify quote', 'pass', 'fail', 2040),
	(6401, 1, 'Verify calculated premium', 'pass', 'fail', 2041),
	(6402, 2, 'Select mode of payment', 'pass', 'fail', 2041),
	(6403, 3, 'Enter collection amount', 'pass', 'fail', 2041),
	(6404, 4, 'Save and post collection', 'pass', 'fail', 2041),
	(6405, 1, 'Verify quote creation', 'pass', 'fail', 2042),
	(6406, 2, 'Verify risk added', 'pass', 'fail', 2042),
	(6407, 3, 'Verify calculated premium', 'pass', 'fail', 2042),
	(6408, 4, 'Issue policy', 'pass', 'fail', 2042),
	(6409, 1, 'Select policy plan and type', 'pass', 'fail', 2043),
	(6410, 2, 'Add Insured details', 'pass', 'fail', 2043),
	(6411, 3, 'Add policy duration', 'pass', 'fail', 2043),
	(6412, 4, 'Calculate premium', 'pass', 'fail', 2043),
	(6485, 1, 'Select policy plan and type', 'pass', 'fail', 2062),
	(6486, 2, 'Add Insured details', 'pass', 'fail', 2062),
	(6487, 3, 'Add policy duration', 'pass', 'fail', 2062),
	(6488, 4, 'Calculate premium', 'pass', 'fail', 2062),
	(6489, 1, 'Issue policy', 'fail', 'pass', 2063),
	(6490, 2, 'Verify calculated premium', 'fail', 'pass', 2063),
	(6491, 3, 'Verify quote creation', 'fail', 'pass', 2063),
	(6492, 4, 'Verify risk added', 'fail', 'pass', 2063),
	(6493, 1, 'Login to BaNCS', 'pass', 'fail', 2064),
	(6494, 2, 'Add policy holder details', 'pass', 'fail', 2064),
	(6495, 3, 'Select policy type and plan', 'pass', 'fail', 2064),
	(6496, 4, 'Save and verify quote', 'pass', 'fail', 2064),
	(6497, 1, 'Verify calculated premium', 'pass', 'fail', 2065),
	(6498, 2, 'Select mode of payment', 'pass', 'fail', 2065),
	(6499, 3, 'Enter collection amount', 'pass', 'fail', 2065),
	(6500, 4, 'Save and post collection', 'pass', 'fail', 2065),
	(6537, 1, 'Create My Plan', 'keyword: ReportResult', 'fail', 2078),
	(6538, 2, 'Home energy Solution', 'Total time taken for execution', 'fail', 2078),
	(6539, 3, 'Select Energy Saving Plan', 'FAST Execution Completed!!', 'fail', 2078),
	(6540, 1, 'Select Service Area', 'stateSelected/Success/true', 'fail', 2079),
	(6541, 2, 'Enter User Credentials', 'setvalue dataparameter:vinodhkannan', 'fail', 2079),
	(6542, 3, 'Login', 'LoginSuccess/Success/true', 'fail', 2079),
	(6543, 1, 'Check Amount', 'Execution started for keyword: ClickObject', 'fail', 2080),
	(6544, 2, 'View Bill', 'WaitSec: Called for 5 seconds.', 'fail', 2080),
	(6545, 3, 'View Units Consumed', 'KDTStep@5ef6fd7f', 'fail', 2080),
	(6552, 1, 'Open Website', 'pass_1', 'fail', 2083),
	(6553, 2, 'Assert popup', 'pass_2', 'fail', 2083),
	(6554, 3, 'verify details', 'pass_3', 'fail', 2083),
	(6555, 1, 'Get URL', 'pass_4', 'fail', 2084),
	(6556, 2, 'Get title', 'pass_5', 'fail', 2084),
	(6557, 3, 'Goto Different url', 'pass_6', 'fail', 2084),
	(6558, 1, 'Login ', 'Login successful', 'Unable to loging', 2085),
	(6559, 1, 'Create My Plan', 'keyword: ReportResult', 'fail', 2086),
	(6560, 2, 'Home energy Solution', 'Total time taken for execution', 'fail', 2086),
	(6561, 3, 'Select Energy Saving Plan', 'FAST Execution Completed!!', 'fail', 2086),
	(6562, 1, 'Select Service Area', 'stateSelected/Success/true', 'fail', 2087),
	(6563, 2, 'Enter User Credentials', 'setvalue dataparameter:vinodhkannan', 'fail', 2087),
	(6564, 3, 'Login', 'LoginSuccess/Success/true', 'fail', 2087),
	(6565, 1, 'Check Amount', 'Execution started for keyword: ClickObject', 'fail', 2088),
	(6566, 2, 'View Bill', 'WaitSec: Called for 5 seconds.', 'fail', 2088),
	(6567, 3, 'View Units Consumed', 'KDTStep@5ef6fd7f', 'fail', 2088),
	(6568, 1, '  Application Invoked', 'pass_1', 'fail', 2089),
	(6569, 2, '  Email ID Confirmed', 'pass_2', 'fail', 2089),
	(6570, 3, '  Registrartion Successfull', 'pass_3', 'fail', 2089),
	(6571, 4, '  T&C Accepted', 'pass_4', 'fail', 2089),
	(6572, 1, '  Application Invoked', 'pass_9', 'fail', 2090),
	(6573, 2, '  Email ID Confirmed', 'pass_10', 'fail', 2090),
	(6574, 3, '  Registrartion Successfull', 'pass_11', 'fail', 2090),
	(6575, 4, '  T&C Accepted', 'pass_12', 'fail', 2090),
	(6576, 1, '  Application Invoked', 'pass_13', 'fail', 2091),
	(6577, 2, '  Email ID Confirmed', 'pass_14', 'fail', 2091),
	(6578, 3, '  Registrartion Successfull', 'pass_15', 'fail', 2091),
	(6579, 4, '  T&C Accepted', 'pass_16', 'fail', 2091),
	(6580, 1, '  Application Invoked', 'pass_5', 'fail', 2092),
	(6581, 2, '  Email ID Confirmed', 'pass_6', 'fail', 2092),
	(6582, 3, '  Registrartion Successfull', 'pass_7', 'fail', 2092),
	(6583, 4, '  T&C Accepted', 'pass_8', 'fail', 2092);
/*!40000 ALTER TABLE `subjob_checkpoint_details` ENABLE KEYS */;


-- Dumping structure for table plato_db.tem_applicationdetails
CREATE TABLE IF NOT EXISTS `tem_applicationdetails` (
  `ApplicationID` int(10) NOT NULL AUTO_INCREMENT,
  `ApplicationName` varchar(100) NOT NULL,
  `ApplicationURL` varchar(100) NOT NULL,
  `PullingInterval` int(6) NOT NULL DEFAULT '10',
  `MonitoringStatus` varchar(50) DEFAULT NULL,
  `ProjectId` int(10) NOT NULL,
  PRIMARY KEY (`ApplicationID`),
  KEY `projectId_fk` (`ProjectId`),
  CONSTRAINT `projectId_fk` FOREIGN KEY (`ProjectId`) REFERENCES `project_master` (`project_id`)
) ENGINE=InnoDB AUTO_INCREMENT=126 DEFAULT CHARSET=utf8;

-- Dumping data for table plato_db.tem_applicationdetails: ~82 rows (approximately)
DELETE FROM `tem_applicationdetails`;
/*!40000 ALTER TABLE `tem_applicationdetails` DISABLE KEYS */;
INSERT INTO `tem_applicationdetails` (`ApplicationID`, `ApplicationName`, `ApplicationURL`, `PullingInterval`, `MonitoringStatus`, `ProjectId`) VALUES
	(1, 'Smartboard', 'https://172.25.15.179:8085/SmartBoard/main/login', 10, 'Stopped', 6),
	(2, 'Jira', 'http://172.25.15.109:9012/secure/Dashboard.jspa', 100, 'Running', 6),
	(3, 'Rate My Prof', 'http://www.ratemyprofessors.com', 10, 'Stopped', 26),
	(4, 'Test', 'http://192.168.40.12:79/RRService.svc?wsdl  ', 10, 'Running', 6),
	(5, 'Google', 'https://www.google.co.in/?gws_rd=ssl', 10, 'Stopped', 6),
	(6, 'Apple Support', 'http://www.applesolution.in/', 0, 'Stopped', 30),
	(8, 'Google', 'https://www.google.co.in/', 0, 'Stopped', 30),
	(9, 'LTI Facebook', 'https://lntinfotech.facebook.com/', 0, 'Stopped', 30),
	(11, 'PLATO', 'http://172.25.9.140:8080/plato', 0, 'Running', 30),
	(14, 'Duckcreek Application', 'http://172.20.30.169:8080/express/', 1, 'Running', 72),
	(15, 'PLATO Application', 'http://172.25.14.111:8080/plato/', 1, 'Running', 72),
	(16, 'SONAR URL', 'http://172.25.14.112:9005/', 1, 'Stopped', 72),
	(17, 'Jira', 'http://172.25.15.109:9012/secure/Dashboard.jspa', 0, 'Running', 28),
	(18, 'Smartboard', 'https://172.25.15.179:8085/SmartBoard/main/login', 0, 'Stopped', 28),
	(19, 'Testing application', 'http://192.168.40.12:79/RRService.svc?wsdl', 0, 'Stopped', 28),
	(20, 'Testing Platform', 'http://172.25.14.111:8080/plato', 0, 'Running', 76),
	(21, 'Mulesoft API', 'http://172.19.136.14:8081/api/policies?userId=1', 0, 'Stopped', 76),
	(22, 'GetPolicyListbyUser', 'http://172.19.136.14:83/PolicyDCTService/api/PolicyInfo/GetPolicyListbyUser/admin', 0, 'Running', 76),
	(23, 'GetPolicyDetailsByPolicyId', 'http://172.19.136.14:83/PolicyDCTService/api/PolicyInfo/GetPolicyDetailsByPolicyId/4015 ', 0, 'Running', 76),
	(24, 'Plato', 'http://172.25.14.111:8080/plato', 0, 'Running', 270),
	(27, 'SONAR', 'http://172.25.14.112:9000/', 0, 'Stopped', 270),
	(28, 'app1', 'www.plato.com', 0, 'Stopped', 274),
	(30, 'plato', 'http://172.25.14.111:8080/plato', 0, 'Running', 276),
	(36, 'PLATO Application', 'http://172.25.14.111:8080/plato/', 0, 'Running', 278),
	(37, 'SONAR', 'http://172.25.14.112:9005', 0, 'Stopped', 278),
	(38, 'PLATO', 'http://172.25.14.111:8080/plato/', 10, 'Running', 280),
	(39, 'Testright', 'http://172.25.14.111:8080/testright', 10, 'Stopped', 280),
	(40, 'PLATO', 'http://172.25.14.111:8080/plato', 10, 'Running', 282),
	(41, 'Jenkins Application', 'http://172.25.14.111:8080/jenkins', 10, 'Running', 282),
	(42, 'Plato Application', 'http://172.25.14.111:8080/plato', 1, NULL, 284),
	(43, 'ARD Application', 'http://172.20.30.212:8080', 1, NULL, 284),
	(44, 'Jenkins Application', 'http://172.25.14.111:8080/jenkins', 1, NULL, 284),
	(45, 'PLATO', 'http://172.25.14.111:8080/plato/', 0, NULL, 285),
	(48, 'jenkins', '	http://172.25.14.111:8080/jenkins', 0, NULL, 285),
	(49, 'jenkins', 'http://172.25.14.111:8080', 0, NULL, 286),
	(55, 'PLATO', 'http://172.25.14.113:8080/plato', 0, NULL, 72),
	(56, 'sel', 'D:/selenium', 0, NULL, 285),
	(58, 'plato_app', 'plato@lntinfotech.com', 0, NULL, 285),
	(59, 'cucumber_app', 'cucumber@lntinfotech.com', 0, NULL, 285),
	(61, 'Jenkins', 'https://accounts.jenkins.io/login', 0, NULL, 293),
	(62, 'unicorn_asg_demo', 'www.google.co.in', 0, NULL, 285),
	(63, 'demo', 'www.xyz.com', 0, NULL, 285),
	(64, 'selenium', 'https://www.seleniumhq.org/', 0, NULL, 293),
	(65, 'Dummy', 'dummy.com', 0, NULL, 285),
	(67, 'plato', 'http://172.25.14.111:8080/plato/', 0, NULL, 307),
	(71, 'plato', 'http://172.25.14.111:8080/plato/', 0, NULL, 307),
	(72, 'Server Application', 'http://172.25.14.111:8080/', 0, NULL, 282),
	(76, 'plato_jenkins', 'http://172.25.14.113:8080/jenkins', 0, NULL, 317),
	(77, 'Google', 'https://www.google.com', 0, NULL, 315),
	(80, 'advisory application', 'https://www.google.com', 0, NULL, 320),
	(86, 'PLATO', 'http://172.25.14.111:8080/plato/', 0, NULL, 293),
	(87, 'PLATO', 'http://172.25.14.111:8080/plato/', 0, NULL, 330),
	(88, 'Jenkins', 'http://172.25.14.111:8080/jenkins', 0, NULL, 330),
	(91, 'google', 'https://www.google.com/', 0, NULL, 331),
	(92, 'SHRUAPP', 'https://shruapp.com', 0, NULL, 322),
	(93, 'sunsilk', 'www.sunsilk.com', 0, NULL, 293),
	(95, 'QA_Unicorn', 'www.unicornWM.com', 0, NULL, 293),
	(96, 'google', 'https://www.google.com', 0, NULL, 337),
	(97, 'google', 'https://google.com', 0, NULL, 337),
	(98, 'selenium', 'D:\\selenium.jar', 0, NULL, 293),
	(100, 'selenium_R', 'D:\\selenium.jar', 0, NULL, 293),
	(101, 'login_gmail', 'www.gmail.com', 0, NULL, 293),
	(102, 'Actitime', 'https://www.actitime.com/', 0, NULL, 293),
	(103, 'GMAIL_LOGIN', 'www.gmail.com', 0, NULL, 293),
	(104, 'PLATO', 'http://localhost:8083/plato', 0, NULL, 356),
	(105, 'PLATO', 'http://172.25.14.113:8080/plato', 1, NULL, 357),
	(106, 'TestRight', 'http://172.25.14.111:8080/testright', 1, NULL, 357),
	(107, 'Jenkins', 'http://172.25.14.113:8080/jenkins', 1, NULL, 357),
	(108, 'ConnectedCar', 'http://172.25.14.111:8080/', 10, NULL, 358),
	(109, 'Testright', 'http://172.25.14.111:8080/testright', 10, NULL, 358),
	(110, 'Jenkins', 'http://172.25.14.111:8080/jenkins', 10, NULL, 358),
	(115, 'Jenkins', 'http://172.25.14.111:8080/jenkins', 10, NULL, 280),
	(116, '=Equate=', 'http://172.25.14.111:8080/', 10, NULL, 280),
	(117, 'CITI Bank', 'http://www.online.citibank.co.in/', 10, NULL, 361),
	(118, 'Plato', 'http://172.25.14.111:8080/plato', 10, NULL, 361),
	(119, 'Testright', 'http://172.25.14.111:8080/testright', 10, NULL, 361),
	(120, 'Plato', 'http://172.25.14.111:8080/plato', 10, NULL, 279),
	(121, 'Jenkins', 'http://172.25.14.111:8080/jenkins', 10, NULL, 279),
	(122, 'BaNCS', 'http://10.5.25.217:7100/IIMS', 10, NULL, 279),
	(123, 'Plato 111', 'http://172.25.14.111:8080/plato', 10, NULL, 362),
	(124, 'Plato 113', 'http://172.25.14.113:8080/plato', 10, NULL, 362),
	(125, 'Testright', 'http://172.25.14.111:8080/testright', 10, NULL, 362);
/*!40000 ALTER TABLE `tem_applicationdetails` ENABLE KEYS */;


-- Dumping structure for table plato_db.tem_application_response
CREATE TABLE IF NOT EXISTS `tem_application_response` (
  `Id` int(10) NOT NULL AUTO_INCREMENT,
  `Time` datetime NOT NULL,
  `ApplicationId` int(11) NOT NULL,
  `Response` int(11) NOT NULL,
  `ResponseTime` decimal(11,5) NOT NULL,
  `Memory` int(11) NOT NULL,
  `CPU` bigint(10) NOT NULL,
  PRIMARY KEY (`Id`),
  KEY `FK__tem_applicationdetails` (`ApplicationId`),
  CONSTRAINT `FK__tem_applicationdetails` FOREIGN KEY (`ApplicationId`) REFERENCES `tem_applicationdetails` (`ApplicationID`) ON DELETE CASCADE ON UPDATE CASCADE
) ENGINE=InnoDB DEFAULT CHARSET=utf8;

-- Dumping data for table plato_db.tem_application_response: ~0 rows (approximately)
DELETE FROM `tem_application_response`;
/*!40000 ALTER TABLE `tem_application_response` DISABLE KEYS */;
/*!40000 ALTER TABLE `tem_application_response` ENABLE KEYS */;


-- Dumping structure for table plato_db.tem_database_details
CREATE TABLE IF NOT EXISTS `tem_database_details` (
  `DatabaseId` int(10) NOT NULL AUTO_INCREMENT,
  `DatabaseName` varchar(50) DEFAULT NULL,
  `DatabaseUrl` varchar(50) DEFAULT NULL,
  `DatabasePort` int(10) DEFAULT NULL,
  `Username` varchar(50) DEFAULT NULL,
  `Password` varchar(50) DEFAULT NULL,
  `PullingInterval` int(11) NOT NULL DEFAULT '10',
  `MonitoringStatus` varchar(50) DEFAULT NULL,
  `DatabaseDriver` varchar(50) DEFAULT NULL,
  `ProjectId` int(10) NOT NULL,
  PRIMARY KEY (`DatabaseId`),
  KEY `projectid_fk1` (`ProjectId`),
  CONSTRAINT `projectid_fk1` FOREIGN KEY (`ProjectId`) REFERENCES `project_master` (`project_id`)
) ENGINE=InnoDB AUTO_INCREMENT=49 DEFAULT CHARSET=utf8;

-- Dumping data for table plato_db.tem_database_details: ~36 rows (approximately)
DELETE FROM `tem_database_details`;
/*!40000 ALTER TABLE `tem_database_details` DISABLE KEYS */;
INSERT INTO `tem_database_details` (`DatabaseId`, `DatabaseName`, `DatabaseUrl`, `DatabasePort`, `Username`, `Password`, `PullingInterval`, `MonitoringStatus`, `DatabaseDriver`, `ProjectId`) VALUES
	(1, 'plato_db', 'jdbc:mysql://172.25.9.140:3306', 3306, 'root', 'root', 60, 'stopped', 'com.mysql.jdbc.Driver', 6),
	(2, 'MY SQL', 'jdbc:mysql://172.25.9.140:3306', 3306, 'root', 'root', 10, 'Running', 'com.mysql.jdbc.Driver', 30),
	(11, ' SQL Server', 'jdbc:sqlserver://172.25.15.109:1433', 1433, 'TCoE', 'Admin123', 10, 'Running', 'com.microsoft.sqlserver.jdbc.SQLServerDriver', 72),
	(12, 'Application Database', 'jdbc:sqlserver://172.25.15.109:1433', 1433, 'TCoE', 'Admin123', 10, 'Running', 'com.microsoft.sqlserver.jdbc.SQLServerDriver', 72),
	(13, 'Service DB', 'jdbc:mysql://172.25.14.112:3306', 3306, 'root', 'root', 10, 'Running', 'com.mysql.jdbc.Driver', 72),
	(14, 'App DB', 'jdbc:mysql://172.25.14.112:3306', 3306, 'root', 'root', 10, 'Running', 'com.mysql.jdbc.Driver', 28),
	(15, ' SQL Server', 'jdbc:sqlserver://172.25.15.109:1433', 3306, 'TCoE', 'Admin123', 10, 'Running', 'com.microsoft.sqlserver.jdbc.SQLServerDriver', 28),
	(16, 'Testing Platform Database', 'jdbc:mysql://172.25.14.112:3306', 3306, 'root', 'root', 0, 'Running', 'com.mysql.jdbc.Driver', 76),
	(17, ' SQL Server', 'jdbc:sqlserver://172.25.15.109:1433', 1433, 'TCoE', 'Admin123', 0, 'Running', 'com.microsoft.sqlserver.jdbc.SQLServerDriver', 270),
	(18, 'Testing Platform Database', 'jdbc:mysql://172.25.14.112:3306', 3306, 'root', 'root', 0, 'Running', 'com.mysql.jdbc.Driver', 270),
	(19, 'plato database', 'dfsdf', 5562, 'gfd', 'fdgd', 0, 'stopped', 'fd', 274),
	(20, ' Service DB', 'jdbc:mysql://172.25.14.112:3306	', 3306, 'root', 'root', 0, 'Running', 'com.mysql.jdbc.Driver', 276),
	(21, 'SQL Server', 'jdbc:sqlserver://172.25.15.109:1433', 1433, 'TCoE', 'Admin123', 0, 'Running', 'com.microsoft.sqlserver.jdbc.SQLServerDriver', 278),
	(22, 'mysql', 'jdbc:mysql://172.25.14.112:8070', 8070, 'navya', 'navya1233', 0, 'stopped', 'com.mysql.jdbc.Driver', 285),
	(23, 'Mongo DB', 'jdbc:mysql://172.25.14.113:8085', 8085, 'xyz', 'abc', 0, 'stopped', 'com.mysql.jdbc.Driver', 293),
	(24, 'advisory database', 'jdbc:mysql://12.13.15.16.7890:8080', 8080, 'bhagyashree', 'newuser@123', 0, 'stopped', 'com.mysql.jdbc.Driver', 320),
	(26, 'mySQL', 'jdbc:mysql://10.12.372.111:8080', 8080, 'Bina', 'Been@@l0', 0, 'stopped', 'com.mysql.jdbc.Driver', 337),
	(27, 'MySQL', 'jdbc:mysql://172.25.14.113:80', 80, 'User1', 'Password1', 0, 'stopped', 'com.mysql.jdbc.Driver', 293),
	(28, 'MySQL', 'jdbc:mysql://172.25.14.112:3306', 3306, 'root', 'root', 0, 'Running', 'com.mysql.jdbc.Driver', 356),
	(29, 'MongoDB', 'jdbc:mysql://172.25.14.112:27011', 27011, 'root', 'root', 0, NULL, 'com.mysql.jdbc.Driver', 356),
	(30, 'Plato', 'jdbc:mysql://172.25.14.113:3306', 3306, 'root', 'root', 0, 'Running', 'com.mysql.jdbc.Driver', 357),
	(31, 'Automation Testing', 'jdbc:mysql://172.25.14.112:3306', 3306, 'root', 'root', 0, 'Running', 'com.mysql.jdbc.Driver', 357),
	(32, 'Plato', 'jdbc:mysql://172.25.14.113:3306', 3306, 'root', 'root', 0, NULL, 'com.mysql.jdbc.Driver', 280),
	(33, 'Automation Testing', 'jdbc:mysql://172.25.14.112:3306', 3306, 'root', 'root', 0, NULL, 'com.mysql.jdbc.Driver', 280),
	(34, 'Testright', 'jdbc:mysql://172.20.30.212:3306', 3306, 'root', '%Newuser123%', 0, NULL, 'com.mysql.jdbc.Driver', 280),
	(35, 'Plato', 'jdbc:mysql://172.25.14.113:3306', 3306, 'root', 'root', 0, NULL, 'com.mysql.jdbc.Driver', 361),
	(36, 'Testright', 'jdbc:mysql://172.20.30.212:3306', 3306, 'root', '%Newuser123%', 0, NULL, 'com.mysql.jdbc.Driver', 361),
	(37, 'Automation Testing', 'jdbc:mysql://172.25.14.112:3306', 3306, 'root', 'root', 0, NULL, 'com.mysql.jdbc.Driver', 361),
	(38, 'Plato DB', 'jdbc:mysql://172.25.14.113:3306', 3306, 'root', 'root', 0, NULL, 'com.mysql.jdbc.Driver', 279),
	(39, 'Glassbox DB', 'jdbc:mysql://172.20.30.212:3306', 3306, 'root', '%Newuser123%', 0, NULL, 'com.mysql.jdbc.Driver', 279),
	(40, 'Testright DB', 'jdbc:mysql://172.25.14.112:3306', 3306, 'root', 'root', 0, NULL, 'com.mysql.jdbc.Driver', 279),
	(41, 'Plato', 'jdbc:mysql://172.25.14.113:3306', 3306, 'root', 'root', 0, NULL, 'com.mysql.jdbc.Driver', 362),
	(42, 'Plato Sub', 'jdbc:mysql://172.25.14.112:3306', 3306, 'root', 'root', 0, NULL, 'com.mysql.jdbc.Driver', 362),
	(43, 'Glassbox', 'jdbc:mysql://172.20.89.26:3306', 3306, 'root', '%Newuser123%', 0, NULL, 'com.mysql.jdbc.Driver', 362),
	(44, 'Application DB', 'jdbc:mysql://172.25.14.113:3306', 3306, 'root', 'root', 0, NULL, 'com.mysql.jdbc.Driver', 358),
	(45, 'Testright DB', 'jdbc:mysql://172.25.14.112:3306', 3306, 'root', 'root', 0, NULL, 'com.mysql.jdbc.Driver', 358);
/*!40000 ALTER TABLE `tem_database_details` ENABLE KEYS */;


-- Dumping structure for table plato_db.tem_database_response
CREATE TABLE IF NOT EXISTS `tem_database_response` (
  `database_response_id` int(10) NOT NULL AUTO_INCREMENT,
  `timestamp` datetime DEFAULT NULL,
  `database_id` int(10) DEFAULT NULL,
  `response` int(10) DEFAULT NULL,
  PRIMARY KEY (`database_response_id`),
  KEY `database_id` (`database_id`),
  CONSTRAINT `databaseId_Fk` FOREIGN KEY (`database_id`) REFERENCES `tem_database_details` (`DatabaseId`) ON DELETE CASCADE ON UPDATE CASCADE
) ENGINE=InnoDB DEFAULT CHARSET=utf8;

-- Dumping data for table plato_db.tem_database_response: ~0 rows (approximately)
DELETE FROM `tem_database_response`;
/*!40000 ALTER TABLE `tem_database_response` DISABLE KEYS */;
/*!40000 ALTER TABLE `tem_database_response` ENABLE KEYS */;


-- Dumping structure for table plato_db.tem_scheduling_details
CREATE TABLE IF NOT EXISTS `tem_scheduling_details` (
  `Sr.No` int(11) NOT NULL AUTO_INCREMENT,
  `StartTime` datetime NOT NULL,
  `EndTime` datetime DEFAULT NULL,
  `Status` varchar(50) NOT NULL,
  PRIMARY KEY (`Sr.No`)
) ENGINE=InnoDB DEFAULT CHARSET=utf8;

-- Dumping data for table plato_db.tem_scheduling_details: ~0 rows (approximately)
DELETE FROM `tem_scheduling_details`;
/*!40000 ALTER TABLE `tem_scheduling_details` DISABLE KEYS */;
/*!40000 ALTER TABLE `tem_scheduling_details` ENABLE KEYS */;


-- Dumping structure for table plato_db.tem_serverdetails
CREATE TABLE IF NOT EXISTS `tem_serverdetails` (
  `ServerID` int(10) NOT NULL AUTO_INCREMENT,
  `ServerName` varchar(100) NOT NULL,
  `ServerURL` varchar(100) NOT NULL,
  `PullingInterval` int(6) NOT NULL DEFAULT '10',
  `MonitoringStatus` varchar(50) DEFAULT NULL,
  `ProjectId` int(10) NOT NULL,
  PRIMARY KEY (`ServerID`),
  KEY `Projectid_fk2` (`ProjectId`),
  CONSTRAINT `Projectid_fk2` FOREIGN KEY (`ProjectId`) REFERENCES `project_master` (`project_id`)
) ENGINE=InnoDB AUTO_INCREMENT=63 DEFAULT CHARSET=utf8;

-- Dumping data for table plato_db.tem_serverdetails: ~57 rows (approximately)
DELETE FROM `tem_serverdetails`;
/*!40000 ALTER TABLE `tem_serverdetails` DISABLE KEYS */;
INSERT INTO `tem_serverdetails` (`ServerID`, `ServerName`, `ServerURL`, `PullingInterval`, `MonitoringStatus`, `ProjectId`) VALUES
	(1, 'smartboard_server', '172.25.15.179', 10, 'Running', 6),
	(2, 'jira_server', '172.25.15.109', 10, 'Running', 6),
	(3, '77 server', '172.25.32.77', 10, 'Running', 6),
	(5, 'Cloud machine', '172.25.14.111', 0, 'Running', 6),
	(6, 'PUNINVMMIG292 Linux', 'https://172.20.30.211', 10, 'Running', 6),
	(7, 'Smoke Test Server', '172.25.9.140', 0, 'Running', 30),
	(9, 'Test Server', '172.25.14.112', 0, 'Running', 30),
	(10, 'Smoke Test server', '172.25.9.140', 0, 'Running', 28),
	(11, 'Test server', '172.25.14.112', 0, 'Running', 28),
	(12, 'Automation Testing Server', 'http://172.25.14.112:8080', 1, 'Running', 72),
	(13, 'Data Testing Server', 'http://172.21.106.223:8080', 1, 'Running', 72),
	(14, 'Cloud machine', 'http://172.25.14.113:8080', 1, 'Running', 72),
	(15, 'LTIAZDIGIUT', '172.19.136.14', 0, 'Running', 76),
	(16, 'Testing Database Server', '172.25.14.112', 0, 'Running', 76),
	(17, 'Automation Testing Server', '172.25.14.112', 0, 'Running', 270),
	(18, 'Plato server', '172.25.14.111', 0, 'Running', 274),
	(19, ' Automation Testing Server', '172.25.14.112', 0, 'Running', 276),
	(20, 'Automation Testing Server', '172.25.14.112', 0, 'Running', 278),
	(21, 'Data Testing Server', '172.25.14.111', 0, 'Running', 278),
	(22, 'Web Server', '172.25.14.111', 10, 'Running', 280),
	(23, 'Application Server', '172.25.14.112', 10, 'Running', 280),
	(24, 'Automation Testing Server', 'http://172.25.14.111:8080', 1, NULL, 284),
	(25, 'ARD Testing Server', 'http://172.20.30.212:8080', 1, NULL, 284),
	(26, 'Performance Testing Server', 'http://172.20.30.212:8080', 1, NULL, 284),
	(27, 'aaa', 'http://172.25.14.111:8080', 0, NULL, 285),
	(28, 'Google', 'www.google.com', 0, NULL, 285),
	(29, 'plato_server', 'plato.server@xyz', 0, NULL, 285),
	(31, 'demo server', 'www.google.co.in', 0, NULL, 285),
	(33, 'Automation Testing Server', ' http://172.25.14.111:8080', 0, NULL, 293),
	(34, 'Test Server', '172.25.14.111', 0, NULL, 282),
	(35, 'Production Server', '172.25.14.113', 0, NULL, 282),
	(36, 'Remote Server', '172.21.106.223', 0, NULL, 282),
	(37, 'Dev', 'dev', 0, NULL, 315),
	(38, 'advisory server', 'https://123.45.56.89/login', 0, NULL, 320),
	(39, 'Automation Testing Server', 'http://172.25.14.111:8080', 0, NULL, 330),
	(40, 'youtube', 'https://www.youtube.com/', 0, NULL, 331),
	(41, 'SHRUSERVER', 'https://shruserver.com', 0, NULL, 322),
	(42, '10.12.372.111', 'https://www.server.com', 0, NULL, 337),
	(43, 'Tomcat_Server_R', 'http://172.25.14.111:8080', 0, NULL, 293),
	(44, 'PlatoServer', 'http://172.25.14.111:8080', 0, NULL, 293),
	(45, 'PLATO-Server', 'http://localhost:8083/plato.basicservice/', 0, NULL, 356),
	(46, 'PLATO-Server', '172.25.14.113', 1, NULL, 357),
	(47, 'Production-Server', '172.25.14.112', 1, NULL, 357),
	(48, 'Testing-Server', '172.25.14.111', 1, NULL, 357),
	(49, 'Application-Server', '172.25.14.111', 10, NULL, 358),
	(50, 'Testright-Server', '172.25.14.111', 10, NULL, 358),
	(51, 'Test-Server', '172.25.14.112', 10, NULL, 358),
	(53, 'Database Server', '172.25.14.113', 10, NULL, 280),
	(54, 'Application Server', '172.25.14.111', 10, NULL, 361),
	(55, 'Plato Server', '172.25.14.112', 10, NULL, 361),
	(56, 'Testing Server', '172.25.14.113', 10, NULL, 361),
	(57, 'Application Server', '172.25.14.111', 10, NULL, 279),
	(58, 'Plato Server', '172.25.14.112', 10, NULL, 279),
	(59, 'Testing Server', '172.25.14.113', 10, NULL, 279),
	(60, 'Machine 111', '172.25.14.111', 10, NULL, 362),
	(61, 'Machine 112', '172.25.14.112', 10, NULL, 362),
	(62, 'Machine 113', '172.25.14.113', 10, NULL, 362);
/*!40000 ALTER TABLE `tem_serverdetails` ENABLE KEYS */;


-- Dumping structure for table plato_db.tem_server_app_mapping
CREATE TABLE IF NOT EXISTS `tem_server_app_mapping` (
  `ID` int(10) NOT NULL,
  `ServerID` int(10) NOT NULL,
  `ApplicationID` int(10) NOT NULL,
  PRIMARY KEY (`ID`),
  KEY `FK_tem_server_app_mapping_tem_serverdetails` (`ServerID`),
  KEY `FK_tem_server_app_mapping_tem_applicationdetails` (`ApplicationID`),
  CONSTRAINT `FK_tem_server_app_mapping_tem_applicationdetails` FOREIGN KEY (`ApplicationID`) REFERENCES `tem_applicationdetails` (`ApplicationID`) ON DELETE CASCADE ON UPDATE CASCADE,
  CONSTRAINT `FK_tem_server_app_mapping_tem_serverdetails` FOREIGN KEY (`ServerID`) REFERENCES `tem_serverdetails` (`ServerID`) ON DELETE CASCADE ON UPDATE CASCADE
) ENGINE=InnoDB DEFAULT CHARSET=utf8;

-- Dumping data for table plato_db.tem_server_app_mapping: ~2 rows (approximately)
DELETE FROM `tem_server_app_mapping`;
/*!40000 ALTER TABLE `tem_server_app_mapping` DISABLE KEYS */;
INSERT INTO `tem_server_app_mapping` (`ID`, `ServerID`, `ApplicationID`) VALUES
	(1, 1, 1),
	(2, 2, 2);
/*!40000 ALTER TABLE `tem_server_app_mapping` ENABLE KEYS */;


-- Dumping structure for table plato_db.tem_server_response
CREATE TABLE IF NOT EXISTS `tem_server_response` (
  `Id` int(10) NOT NULL AUTO_INCREMENT,
  `Time` datetime NOT NULL,
  `ServerID` int(11) NOT NULL,
  `Response` int(11) NOT NULL,
  PRIMARY KEY (`Id`),
  KEY `FK__tem_serverdetails` (`ServerID`),
  CONSTRAINT `FK__tem_serverdetails` FOREIGN KEY (`ServerID`) REFERENCES `tem_serverdetails` (`ServerID`)
) ENGINE=InnoDB DEFAULT CHARSET=utf8;

-- Dumping data for table plato_db.tem_server_response: ~0 rows (approximately)
DELETE FROM `tem_server_response`;
/*!40000 ALTER TABLE `tem_server_response` DISABLE KEYS */;
/*!40000 ALTER TABLE `tem_server_response` ENABLE KEYS */;


-- Dumping structure for table plato_db.tool_category_master
CREATE TABLE IF NOT EXISTS `tool_category_master` (
  `category_id` int(10) NOT NULL AUTO_INCREMENT,
  `category_name` varchar(100) DEFAULT NULL,
  PRIMARY KEY (`category_id`),
  UNIQUE KEY `category_name_unique_index` (`category_name`)
) ENGINE=InnoDB AUTO_INCREMENT=7 DEFAULT CHARSET=utf8 COMMENT='Project having categories of all tools';

-- Dumping data for table plato_db.tool_category_master: ~6 rows (approximately)
DELETE FROM `tool_category_master`;
/*!40000 ALTER TABLE `tool_category_master` DISABLE KEYS */;
INSERT INTO `tool_category_master` (`category_id`, `category_name`) VALUES
	(2, 'Automation Stack'),
	(1, 'Build Configuration'),
	(3, 'Data Assurance Stack'),
	(6, 'Notification'),
	(4, 'Performance Stack'),
	(5, 'Security Stack');
/*!40000 ALTER TABLE `tool_category_master` ENABLE KEYS */;


-- Dumping structure for table plato_db.tool_master
CREATE TABLE IF NOT EXISTS `tool_master` (
  `tool_id` int(10) NOT NULL AUTO_INCREMENT,
  `tool_name` varchar(100) DEFAULT NULL,
  `tool_logo` varchar(100) DEFAULT NULL,
  `command_to_execute` varchar(500) DEFAULT NULL,
  `report_path` varchar(200) DEFAULT NULL,
  `node_name` varchar(100) NOT NULL,
  `category_id` int(10) NOT NULL,
  PRIMARY KEY (`tool_id`),
  UNIQUE KEY `tool_master_unique_index` (`tool_name`),
  KEY `category_id_fk` (`category_id`),
  KEY `node_name_fk` (`node_name`),
  CONSTRAINT `category_id_fk` FOREIGN KEY (`category_id`) REFERENCES `tool_category_master` (`category_id`),
  CONSTRAINT `node_name_fk` FOREIGN KEY (`node_name`) REFERENCES `node_master` (`node_name`) ON UPDATE CASCADE
) ENGINE=InnoDB AUTO_INCREMENT=127 DEFAULT CHARSET=utf8 COMMENT='default information of tools available in plato';

-- Dumping data for table plato_db.tool_master: ~32 rows (approximately)
DELETE FROM `tool_master`;
/*!40000 ALTER TABLE `tool_master` DISABLE KEYS */;
INSERT INTO `tool_master` (`tool_id`, `tool_name`, `tool_logo`, `command_to_execute`, `report_path`, `node_name`, `category_id`) VALUES
	(1, 'FAST', 'loo', 'd:\ncd D:\\Automation\\FAST\\00baseline\\Libraries\njava -jar FAST-Java.jar D:\\Automation\\FAST\\00baseline\\ControlFile\\ControlFile_RSA.xls\npause\nexit', 'D:\\Automation\\FAST\\00baseline\\ExecutionReports\\MostRecent', 'master', 2),
	(7, 'JMETER', 'lo', 'cd D:\\Performance\\Jmeter\\apache-jmeter-2.13\\bin\r\njmeter -n -t D:\\Performance\\Jmeter\\WODH_Prasana.jmx -l D:\\Performance\\Jmeter\\scriptresults.csv\r\npause ', 'D:\\Performance\\Jmeter', 'master', 4),
	(8, 'Selenium', 'lolo', 'D:/Selenium', 'D:/Selenium_Reports', 'master', 2),
	(11, 'DIAT', 'DIAT', 'java -Xmx1024m -Xss20m -jar DIAT.jar "D:\\DIAT\\Carrier_Property_Data_US_10_1_0_0.xml" "D:\\DIAT\\Carrier_Property_Data_US_10_2_0_0.xml" "D:\\DIAT\\Regression Mapping V1.0.xlsx"', 'D:\\Software\\DIAT\\RecentReport', 'master', 3),
	(12, 'UIPATH', 'ui_path', 'path.txt', 'd:/Uipath', 'master', 2),
	(17, 'DTF', 'dtflogo', 'D:\r\ncd D:\\DTF_Workspace\\Project\r\nRD /S /Q report\r\nMD report\r\nD:\r\ncd D:\\DTF\r\njava -Xmx1024m -Xss20m -jar DTF.jar "-relExecution" "D:\\DTF_Workspace" "Project" "Release"', 'D:\\DTF_Workspace\\Project\\report', 'master', 3),
	(18, 'PDF', 'pdflogo', 'pdfdiff.txt', 'd:/pdfdiff_report', 'master', 3),
	(19, 'OWASP ZAP', NULL, 'D:\r\ncd D:\\ZAP_WEEKLY_D-2018-02-12\\ZAP_D-2018-02-12\r\nzap.bat -quickurl %url% -quickout C:\\Users\\PTLab\\.jenkins\\workspace\\BlackBoxTest\\reports\\ZAP-Report-%BUILD_ID%.xml -cmd', 'eee', 'master', 5),
	(20, 'IBM APP SCAN', NULL, 'C:\ncd "C:\\Program Files\\IBM\\AppScan Standard"\nappscancmd EXEC  /starting_url http://demo.testfire.net /report_type Html /report_file D:\\appscan_test_report\\appscan_report /min_severity Informational /test_type All /rt CliDefault /eo', 'D:\\Appscan', 'master', 5),
	(21, 'BUILD', 'loo', 'sonar,junit,maven,svn', 'ddd', 'master', 1),
	(24, 'x_check', NULL, 'java -jar D:/FAST/Libraries/FAST-Java.jar', 'D:\\Automation\\FAST\\00baseline\\ExecutionReports', 'fast_112_node', 2),
	(25, 'BrowserStack', NULL, 'cmd', 'cmd', 'master', 2),
	(26, 'UFT', NULL, 'c:', 'c:/', 'master', 2),
	(29, 'XML_SYNC', NULL, 'D:\ncd D:\\xmlsetup\nXML_Sync.bat\npause\nexit 0', 'D:\\xmlsetup\\Report', 'master', 3),
	(34, 'WebService', NULL, 'exit 0 ', 'D:\\report,result,', 'master', 2),
	(40, 'POLO', NULL, 'http://172.25.14.111:8080/plato', 'gotourl', 'master', 3),
	(42, 'ETDM', NULL, 'exit 0', 'reportPath', 'master', 3),
	(43, 'HP QTP', NULL, 'pause\nexit 0\n', 'D:\\PLATO_COMPLETE\\AllReports\\QTP', 'master', 2),
	(44, 'BURP', NULL, 'exit 0', 'D:\\PLATO_COMPLETE\\AllReports\\BURP', 'master', 5),
	(45, 'PERFORMANCE_CENTER', NULL, 'exit 0', 'D:\\PLATO_COMPLETE\\AllReports\\Performance_Center', 'master', 4),
	(49, 'loadrunner', NULL, 'abd', 'D://loadrunner', 'master', 4),
	(90, 'Rest Assured', NULL, 'Client_View', 'D/User', 'master', 2),
	(97, 'Gradle', NULL, 'C:\\gd map', 'D:\\reports', 'master', 1),
	(103, 'Ladybug', NULL, 'cd c:\\', 'c:\\', 'master', 6),
	(106, 'TestRight', NULL, 'exot 0', 'c://testright/report', 'master', 1),
	(109, 'LOG Analyzer', NULL, 'exit 0', 'D:\\Framework', 'master', 4),
	(110, 'Appium', NULL, 'exit 0', 'D:\\AllReports\\', 'master', 2),
	(111, 'CUCUMBER', NULL, 'exit 0', 'D:\\PLATO_COMPLETE\\AllReports\\Broadridge', 'master', 2),
	(122, 'Openscript', NULL, 'exit 0', 'C:\\openscript', 'master', 2),
	(123, 'Solution Manager', NULL, 'cmd', 'c:/', 'master', 2),
	(125, 'TOSCA', NULL, 'cmd', 'report path', 'master', 2),
	(126, 'Worksoft Certify', NULL, 'cmd', 'report', 'master', 2);
/*!40000 ALTER TABLE `tool_master` ENABLE KEYS */;


-- Dumping structure for table plato_db.user_master
CREATE TABLE IF NOT EXISTS `user_master` (
  `user_id` varchar(200) NOT NULL COMMENT 'email id of user',
  `name` varchar(100) NOT NULL COMMENT 'name of user',
  `password` varchar(50) NOT NULL,
  PRIMARY KEY (`user_id`)
) ENGINE=InnoDB DEFAULT CHARSET=utf8 COMMENT='stores user information';

-- Dumping data for table plato_db.user_master: ~78 rows (approximately)
DELETE FROM `user_master`;
/*!40000 ALTER TABLE `user_master` DISABLE KEYS */;
INSERT INTO `user_master` (`user_id`, `name`, `password`) VALUES
	('10616887_K@gmail.com', '10616887', 'Welcome1'),
	('aarya.karambelkar@lntinfotech.com', 'Aarya', 'aarya'),
	('aarya.karambelkbfar@lntinfotech.com', 'Aaryabv', 'aarya'),
	('alankrita.0607@gmail.com', 'alankrita', 'aarya'),
	('Amrita.Priti@lntinfotech.com', 'Amrita Priti', 'Welcome@123'),
	('Ankur.Nagaich@lntinfotech.com', 'ankur', '12345'),
	('Archana.Nayak@lntinfotech.com', 'Archana Nayak', 'NewExp123'),
	('Bhabatosh.Moharana@lntinfotech.com', 'Bhabatosh Moharana', 'Welcome@123'),
	('Bhagyashree.Swain@lntinfotech.com', 'Bhagyashree Swain', 'Newuser@123'),
	('Bimalendu.Lenka@lntinfotech.com', 'Bimalendu Lenka', 'Welcome@123'),
	('bina.khatnani@lntinfotech.com', 'Bina', 'Been@@l0'),
	('Chandrakala.Kummari@lntinfotech.com', 'Chandrakala K', 'Welcome@123'),
	('checkuser000@mail.com', 'check_sample', 'check_sample'),
	('Chinmaya.jena@lntinfotech.com', 'Chinmaya', 'welcome@123'),
	('Divakara.SC@lntinfotech.com', 'Divakara SC', 'Welcome@123'),
	('g', 'h', 'j'),
	('govindram@lntinfotech.com', 'Ram', 'govind'),
	('Guggilam.NarendraBabu@lntinfotech.com', 'Guggilam Narendra Babu', 'Welcome@123'),
	('harsh', 'harshs', 'harsh'),
	('harsh.mathur@lntinfotech.com', 'Harsh', 'Harsh'),
	('Het.Veera@lntinfotech.com', 'Het Veera', 'Welcome@123'),
	('jay', 'jay', 'jay'),
	('KALATTURU.UDAY@lntinfotech.com', 'KALATTURU UDAY', 'Welcome@123'),
	('Kavyashree.S@lntinfotech.com', 'Kavyashree S', 'Welcome@123'),
	('m@g', 'm', 'g'),
	('m@gmail.com', 'm', 'Darl@849'),
	('Manjunath.Rabagal@lntinfotech.com', 'Manjunath Rabagal', 'Welcome@123'),
	('mohammad.sohail@lntinfotech.com', 'Sohail', 'welcome'),
	('mounika.peddireddy@lntinfotech.com', 'Mounika', 'Darl@849'),
	('mounika4533@gmail.com', 'Mounika', 'Sem@123'),
	('Mukesh.Goswami@lntinfotech.com ', 'BAGIC_Mukesh', 'Newuser@123'),
	('naren@gmail.com', 'Naren', '567'),
	('navneet.kumar2@lntinfotech.com', 'Navneet Kumar', 'test'),
	('navya.jain@lntinfotech.com', 'navya jain', 'navya1234'),
	('nidhi.kashyap@lntinfotech.com', 'Nidhi Kashyap', 'Welcome@123'),
	('nidhi@gmail.com', 'Nidhi K', 'nidhi123'),
	('NIMIT.PATEL@lntinfotech.com', 'NIMIT PATEL', 'Welcome@123'),
	('pavan.b@lntinfotech.com', 'pavan.b@lntinfotech.com', 'pavan'),
	('PavanKumar.Kodathala@lntinfotech.com', 'PavanKumar', 'Welcome@123'),
	('PlatoAssignmentUser@gmail.com', 'PlatoAssignmentUser', 'Password'),
	('Prashant.Ojha@lntinfotech.com', 'Prashant Ojha', 'Welcome@123'),
	('Preetismita.Panigrahi@lntinfotech.com', 'PreetiP', 'Welcome@123'),
	('Priyanka.Martha@lntinfotech.com', 'Priyanka Martha', 'Welcome@123'),
	('Raghavendra.havin@gmail.com', 'RaghuHavin', 'Welcome@123'),
	('Raghavendra.Havin@lntinfotech.com', 'Raghavendra', 'Welcome@123'),
	('rajes1h.bhardwaj@lntinfotech.com', 'Rajesh', 'rajesh'),
	('rajesh.bhardwaj@lntinfotech.com', 'Rajesh', 'rajesh'),
	('rajesh.lntinfotech.com', 'rajesh', 'rajesh'),
	('Real@gmail', 'banner', 'banner'),
	('richa1.sihna@lntinfotech.com', 'Richa', 'Welcoma@123'),
	('Richa1.Sinha@lntinfotech.com', 'Richa Sinha', 'Welcome@123'),
	('rohit.chaudhari@lntinfotech.com', 'Rohit', 'welcome'),
	('Rupali.Chowdhury@lntinfotech.com', 'Rupali Chowdhury', 'Welcome@123'),
	('Sachchidanand.Bhagat@lntinfotech.com', 'Sachchidanand Bhagat', 'Welcome@123'),
	('sachins.jain@lntinfotech.com', 'Sachin', 'sachin'),
	('sai.sivasailem@lntinfotech.com', 'Sai', 'Newuser@123'),
	('sample', 'sampleuser', 'sample'),
	('sampler34', 'harsh34323', '23432423423'),
	('Sasmita.Pradhan@lntinfotech.com', 'sasmita', 'Welcome@123'),
	('Satyanarayanan.Venu@lntinfotech.com', 'Satyanarayana Venu', 'Welcome@123'),
	('shru@gmail.com', 'shru', '789'),
	('Shruthi.V@lntinfotech.com', 'Shruthi V', 'Welcome@123'),
	('Siarab@gmail.com', 'Siyara B', 'Password'),
	('Siyara.Babu@lntinfotech.com', 'Siyara Babu', 'Welcome@123'),
	('Sougata.maitra@lntinfotech.com', 'Sougata', 'Newuser123'),
	('Tamaghna.Bhattacharya@lntinfotech.com', 'Tamaghna Bhattacharya', 'Welcome@123'),
	('tamaghna.bhattacharya@plato.com', 'Tamaghna Bhattacharya', 'dodo21.1990'),
	('teja@gmail.com', 'teja', '123'),
	('tejasw@gmail.com', 'tejasw', '1234567'),
	('Tejaswini.CM@lntinfotech.com', 'Tejaswini CM', 'Welcome@123'),
	('tom.williams@lntinfotech.com', 'tom williams', 'tom@1234'),
	('tony@mail', 'tony', 'tony'),
	('user1@user1.com', 'user1', 'pass'),
	('user@lnt', 'user_1', 'user_`'),
	('user@lntinfotech.com', 'Stark', 'user'),
	('Vidya.Shedge@lntinfotech.com', 'Vidya', 'NewJCIuser@123'),
	('vidya@lntinfotech.com', 'abcs', 'abcs'),
	('YogeshKumar.Bathri@lntinfotech.com', 'Yogesh Kumar Bathri', 'Welcome@123');
/*!40000 ALTER TABLE `user_master` ENABLE KEYS */;


-- Dumping structure for table plato_db.user_project_mapping
CREATE TABLE IF NOT EXISTS `user_project_mapping` (
  `id` int(10) NOT NULL AUTO_INCREMENT,
  `project_id` int(10) DEFAULT NULL,
  `user_id` varchar(200) DEFAULT NULL,
  `role_id` int(10) DEFAULT NULL,
  `default_project` varchar(10) DEFAULT NULL,
  `account_id` int(10) DEFAULT NULL,
  `portfolio_id` int(10) DEFAULT NULL,
  PRIMARY KEY (`id`),
  UNIQUE KEY `user_project_mapping_unique_index` (`project_id`,`user_id`,`role_id`),
  KEY `role_id_fk` (`role_id`),
  KEY `user_id_fk` (`user_id`),
  KEY `account_id_fk_1` (`account_id`),
  KEY `portfolio_id_fk` (`portfolio_id`),
  CONSTRAINT `account_id_fk_1` FOREIGN KEY (`account_id`) REFERENCES `account_master` (`account_id`),
  CONSTRAINT `portfolio_id_fk` FOREIGN KEY (`portfolio_id`) REFERENCES `portfolio_master` (`portfolio_id`),
  CONSTRAINT `project_id_fk` FOREIGN KEY (`project_id`) REFERENCES `project_master` (`project_id`),
  CONSTRAINT `role_id_fk` FOREIGN KEY (`role_id`) REFERENCES `role_master` (`role_id`),
  CONSTRAINT `user_id_fk` FOREIGN KEY (`user_id`) REFERENCES `user_master` (`user_id`)
) ENGINE=InnoDB AUTO_INCREMENT=971 DEFAULT CHARSET=utf8 COMMENT='mapping of user and project';

-- Dumping data for table plato_db.user_project_mapping: ~130 rows (approximately)
DELETE FROM `user_project_mapping`;
/*!40000 ALTER TABLE `user_project_mapping` DISABLE KEYS */;
INSERT INTO `user_project_mapping` (`id`, `project_id`, `user_id`, `role_id`, `default_project`, `account_id`, `portfolio_id`) VALUES
	(149, 26, 'Sougata.maitra@lntinfotech.com', 6, 'N', 27, 29),
	(150, 27, 'Sougata.maitra@lntinfotech.com', 6, 'N', 27, 29),
	(151, 28, 'Sougata.maitra@lntinfotech.com', 6, 'Y', 28, 29),
	(152, 29, 'Sougata.maitra@lntinfotech.com', 6, 'N', 29, 29),
	(252, 31, 'rohit.chaudhari@lntinfotech.com', 22, 'N', 1, 5),
	(253, 31, 'rohit.chaudhari@lntinfotech.com', 17, 'N', 1, 5),
	(287, 6, 'sachins.jain@lntinfotech.com', 22, 'N', 1, 5),
	(288, 6, 'sachins.jain@lntinfotech.com', 21, 'N', 1, 5),
	(289, 6, 'sachins.jain@lntinfotech.com', 17, 'N', 1, 5),
	(308, 1, 'sachins.jain@lntinfotech.com', 3, 'N', 1, 5),
	(341, 28, 'Sougata.maitra@lntinfotech.com', 17, 'Y', 28, 29),
	(343, 26, 'Sougata.maitra@lntinfotech.com', 22, 'N', 27, 29),
	(344, 26, 'Sougata.maitra@lntinfotech.com', 17, 'N', 27, 29),
	(385, 72, 'mohammad.sohail@lntinfotech.com', 6, 'N', 41, 32),
	(398, 76, 'aarya.karambelkar@lntinfotech.com', 6, 'N', 45, 32),
	(486, 276, 'rajesh.bhardwaj@lntinfotech.com', 17, 'Y', 266, 113),
	(487, 276, 'rajesh.bhardwaj@lntinfotech.com', 21, 'Y', 266, 113),
	(498, 29, 'aarya.karambelkar@lntinfotech.com', 6, 'N', 29, 29),
	(502, 72, 'vidya@lntinfotech.com', 22, 'N', 41, 32),
	(517, 278, 'aarya.karambelkar@lntinfotech.com', 22, 'N', 269, 116),
	(540, 29, 'navneet.kumar2@lntinfotech.com', 22, 'N', 29, 29),
	(541, 29, 'navneet.kumar2@lntinfotech.com', 17, 'N', 29, 29),
	(542, 29, 'navneet.kumar2@lntinfotech.com', 33, 'N', 29, 29),
	(543, 278, 'navneet.kumar2@lntinfotech.com', 22, 'Y', 269, 116),
	(544, 278, 'navneet.kumar2@lntinfotech.com', 17, 'Y', 269, 116),
	(545, 278, 'navneet.kumar2@lntinfotech.com', 33, 'Y', 269, 116),
	(546, 279, 'Mukesh.Goswami@lntinfotech.com ', 6, 'Y', 276, 119),
	(547, 280, 'aarya.karambelkar@lntinfotech.com', 22, 'N', 277, 120),
	(548, 281, 'aarya.karambelkar@lntinfotech.com', 22, 'N', 278, 121),
	(552, 283, 'pavan.b@lntinfotech.com', 6, 'Y', 280, 124),
	(553, 283, 'pavan.b@lntinfotech.com', 22, 'Y', 280, 124),
	(554, 284, 'mohammad.sohail@lntinfotech.com', 22, 'Y', 281, 125),
	(575, 282, 'aarya.karambelkar@lntinfotech.com', 22, 'N', 279, 123),
	(576, 282, 'aarya.karambelkar@lntinfotech.com', 17, 'N', 279, 123),
	(578, 72, 'aarya.karambelkar@lntinfotech.com', 22, 'N', 41, 32),
	(579, 72, 'aarya.karambelkar@lntinfotech.com', 17, 'N', 41, 32),
	(580, 72, 'aarya.karambelkar@lntinfotech.com', 6, 'N', 41, 32),
	(581, 72, 'aarya.karambelkar@lntinfotech.com', 21, 'N', 41, 32),
	(718, 293, 'KALATTURU.UDAY@lntinfotech.com', 22, 'Y', 283, 128),
	(719, 293, 'PavanKumar.Kodathala@lntinfotech.com', 22, 'Y', 283, 128),
	(721, 293, 'Shruthi.V@lntinfotech.com', 22, 'Y', 283, 128),
	(723, 293, 'YogeshKumar.Bathri@lntinfotech.com', 22, 'Y', 283, 128),
	(724, 293, 'navya.jain@lntinfotech.com', 22, 'Y', 283, 128),
	(727, 293, 'Bhabatosh.Moharana@lntinfotech.com', 22, 'Y', 283, 128),
	(729, 293, 'Prashant.Ojha@lntinfotech.com', 22, 'Y', 283, 128),
	(730, 293, 'Siyara.Babu@lntinfotech.com', 22, 'Y', 283, 128),
	(732, 293, 'Amrita.Priti@lntinfotech.com', 22, 'Y', 283, 128),
	(733, 293, 'Ankur.Nagaich@lntinfotech.com', 22, 'Y', 283, 128),
	(734, 293, 'Sasmita.Pradhan@lntinfotech.com', 22, 'Y', 283, 128),
	(735, 293, 'Bimalendu.Lenka@lntinfotech.com', 22, 'Y', 283, 128),
	(736, 293, 'Preetismita.Panigrahi@lntinfotech.com', 22, 'Y', 283, 128),
	(737, 293, 'Archana.Nayak@lntinfotech.com', 22, 'Y', 283, 128),
	(738, 293, 'nidhi.kashyap@lntinfotech.com', 22, 'Y', 283, 128),
	(739, 293, 'Tamaghna.Bhattacharya@lntinfotech.com', 22, 'N', 283, 128),
	(740, 293, 'NIMIT.PATEL@lntinfotech.com', 22, 'Y', 283, 128),
	(741, 293, 'Het.Veera@lntinfotech.com', 22, 'Y', 283, 128),
	(742, 293, 'Divakara.SC@lntinfotech.com', 22, 'Y', 283, 128),
	(743, 293, 'Guggilam.NarendraBabu@lntinfotech.com', 22, 'Y', 283, 128),
	(744, 293, 'Priyanka.Martha@lntinfotech.com', 22, 'Y', 283, 128),
	(745, 293, 'Kavyashree.S@lntinfotech.com', 22, 'Y', 283, 128),
	(746, 293, 'Tejaswini.CM@lntinfotech.com', 22, 'Y', 283, 128),
	(747, 293, 'Raghavendra.Havin@lntinfotech.com', 22, 'Y', 283, 128),
	(749, 293, 'Richa1.Sinha@lntinfotech.com', 22, 'Y', 283, 128),
	(753, 293, 'Sachchidanand.Bhagat@lntinfotech.com', 22, 'Y', 283, 128),
	(754, 293, 'Manjunath.Rabagal@lntinfotech.com', 22, 'Y', 283, 128),
	(765, 293, 'Satyanarayanan.Venu@lntinfotech.com', 22, 'Y', 283, 128),
	(766, 293, 'Chandrakala.Kummari@lntinfotech.com', 22, 'Y', 283, 128),
	(803, 307, 'teja@gmail.com', 22, 'Y', 296, 140),
	(804, 307, 'teja@gmail.com', 21, 'Y', 296, 140),
	(816, 314, 'shru@gmail.com', 22, 'Y', 302, 145),
	(817, 314, 'shru@gmail.com', 118, 'Y', 302, 145),
	(818, 314, 'shru@gmail.com', 17, 'Y', 302, 145),
	(819, 314, 'shru@gmail.com', 137, 'Y', 302, 145),
	(820, 315, 'mounika.peddireddy@lntinfotech.com', 22, 'Y', 303, 146),
	(822, 315, 'mounika.peddireddy@lntinfotech.com', 3, 'Y', 303, 146),
	(831, 320, 'Bhagyashree.Swain@lntinfotech.com', 22, 'N', 314, 152),
	(832, 320, 'Bhagyashree.Swain@lntinfotech.com', 118, 'N', 314, 152),
	(833, 322, 'Shruthi.V@lntinfotech.com', 22, 'N', 316, 154),
	(834, 322, 'Shruthi.V@lntinfotech.com', 118, 'N', 316, 154),
	(835, 322, 'Shruthi.V@lntinfotech.com', 17, 'N', 316, 154),
	(838, 293, 'Bhagyashree.Swain@lntinfotech.com', 22, 'Y', 283, 128),
	(842, 293, 'Bhagyashree.Swain@lntinfotech.com', 131, 'Y', 283, 128),
	(848, 293, 'Bhagyashree.Swain@lntinfotech.com', 118, 'Y', 283, 128),
	(850, 293, 'Bhagyashree.Swain@lntinfotech.com', 17, 'Y', 283, 128),
	(851, 293, 'Bhagyashree.Swain@lntinfotech.com', 36, 'Y', 283, 128),
	(860, 293, 'Chinmaya.jena@lntinfotech.com', 22, 'Y', 283, 128),
	(873, 332, 'Tamaghna.Bhattacharya@lntinfotech.com', 22, 'Y', 336, 162),
	(879, 317, 'tejasw@gmail.com', 22, 'Y', 311, 149),
	(888, 355, 'aarya.karambelkar@lntinfotech.com', 22, 'N', 355, 121),
	(890, 357, 'govindram@lntinfotech.com', 22, 'Y', 357, 188),
	(891, 357, 'aarya.karambelkar@lntinfotech.com', 22, 'N', 357, 188),
	(892, 357, 'sai.sivasailem@lntinfotech.com', 22, 'N', 357, 188),
	(893, 282, 'sai.sivasailem@lntinfotech.com', 22, 'Y', 279, 123),
	(899, 358, 'aarya.karambelkar@lntinfotech.com', 22, 'Y', 358, 190),
	(901, 358, 'user@lntinfotech.com', 36, 'Y', 358, 190),
	(903, 361, 'aarya.karambelkar@lntinfotech.com', 22, 'N', 357, 188),
	(906, 279, 'aarya.karambelkar@lntinfotech.com', 131, 'N', 276, 119),
	(907, 279, 'aarya.karambelkar@lntinfotech.com', 22, 'N', 276, 119),
	(909, 26, 'Rupali.Chowdhury@lntinfotech.com', 22, 'N', 27, 29),
	(916, 362, 'harsh', 22, 'N', 360, 193),
	(917, 362, 'harsh.mathur@lntinfotech.com', 22, 'N', 360, 193),
	(918, 358, 'harsh', 22, 'Y', 358, 190),
	(919, 357, 'harsh', 22, 'N', 357, 188),
	(922, 284, 'harsh', 36, 'N', 281, 125),
	(925, 279, 'harsh', 22, 'N', 276, 119),
	(932, 362, 'harsh', 118, 'N', 360, 193),
	(933, 361, 'harsh', 22, 'N', 357, 188),
	(940, 278, 'harsh', 131, 'N', 269, 116),
	(941, 26, 'harsh', 36, 'N', 27, 29),
	(942, 1, 'harsh', 131, 'N', 1, 5),
	(943, 1, 'harsh', 17, 'N', 1, 5),
	(944, 1, 'harsh', 117, 'N', 1, 5),
	(945, 358, 'harsh', 36, 'Y', 358, 190),
	(946, 358, 'alankrita.0607@gmail.com', 118, 'Y', 358, 190),
	(947, 358, 'alankrita.0607@gmail.com', 36, 'Y', 358, 190),
	(948, 358, 'alankrita.0607@gmail.com', 139, 'Y', 358, 190),
	(949, 362, 'harsh', 36, 'N', 360, 193),
	(950, 57, 'harsh', 17, 'N', 31, 31),
	(952, 362, 'harsh', 17, 'N', 360, 193),
	(953, 362, 'aarya.karambelkar@lntinfotech.com', 22, 'N', 360, 193),
	(955, 28, 'harsh.mathur@lntinfotech.com', 131, 'N', 28, 29),
	(956, 28, 'harsh.mathur@lntinfotech.com', 17, 'N', 28, 29),
	(957, 1, 'harsh.mathur@lntinfotech.com', 36, 'Y', 1, 5),
	(958, 1, 'harsh.mathur@lntinfotech.com', 139, 'Y', 1, 5),
	(959, 30, NULL, 131, 'Y', 31, 31),
	(960, 57, NULL, 17, 'Y', 31, 31),
	(961, 57, NULL, 131, 'Y', 31, 31),
	(962, 28, 'aarya.karambelkar@lntinfotech.com', 22, 'N', 28, 29),
	(969, 367, 'Real@gmail', 3, 'Y', 367, 215),
	(970, 358, 'jay', 22, 'Y', 358, 190);
/*!40000 ALTER TABLE `user_project_mapping` ENABLE KEYS */;
/*!40101 SET SQL_MODE=IFNULL(@OLD_SQL_MODE, '') */;
/*!40014 SET FOREIGN_KEY_CHECKS=IF(@OLD_FOREIGN_KEY_CHECKS IS NULL, 1, @OLD_FOREIGN_KEY_CHECKS) */;
/*!40101 SET CHARACTER_SET_CLIENT=@OLD_CHARACTER_SET_CLIENT */;
